filename,class,face_count,classification,confidence,bbox
Fake/001DDU0NI4.jpg,FAKE,1,ONE_FACE,0.9448,"[33,38,151,211]"
Fake/002KDWZBHU.jpg,FAKE,1,ONE_FACE,0.9374,"[36,35,156,202]"
Fake/002PMM0QG9.jpg,FAKE,1,ONE_FACE,0.9414,"[55,40,143,192]"
Fake/002TJAKUYX.jpg,FAKE,1,ONE_FACE,0.9392,"[45,45,151,193]"
Fake/003IRD4LS5.jpg,FAKE,1,ONE_FACE,0.9490,"[51,45,138,178]"
Fake/00A0WLZE5X.jpg,FAKE,1,ONE_FACE,0.9510,"[54,43,138,193]"
Fake/00AUP94LQS.jpg,FAKE,1,ONE_FACE,0.9393,"[70,45,145,206]"
Fake/00B4R41FLE.jpg,FAKE,1,ONE_FACE,0.9471,"[48,52,137,176]"
Fake/00C64W8TYZ.jpg,FAKE,1,ONE_FACE,0.9417,"[52,38,147,196]"
Fake/00CB415UQ7.jpg,FAKE,1,ONE_FACE,0.9434,"[61,44,138,185]"
Fake/00ELJIYESN.jpg,FAKE,1,ONE_FACE,0.9437,"[56,38,140,192]"
Fake/00ELSET7NI.jpg,FAKE,1,ONE_FACE,0.9255,"[41,50,141,179]"
Fake/00G7CTY1FF.jpg,FAKE,1,ONE_FACE,0.9395,"[45,46,147,184]"
Fake/00GO3W8WCY.jpg,FAKE,1,ONE_FACE,0.9444,"[64,41,143,192]"
Fake/00GYML2PNL.jpg,FAKE,1,ONE_FACE,0.9489,"[47,42,147,195]"
Fake/00HZSJQ99D.jpg,FAKE,1,ONE_FACE,0.9400,"[55,51,136,175]"
Fake/00JC8ESFO5.jpg,FAKE,1,ONE_FACE,0.9489,"[44,42,144,192]"
Fake/00M23E4K4I.jpg,FAKE,1,ONE_FACE,0.9423,"[51,46,142,188]"
Fake/00NDQUECJA.jpg,FAKE,1,ONE_FACE,0.9455,"[63,46,136,190]"
Fake/00NEVKRNFZ.jpg,FAKE,1,ONE_FACE,0.9497,"[60,44,145,190]"
Fake/00NVFY3Y64.jpg,FAKE,1,ONE_FACE,0.9507,"[50,40,144,193]"
Fake/00NZWX01HF.jpg,FAKE,1,ONE_FACE,0.9439,"[32,34,140,207]"
Fake/00ONA5N3VR.jpg,FAKE,1,ONE_FACE,0.9452,"[50,41,146,190]"
Fake/00P2LUXJW3.jpg,FAKE,1,ONE_FACE,0.9416,"[63,35,153,218]"
Fake/00PYA83V1P.jpg,FAKE,1,ONE_FACE,0.9424,"[67,35,156,206]"
Fake/00QZ9OQ733.jpg,FAKE,1,ONE_FACE,0.9480,"[55,48,141,180]"
Fake/00S2D5CDKQ.jpg,FAKE,1,ONE_FACE,0.9416,"[44,41,142,192]"
Fake/00TMYXA5DF.jpg,FAKE,1,ONE_FACE,0.9455,"[62,46,138,189]"
Fake/00TN6MYLOE.jpg,FAKE,1,ONE_FACE,0.9456,"[57,49,133,184]"
Fake/00UBMGCRGR.jpg,FAKE,1,ONE_FACE,0.9454,"[55,38,143,193]"
Fake/00V98STKS1.jpg,FAKE,1,ONE_FACE,0.9477,"[60,49,142,191]"
Fake/00XN46VW5G.jpg,FAKE,1,ONE_FACE,0.9554,"[60,52,140,188]"
Fake/00Y1BXXWM2.jpg,FAKE,1,ONE_FACE,0.9551,"[60,47,134,191]"
Fake/01A68PBQYP.jpg,FAKE,1,ONE_FACE,0.9280,"[57,59,139,172]"
Fake/01APKJ1WLK.jpg,FAKE,1,ONE_FACE,0.9455,"[68,39,147,210]"
Fake/01AV0VOUAX.jpg,FAKE,1,ONE_FACE,0.9400,"[77,43,153,197]"
Fake/01CSPULCOW.jpg,FAKE,1,ONE_FACE,0.9476,"[60,44,134,196]"
Fake/01H47SC7ON.jpg,FAKE,1,ONE_FACE,0.9396,"[57,56,143,176]"
Fake/01HUIAWIOM.jpg,FAKE,1,ONE_FACE,0.9350,"[47,41,139,186]"
Fake/01HYNP6M67.jpg,FAKE,2,MULTIPLE_FACES,"[0.9416, 0.6453]","[[47, 41, 144, 197], [207, 124, 37, 60]]"
Fake/01I9EL2G0I.jpg,FAKE,1,ONE_FACE,0.9520,"[57,47,138,188]"
Fake/01IIBDIPSS.jpg,FAKE,1,ONE_FACE,0.9435,"[51,39,140,194]"
Fake/01JB1ZI4VZ.jpg,FAKE,1,ONE_FACE,0.9406,"[53,39,144,186]"
Fake/01L86ORZ10.jpg,FAKE,1,ONE_FACE,0.9414,"[62,54,128,178]"
Fake/01N5I6ZKOH.jpg,FAKE,1,ONE_FACE,0.9487,"[62,42,144,202]"
Fake/01PC1U2LDY.jpg,FAKE,1,ONE_FACE,0.9402,"[59,49,131,190]"
Fake/01PGW4LBRJ.jpg,FAKE,1,ONE_FACE,0.9347,"[57,42,141,187]"
Fake/01Q46DK7EP.jpg,FAKE,1,ONE_FACE,0.9432,"[26,40,141,197]"
Fake/01Q4I7HMNL.jpg,FAKE,1,ONE_FACE,0.9320,"[32,35,162,196]"
Fake/01R3N4195O.jpg,FAKE,1,ONE_FACE,0.9358,"[45,54,143,191]"
Fake/01RNCNP0M5.jpg,FAKE,1,ONE_FACE,0.9474,"[48,44,141,198]"
Fake/01THSKAAU5.jpg,FAKE,1,ONE_FACE,0.9414,"[57,49,141,181]"
Fake/01TLT6JPSK.jpg,FAKE,1,ONE_FACE,0.9426,"[58,38,148,205]"
Fake/01TQHXIHET.jpg,FAKE,1,ONE_FACE,0.9495,"[68,45,151,194]"
Fake/01TTMTHTCW.jpg,FAKE,1,ONE_FACE,0.9544,"[70,39,159,203]"
Fake/01UROTRG1Y.jpg,FAKE,1,ONE_FACE,0.9435,"[44,37,142,192]"
Fake/01V3KXRA0T.jpg,FAKE,1,ONE_FACE,0.9424,"[62,41,150,190]"
Fake/01VV22XXKG.jpg,FAKE,1,ONE_FACE,0.9409,"[57,52,144,192]"
Fake/01WIL4POL6.jpg,FAKE,1,ONE_FACE,0.9427,"[57,40,146,198]"
Fake/01XW0BTXRK.jpg,FAKE,1,ONE_FACE,0.9410,"[54,48,142,171]"
Fake/01Y75WNW8X.jpg,FAKE,1,ONE_FACE,0.9241,"[72,53,130,163]"
Fake/01YB647TLZ.jpg,FAKE,1,ONE_FACE,0.9473,"[57,41,144,191]"
Fake/01Z8WD996A.jpg,FAKE,1,ONE_FACE,0.9486,"[53,49,143,188]"
Fake/02D9DUVM04.jpg,FAKE,1,ONE_FACE,0.9415,"[61,55,132,179]"
Fake/02DSE5U804.jpg,FAKE,2,MULTIPLE_FACES,"[0.9448, 0.7656]","[[51, 45, 143, 175], [227, 33, 27, 43]]"
Fake/02FLCBDAGA.jpg,FAKE,1,ONE_FACE,0.9415,"[55,41,140,200]"
Fake/02FQA8738W.jpg,FAKE,1,ONE_FACE,0.9416,"[64,45,140,193]"
Fake/02GWGTZU59.jpg,FAKE,1,ONE_FACE,0.9469,"[58,48,145,191]"
Fake/02I7PF4RBV.jpg,FAKE,1,ONE_FACE,0.9407,"[50,45,137,190]"
Fake/02IFZQLKLG.jpg,FAKE,1,ONE_FACE,0.9420,"[51,41,143,191]"
Fake/02IGXFVRAQ.jpg,FAKE,1,ONE_FACE,0.9474,"[52,37,145,208]"
Fake/02JEFNOGD4.jpg,FAKE,1,ONE_FACE,0.9358,"[56,39,138,188]"
Fake/02K1YOKFOA.jpg,FAKE,1,ONE_FACE,0.9495,"[60,56,135,174]"
Fake/02K36SIMUI.jpg,FAKE,1,ONE_FACE,0.9445,"[71,30,176,234]"
Fake/02KUD3O15K.jpg,FAKE,1,ONE_FACE,0.9264,"[64,52,141,168]"
Fake/02P5FJ8I1D.jpg,FAKE,1,ONE_FACE,0.9396,"[54,42,139,196]"
Fake/02Q9VQSTFT.jpg,FAKE,1,ONE_FACE,0.9471,"[44,39,149,205]"
Fake/02QR3HTRQJ.jpg,FAKE,1,ONE_FACE,0.9501,"[49,46,142,193]"
Fake/02S93BS396.jpg,FAKE,1,ONE_FACE,0.9441,"[63,44,137,194]"
Fake/02S9HYYXM0.jpg,FAKE,1,ONE_FACE,0.9398,"[59,62,128,157]"
Fake/02SGKRWC2M.jpg,FAKE,1,ONE_FACE,0.9446,"[58,45,137,194]"
Fake/02SHH5LT0P.jpg,FAKE,1,ONE_FACE,0.9432,"[56,54,138,176]"
Fake/02UU4XQZQ3.jpg,FAKE,1,ONE_FACE,0.9442,"[61,45,147,193]"
Fake/02VVQ8EUPO.jpg,FAKE,1,ONE_FACE,0.9443,"[68,39,158,213]"
Fake/02W237BTME.jpg,FAKE,1,ONE_FACE,0.9471,"[52,42,144,192]"
Fake/02W69XBIS3.jpg,FAKE,1,ONE_FACE,0.9415,"[64,50,132,181]"
Fake/02W7568NA2.jpg,FAKE,1,ONE_FACE,0.9460,"[69,43,149,200]"
Fake/02X1Y827VY.jpg,FAKE,1,ONE_FACE,0.9453,"[60,39,150,200]"
Fake/02X326TGHN.jpg,FAKE,1,ONE_FACE,0.9387,"[64,50,129,173]"
Fake/02XOZ8D2GM.jpg,FAKE,1,ONE_FACE,0.9445,"[70,50,137,183]"
Fake/02YB6ET13V.jpg,FAKE,1,ONE_FACE,0.9458,"[60,46,120,185]"
Fake/02ZD3DCZUO.jpg,FAKE,1,ONE_FACE,0.9402,"[42,42,146,199]"
Fake/03B31BUXHR.jpg,FAKE,1,ONE_FACE,0.9353,"[45,42,142,184]"
Fake/03CRFQ82RO.jpg,FAKE,1,ONE_FACE,0.9372,"[66,29,168,228]"
Fake/03DKOSNW8S.jpg,FAKE,1,ONE_FACE,0.9501,"[56,46,140,182]"
Fake/03EDDIK6UX.jpg,FAKE,1,ONE_FACE,0.9346,"[58,41,138,191]"
Fake/03EG3IN9KA.jpg,FAKE,1,ONE_FACE,0.9470,"[53,40,145,193]"
Fake/03EZPUXP7Y.jpg,FAKE,1,ONE_FACE,0.9476,"[57,60,138,170]"
Fake/03FJQY19LW.jpg,FAKE,1,ONE_FACE,0.9461,"[33,38,152,210]"
Fake/03HFJLWDFM.jpg,FAKE,1,ONE_FACE,0.9508,"[60,46,139,183]"
Fake/03ICKBS17S.jpg,FAKE,1,ONE_FACE,0.9410,"[55,50,143,176]"
Fake/03IXLO9KW2.jpg,FAKE,1,ONE_FACE,0.9462,"[66,45,147,193]"
Fake/0A05HOR94C.jpg,FAKE,1,ONE_FACE,0.9430,"[29,36,155,221]"
Fake/0A0IAK9X2W.jpg,FAKE,1,ONE_FACE,0.9452,"[43,40,150,197]"
Fake/0A2773S7ZX.jpg,FAKE,1,ONE_FACE,0.9386,"[43,37,138,196]"
Fake/0A32S7HAA9.jpg,FAKE,1,ONE_FACE,0.9414,"[54,46,145,189]"
Fake/0A4922JAK9.jpg,FAKE,1,ONE_FACE,0.9375,"[58,35,142,202]"
Fake/0A52ADV5M5.jpg,FAKE,1,ONE_FACE,0.9452,"[50,42,142,190]"
Fake/0A53VI57MP.jpg,FAKE,1,ONE_FACE,0.9489,"[50,38,150,208]"
Fake/0A5HZJG7ZQ.jpg,FAKE,1,ONE_FACE,0.9436,"[57,52,136,177]"
Fake/0A7043GFJA.jpg,FAKE,1,ONE_FACE,0.9407,"[54,42,143,193]"
Fake/0A93USXUHR.jpg,FAKE,1,ONE_FACE,0.9350,"[62,53,134,170]"
Fake/0AA5DLE3RL.jpg,FAKE,1,ONE_FACE,0.9353,"[76,56,150,188]"
Fake/0AAL138YM3.jpg,FAKE,1,ONE_FACE,0.9409,"[53,41,139,201]"
Fake/0AAY6DBXJA.jpg,FAKE,1,ONE_FACE,0.9519,"[56,43,141,195]"
Fake/0AAZGFNCB1.jpg,FAKE,1,ONE_FACE,0.9453,"[61,51,132,176]"
Fake/0AC8YPJO06.jpg,FAKE,1,ONE_FACE,0.9441,"[77,34,146,210]"
Fake/0AFCORCTG3.jpg,FAKE,1,ONE_FACE,0.9474,"[60,54,132,181]"
Fake/0AFDSP8FHN.jpg,FAKE,1,ONE_FACE,0.9498,"[62,55,132,177]"
Fake/0AFMUQURL6.jpg,FAKE,1,ONE_FACE,0.9391,"[61,41,144,190]"
Fake/0AHL98NI7Q.jpg,FAKE,1,ONE_FACE,0.9475,"[57,41,157,210]"
Fake/0AIBUENHZT.jpg,FAKE,1,ONE_FACE,0.9401,"[53,64,133,168]"
Fake/0AIFZB4IE6.jpg,FAKE,1,ONE_FACE,0.9493,"[58,35,148,209]"
Fake/0AJ9686EX0.jpg,FAKE,1,ONE_FACE,0.9515,"[56,44,143,199]"
Fake/0AJ9SDYUL5.jpg,FAKE,1,ONE_FACE,0.9482,"[53,57,141,176]"
Fake/0AKOB1K3ZH.jpg,FAKE,1,ONE_FACE,0.9499,"[43,39,149,201]"
Fake/0AMO1SB5CD.jpg,FAKE,1,ONE_FACE,0.9505,"[56,52,140,179]"
Fake/0ANYC3AEN8.jpg,FAKE,1,ONE_FACE,0.9488,"[38,38,154,201]"
Fake/0AOS90ACZ0.jpg,FAKE,1,ONE_FACE,0.9390,"[66,52,160,197]"
Fake/0AQEIBRSIT.jpg,FAKE,1,ONE_FACE,0.9483,"[64,37,139,192]"
Fake/0AQEWAAR2I.jpg,FAKE,1,ONE_FACE,0.9415,"[37,42,132,194]"
Fake/0AREP3D2QH.jpg,FAKE,1,ONE_FACE,0.9422,"[53,47,149,198]"
Fake/0ARLZFGN0B.jpg,FAKE,1,ONE_FACE,0.9380,"[53,41,147,198]"
Fake/0AS16QER71.jpg,FAKE,1,ONE_FACE,0.9434,"[62,52,134,183]"
Fake/0AVBZYCGE9.jpg,FAKE,1,ONE_FACE,0.9383,"[54,41,131,175]"
Fake/0AWDJI25RA.jpg,FAKE,1,ONE_FACE,0.9470,"[56,47,140,184]"
Fake/0AX7T4WQ9M.jpg,FAKE,1,ONE_FACE,0.9421,"[61,43,145,195]"
Fake/0AXHHERY5S.jpg,FAKE,1,ONE_FACE,0.9465,"[55,45,140,183]"
Fake/0AXST11X3J.jpg,FAKE,1,ONE_FACE,0.9414,"[58,54,159,196]"
Fake/0AY05JO3BI.jpg,FAKE,1,ONE_FACE,0.9421,"[54,42,141,194]"
Fake/0AZIV8J8A7.jpg,FAKE,1,ONE_FACE,0.9409,"[48,45,145,192]"
Fake/0B1802D9EH.jpg,FAKE,1,ONE_FACE,0.9525,"[63,54,138,175]"
Fake/0B66QSA6YR.jpg,FAKE,2,MULTIPLE_FACES,"[0.9432, 0.7105]","[[55, 43, 136, 191], [204, 140, 51, 69]]"
Fake/0B85575QHS.jpg,FAKE,1,ONE_FACE,0.9405,"[68,43,150,187]"
Fake/0B8BMXPG7V.jpg,FAKE,1,ONE_FACE,0.9475,"[57,44,139,172]"
Fake/0B925CPFSK.jpg,FAKE,1,ONE_FACE,0.9426,"[61,56,141,182]"
Fake/0B96Q8K85K.jpg,FAKE,1,ONE_FACE,0.9472,"[58,53,132,183]"
Fake/0B9YONMNWF.jpg,FAKE,1,ONE_FACE,0.9446,"[59,39,138,194]"
Fake/0BBNVDM688.jpg,FAKE,1,ONE_FACE,0.9350,"[48,49,144,187]"
Fake/0BCKW9HHGW.jpg,FAKE,1,ONE_FACE,0.9502,"[56,44,141,196]"
Fake/0BEBER16RE.jpg,FAKE,1,ONE_FACE,0.9477,"[59,50,138,180]"
Fake/0BFVQQQ51P.jpg,FAKE,1,ONE_FACE,0.9402,"[68,59,149,178]"
Fake/0BFZQAAPBD.jpg,FAKE,1,ONE_FACE,0.9505,"[40,46,139,193]"
Fake/0BG4W9NXU9.jpg,FAKE,1,ONE_FACE,0.9410,"[63,51,149,194]"
Fake/0BH0TO9YB5.jpg,FAKE,1,ONE_FACE,0.9467,"[54,43,140,189]"
Fake/0BHIMIZX4U.jpg,FAKE,1,ONE_FACE,0.9443,"[52,37,142,195]"
Fake/0BHK2123UZ.jpg,FAKE,1,ONE_FACE,0.9398,"[54,34,147,200]"
Fake/0BKH1938PP.jpg,FAKE,1,ONE_FACE,0.9453,"[47,63,147,173]"
Fake/0BOO1N5J6H.jpg,FAKE,1,ONE_FACE,0.9430,"[33,45,136,192]"
Fake/0BPR4R4EJX.jpg,FAKE,1,ONE_FACE,0.9535,"[59,51,137,179]"
Fake/0BS5GRC7YP.jpg,FAKE,1,ONE_FACE,0.9453,"[60,41,137,198]"
Fake/0BSFFR245H.jpg,FAKE,1,ONE_FACE,0.9537,"[52,49,142,186]"
Fake/0BTVA9DLZW.jpg,FAKE,1,ONE_FACE,0.9405,"[47,50,141,189]"
Fake/0BTVPLZNO1.jpg,FAKE,1,ONE_FACE,0.9446,"[61,45,137,186]"
Fake/0BU88UYAYD.jpg,FAKE,1,ONE_FACE,0.9472,"[66,42,145,201]"
Fake/0BVG7OGOU9.jpg,FAKE,1,ONE_FACE,0.9448,"[57,54,146,189]"
Fake/0BVTTQU8U9.jpg,FAKE,1,ONE_FACE,0.9432,"[59,48,148,193]"
Fake/0BW2JN75OL.jpg,FAKE,1,ONE_FACE,0.9418,"[49,39,143,194]"
Fake/0BX608170T.jpg,FAKE,1,ONE_FACE,0.9507,"[72,51,135,186]"
Fake/0BXOZPH1HD.jpg,FAKE,1,ONE_FACE,0.9431,"[44,44,130,187]"
Fake/0BXS0ZY2C9.jpg,FAKE,1,ONE_FACE,0.9486,"[56,42,136,200]"
Fake/0BYC8MNJMK.jpg,FAKE,1,ONE_FACE,0.9480,"[30,43,154,206]"
Fake/0BYQ5WPUVE.jpg,FAKE,1,ONE_FACE,0.9407,"[52,50,139,180]"
Fake/0BYS14GRLS.jpg,FAKE,1,ONE_FACE,0.9458,"[57,40,145,197]"
Fake/0BZFG3A4JT.jpg,FAKE,1,ONE_FACE,0.9455,"[67,34,154,209]"
Fake/0BZOEP0EQ4.jpg,FAKE,1,ONE_FACE,0.9446,"[62,57,133,183]"
Fake/0C29CWQLYK.jpg,FAKE,1,ONE_FACE,0.9490,"[55,49,140,180]"
Fake/0C2FYSHQ8D.jpg,FAKE,1,ONE_FACE,0.9484,"[56,46,146,189]"
Fake/0C3AJFR5TY.jpg,FAKE,1,ONE_FACE,0.9379,"[51,36,142,197]"
Fake/0C3B3TQEHB.jpg,FAKE,1,ONE_FACE,0.9483,"[51,53,135,169]"
Fake/0C3C6RIWZD.jpg,FAKE,1,ONE_FACE,0.9343,"[67,55,141,184]"
Fake/0C3SNOUVEY.jpg,FAKE,1,ONE_FACE,0.9429,"[57,47,145,186]"
Fake/0C5A51CXL0.jpg,FAKE,1,ONE_FACE,0.9383,"[65,47,126,187]"
Fake/0C7W986XMK.jpg,FAKE,1,ONE_FACE,0.9501,"[57,42,140,189]"
Fake/0C824V7N5P.jpg,FAKE,1,ONE_FACE,0.9445,"[56,43,139,194]"
Fake/0CB6E4OI93.jpg,FAKE,1,ONE_FACE,0.9498,"[49,40,146,197]"
Fake/0CDQDKB3JQ.jpg,FAKE,1,ONE_FACE,0.9471,"[60,49,154,197]"
Fake/0CE0OS4PI6.jpg,FAKE,1,ONE_FACE,0.9528,"[48,42,145,195]"
Fake/0CHU0FP0PG.jpg,FAKE,1,ONE_FACE,0.9457,"[48,46,144,185]"
Fake/0CIKZJEH91.jpg,FAKE,1,ONE_FACE,0.9492,"[52,39,154,203]"
Fake/0CJ704HU19.jpg,FAKE,1,ONE_FACE,0.9369,"[75,58,135,177]"
Fake/0CJH5AQM85.jpg,FAKE,1,ONE_FACE,0.9439,"[54,29,154,211]"
Fake/0CKZK5GAZP.jpg,FAKE,1,ONE_FACE,0.9505,"[52,41,149,205]"
Fake/0CLHBGQOUJ.jpg,FAKE,1,ONE_FACE,0.9275,"[29,42,150,195]"
Fake/0CLS0RA63Q.jpg,FAKE,1,ONE_FACE,0.9463,"[69,55,134,172]"
Fake/0CN7KEBADP.jpg,FAKE,1,ONE_FACE,0.9456,"[66,43,146,196]"
Fake/0COCG9Y2SN.jpg,FAKE,1,ONE_FACE,0.9398,"[49,32,145,200]"
Fake/0COE5CLLO2.jpg,FAKE,1,ONE_FACE,0.9399,"[82,32,153,205]"
Fake/0COFLO6JGI.jpg,FAKE,1,ONE_FACE,0.9430,"[60,44,140,196]"
Fake/0CONDHNPKL.jpg,FAKE,1,ONE_FACE,0.9400,"[57,45,141,189]"
Fake/0CR79BUZ0I.jpg,FAKE,1,ONE_FACE,0.9447,"[32,40,146,212]"
Fake/0CV4U0KD5Y.jpg,FAKE,1,ONE_FACE,0.9483,"[57,47,145,194]"
Fake/0CXDXRJCIA.jpg,FAKE,1,ONE_FACE,0.9461,"[28,36,155,208]"
Fake/0CXIVB130J.jpg,FAKE,1,ONE_FACE,0.9456,"[49,51,148,187]"
Fake/0CXPU0YB31.jpg,FAKE,1,ONE_FACE,0.9367,"[66,41,145,199]"
Fake/0CYNQL9UNT.jpg,FAKE,1,ONE_FACE,0.9414,"[42,57,156,191]"
Fake/0CZI4QDFBQ.jpg,FAKE,1,ONE_FACE,0.9502,"[56,44,140,190]"
Fake/0CZO6195T0.jpg,FAKE,1,ONE_FACE,0.9407,"[50,41,143,189]"
Fake/0D049SVO1T.jpg,FAKE,1,ONE_FACE,0.9497,"[59,39,145,194]"
Fake/0D1JDU34O9.jpg,FAKE,1,ONE_FACE,0.9407,"[55,57,132,174]"
Fake/0D2S9YU1BH.jpg,FAKE,1,ONE_FACE,0.9487,"[47,41,144,194]"
Fake/0D3ZRI5TLI.jpg,FAKE,1,ONE_FACE,0.9356,"[62,49,143,194]"
Fake/0D45RBZUSH.jpg,FAKE,1,ONE_FACE,0.9543,"[63,57,127,178]"
Fake/0D4J18159R.jpg,FAKE,1,ONE_FACE,0.9435,"[52,47,141,190]"
Fake/0D5V2GONVN.jpg,FAKE,1,ONE_FACE,0.9374,"[62,46,130,187]"
Fake/0D716DFTH5.jpg,FAKE,1,ONE_FACE,0.9380,"[60,36,142,190]"
Fake/0D9UTH2ZS2.jpg,FAKE,1,ONE_FACE,0.9443,"[69,44,155,198]"
Fake/0DB7DN5DIW.jpg,FAKE,1,ONE_FACE,0.9396,"[58,48,146,192]"
Fake/0DC8G4EZY8.jpg,FAKE,1,ONE_FACE,0.9475,"[68,53,151,188]"
Fake/0DC8IRIM8J.jpg,FAKE,1,ONE_FACE,0.9378,"[52,47,148,187]"
Fake/0DDNC2DMSP.jpg,FAKE,1,ONE_FACE,0.9474,"[51,43,145,180]"
Fake/0DG6WQSN05.jpg,FAKE,1,ONE_FACE,0.9503,"[61,51,138,192]"
Fake/0DH6K70J52.jpg,FAKE,1,ONE_FACE,0.9427,"[60,47,126,176]"
Fake/0DHJ28FUF5.jpg,FAKE,1,ONE_FACE,0.9444,"[53,40,146,200]"
Fake/0DI7CK4VAP.jpg,FAKE,1,ONE_FACE,0.9356,"[63,53,145,189]"
Fake/0DIV9E650A.jpg,FAKE,1,ONE_FACE,0.9402,"[61,63,129,169]"
Fake/0DK42ZGH2Q.jpg,FAKE,1,ONE_FACE,0.9402,"[70,57,151,176]"
Fake/0DKTHHA6TX.jpg,FAKE,1,ONE_FACE,0.9387,"[50,44,149,196]"
Fake/0DL4GN5H8P.jpg,FAKE,1,ONE_FACE,0.9427,"[62,38,128,189]"
Fake/0DL8HHH4MP.jpg,FAKE,1,ONE_FACE,0.9445,"[52,43,141,189]"
Fake/0DLLKB2MFG.jpg,FAKE,1,ONE_FACE,0.9457,"[51,43,145,194]"
Fake/0DMDKAKLFQ.jpg,FAKE,1,ONE_FACE,0.9507,"[37,47,138,190]"
Fake/0DO2NCO7BI.jpg,FAKE,1,ONE_FACE,0.9512,"[47,42,143,192]"
Fake/0DO6MW05N7.jpg,FAKE,1,ONE_FACE,0.9382,"[72,36,144,193]"
Fake/0DOBQG5ZTZ.jpg,FAKE,1,ONE_FACE,0.9459,"[57,62,140,172]"
Fake/0DOSS81OZ6.jpg,FAKE,1,ONE_FACE,0.9356,"[60,51,135,172]"
Fake/0DPD1305WG.jpg,FAKE,1,ONE_FACE,0.9495,"[52,50,141,184]"
Fake/0DR4G8RBXE.jpg,FAKE,1,ONE_FACE,0.9423,"[54,47,141,190]"
Fake/0DSPK83DBT.jpg,FAKE,1,ONE_FACE,0.9422,"[55,47,137,192]"
Fake/0DSRD8T7QI.jpg,FAKE,1,ONE_FACE,0.9326,"[31,53,147,194]"
Fake/0DTH93OLW7.jpg,FAKE,1,ONE_FACE,0.9415,"[61,42,146,198]"
Fake/0DU3OML9DE.jpg,FAKE,1,ONE_FACE,0.9392,"[59,45,130,183]"
Fake/0DVIW2PAW0.jpg,FAKE,1,ONE_FACE,0.9423,"[41,46,140,196]"
Fake/0DX0EDQB68.jpg,FAKE,1,ONE_FACE,0.9430,"[45,43,142,187]"
Fake/0DX2W9VBR5.jpg,FAKE,1,ONE_FACE,0.9474,"[51,38,146,197]"
Fake/0DX3Q0WDIG.jpg,FAKE,1,ONE_FACE,0.9454,"[35,39,140,196]"
Fake/0DXBAMP4TE.jpg,FAKE,1,ONE_FACE,0.9464,"[76,37,155,210]"
Fake/0DYBQPRAR7.jpg,FAKE,1,ONE_FACE,0.9457,"[59,50,140,185]"
Fake/0DYDAJ9JOH.jpg,FAKE,1,ONE_FACE,0.9324,"[42,32,147,204]"
Fake/0DZSXI3MR8.jpg,FAKE,1,ONE_FACE,0.9429,"[58,49,138,190]"
Fake/0E19MJABAJ.jpg,FAKE,1,ONE_FACE,0.9370,"[33,48,153,195]"
Fake/0E26XW80OK.jpg,FAKE,1,ONE_FACE,0.9475,"[44,43,140,193]"
Fake/0E3FZDRYBU.jpg,FAKE,1,ONE_FACE,0.9452,"[62,46,158,201]"
Fake/0E51NEIREP.jpg,FAKE,1,ONE_FACE,0.9547,"[53,39,144,196]"
Fake/0E6C4CP8X0.jpg,FAKE,1,ONE_FACE,0.9411,"[81,45,147,198]"
Fake/0E6QPLKLA2.jpg,FAKE,1,ONE_FACE,0.9403,"[57,53,132,177]"
Fake/0E6XF06SJV.jpg,FAKE,1,ONE_FACE,0.9460,"[53,38,156,210]"
Fake/0E9KSGB89L.jpg,FAKE,1,ONE_FACE,0.9482,"[62,48,141,193]"
Fake/0EC326H8K4.jpg,FAKE,1,ONE_FACE,0.9435,"[66,53,145,182]"
Fake/0ECXUU2J95.jpg,FAKE,1,ONE_FACE,0.9370,"[60,47,143,199]"
Fake/0ECY3VCSAB.jpg,FAKE,1,ONE_FACE,0.9503,"[62,49,134,184]"
Fake/0EDTPM8F66.jpg,FAKE,1,ONE_FACE,0.9305,"[64,65,142,176]"
Fake/0EEQW0CLVD.jpg,FAKE,1,ONE_FACE,0.9396,"[45,49,143,190]"
Fake/0EFL7ALEHA.jpg,FAKE,1,ONE_FACE,0.9511,"[53,40,149,196]"
Fake/0EFN5Q0FMD.jpg,FAKE,1,ONE_FACE,0.9347,"[60,43,135,189]"
Fake/0EGQ3BQZ56.jpg,FAKE,1,ONE_FACE,0.9474,"[41,42,151,199]"
Fake/0EHGGMDEDA.jpg,FAKE,1,ONE_FACE,0.9440,"[57,38,153,187]"
Fake/0EHIEID0QW.jpg,FAKE,1,ONE_FACE,0.9424,"[47,46,139,186]"
Fake/0EIMFF8MLG.jpg,FAKE,1,ONE_FACE,0.9385,"[69,46,150,202]"
Fake/0EJSVRSK2A.jpg,FAKE,1,ONE_FACE,0.9445,"[32,36,157,213]"
Fake/0EKW86V7I6.jpg,FAKE,1,ONE_FACE,0.9448,"[54,54,133,174]"
Fake/0ELDGU22XI.jpg,FAKE,1,ONE_FACE,0.9450,"[53,38,138,182]"
Fake/0EM2CUPM9B.jpg,FAKE,1,ONE_FACE,0.9470,"[42,41,151,196]"
Fake/0EN1FCS3CG.jpg,FAKE,1,ONE_FACE,0.9458,"[57,41,155,200]"
Fake/0EQ9NRWGZJ.jpg,FAKE,1,ONE_FACE,0.9397,"[60,58,140,173]"
Fake/0ER50ZMUDR.jpg,FAKE,1,ONE_FACE,0.9546,"[54,37,148,197]"
Fake/0ER8B0D8OR.jpg,FAKE,1,ONE_FACE,0.9346,"[54,37,144,196]"
Fake/0ESI1UDNRC.jpg,FAKE,1,ONE_FACE,0.9364,"[59,53,143,185]"
Fake/0ESOIQHPS7.jpg,FAKE,1,ONE_FACE,0.9484,"[48,38,143,197]"
Fake/0ETHS2R1AM.jpg,FAKE,1,ONE_FACE,0.9416,"[58,42,146,197]"
Fake/0EUBSIXF7Z.jpg,FAKE,1,ONE_FACE,0.9482,"[53,46,142,188]"
Fake/0EV0XXJHHK.jpg,FAKE,1,ONE_FACE,0.9429,"[57,51,138,189]"
Fake/0EWMCVH2SC.jpg,FAKE,1,ONE_FACE,0.9442,"[42,43,136,189]"
Fake/0EXIMR06Z1.jpg,FAKE,1,ONE_FACE,0.9499,"[49,38,145,195]"
Fake/0EZCSVDYMR.jpg,FAKE,1,ONE_FACE,0.9398,"[67,48,134,189]"
Fake/0EZNB7BW58.jpg,FAKE,1,ONE_FACE,0.9468,"[58,40,143,195]"
Fake/0EZU6QGJG7.jpg,FAKE,1,ONE_FACE,0.9418,"[38,38,149,212]"
Fake/0F07T7U5B3.jpg,FAKE,1,ONE_FACE,0.9516,"[59,43,143,198]"
Fake/0F31YAPJAC.jpg,FAKE,1,ONE_FACE,0.9410,"[75,37,153,212]"
Fake/0F3TGI1CW3.jpg,FAKE,1,ONE_FACE,0.9425,"[56,50,145,179]"
Fake/0F47F6U0YZ.jpg,FAKE,1,ONE_FACE,0.9407,"[63,40,146,199]"
Fake/0F4JW2BIUQ.jpg,FAKE,1,ONE_FACE,0.9300,"[80,42,145,196]"
Fake/0F6BNOCXF9.jpg,FAKE,1,ONE_FACE,0.9485,"[56,43,143,189]"
Fake/0F71NN1XHZ.jpg,FAKE,1,ONE_FACE,0.9509,"[61,42,151,201]"
Fake/0F8ND8BL82.jpg,FAKE,1,ONE_FACE,0.9446,"[60,45,153,203]"
Fake/0F9C9E80X9.jpg,FAKE,1,ONE_FACE,0.9444,"[36,37,151,199]"
Fake/0FC1BCIAU9.jpg,FAKE,1,ONE_FACE,0.9442,"[76,31,164,210]"
Fake/0FCDYLTCUL.jpg,FAKE,1,ONE_FACE,0.9492,"[58,60,136,167]"
Fake/0FCRQ4MXE8.jpg,FAKE,1,ONE_FACE,0.9415,"[42,48,144,190]"
Fake/0FDD4XHE43.jpg,FAKE,1,ONE_FACE,0.9488,"[52,46,142,182]"
Fake/0FF28NTZ3W.jpg,FAKE,1,ONE_FACE,0.9470,"[43,39,147,200]"
Fake/0FF4HBYP2T.jpg,FAKE,1,ONE_FACE,0.9426,"[56,40,145,199]"
Fake/0FFSLNSW3P.jpg,FAKE,1,ONE_FACE,0.9487,"[54,34,146,202]"
Fake/0FHOCFGYFG.jpg,FAKE,1,ONE_FACE,0.9437,"[36,50,154,199]"
Fake/0FIEF5AI1O.jpg,FAKE,1,ONE_FACE,0.9433,"[55,43,141,185]"
Fake/0FIYOD7QAR.jpg,FAKE,1,ONE_FACE,0.9443,"[58,49,136,182]"
Fake/0FJE3MVY76.jpg,FAKE,1,ONE_FACE,0.9464,"[45,37,149,208]"
Fake/0FKBGNN952.jpg,FAKE,1,ONE_FACE,0.9442,"[76,51,154,188]"
Fake/0FKX2W9XRP.jpg,FAKE,1,ONE_FACE,0.9378,"[53,48,138,189]"
Fake/0FLJTGNO6S.jpg,FAKE,1,ONE_FACE,0.9527,"[69,48,144,194]"
Fake/0FNJ0VNA12.jpg,FAKE,1,ONE_FACE,0.9310,"[61,46,138,192]"
Fake/0FP64X6MCF.jpg,FAKE,1,ONE_FACE,0.9403,"[53,51,136,167]"
Fake/0FQ8KNBQD3.jpg,FAKE,1,ONE_FACE,0.9358,"[42,66,146,171]"
Fake/0FQX1CX3XK.jpg,FAKE,1,ONE_FACE,0.9372,"[52,54,139,184]"
Fake/0FR4JKA6IG.jpg,FAKE,1,ONE_FACE,0.9385,"[57,51,132,180]"
Fake/0FRFD22RWM.jpg,FAKE,1,ONE_FACE,0.9285,"[44,37,128,195]"
Fake/0FRZJOFW9A.jpg,FAKE,1,ONE_FACE,0.9357,"[66,64,137,175]"
Fake/0FSOAQ474Y.jpg,FAKE,1,ONE_FACE,0.9448,"[58,49,153,198]"
Fake/0FTJ41OE5D.jpg,FAKE,1,ONE_FACE,0.9460,"[45,44,145,186]"
Fake/0FUPX52MUQ.jpg,FAKE,1,ONE_FACE,0.9471,"[67,48,135,187]"
Fake/0FVG5X9F01.jpg,FAKE,1,ONE_FACE,0.9467,"[54,49,140,182]"
Fake/0FW47RFC2B.jpg,FAKE,1,ONE_FACE,0.9408,"[70,51,156,191]"
Fake/0FWJC5UNU7.jpg,FAKE,1,ONE_FACE,0.9381,"[51,35,143,195]"
Fake/0FWMZNW8PC.jpg,FAKE,1,ONE_FACE,0.9408,"[53,61,141,172]"
Fake/0FYYJN8M6D.jpg,FAKE,1,ONE_FACE,0.9494,"[53,46,142,185]"
Fake/0G0KX060R2.jpg,FAKE,1,ONE_FACE,0.9406,"[34,42,145,204]"
Fake/0G106E9KFK.jpg,FAKE,1,ONE_FACE,0.9439,"[35,42,152,196]"
Fake/0G1NYFX1JD.jpg,FAKE,1,ONE_FACE,0.9312,"[13,23,165,222]"
Fake/0G6DNVAF9O.jpg,FAKE,1,ONE_FACE,0.9438,"[57,56,136,172]"
Fake/0G78WMR8CR.jpg,FAKE,1,ONE_FACE,0.9439,"[63,49,133,183]"
Fake/0G7V5WPBPK.jpg,FAKE,1,ONE_FACE,0.9468,"[51,48,137,189]"
Fake/0G83XR0D0A.jpg,FAKE,1,ONE_FACE,0.9441,"[48,44,141,190]"
Fake/0G9JY637ZG.jpg,FAKE,1,ONE_FACE,0.9389,"[47,40,147,196]"
Fake/0GAG51CX1P.jpg,FAKE,1,ONE_FACE,0.9432,"[64,40,141,180]"
Fake/0GAHWW1EWK.jpg,FAKE,1,ONE_FACE,0.9505,"[55,46,142,193]"
Fake/0GB4F2S9X0.jpg,FAKE,1,ONE_FACE,0.9429,"[52,53,143,186]"
Fake/0GB4WHPEIZ.jpg,FAKE,1,ONE_FACE,0.9412,"[56,46,143,178]"
Fake/0GBB6J5PU0.jpg,FAKE,1,ONE_FACE,0.9446,"[65,39,159,213]"
Fake/0GCI6I3PVD.jpg,FAKE,1,ONE_FACE,0.9470,"[59,52,139,194]"
Fake/0GCT5YZR4L.jpg,FAKE,1,ONE_FACE,0.9486,"[59,49,135,183]"
Fake/0GCYDM9NBW.jpg,FAKE,1,ONE_FACE,0.9270,"[59,57,139,169]"
Fake/0GD5P4X14M.jpg,FAKE,1,ONE_FACE,0.9446,"[73,37,165,220]"
Fake/0GFFH0L1F2.jpg,FAKE,1,ONE_FACE,0.9480,"[60,44,142,192]"
Fake/0GFNBAFJ97.jpg,FAKE,1,ONE_FACE,0.9463,"[62,52,156,200]"
Fake/0GG1EYYHXW.jpg,FAKE,1,ONE_FACE,0.9468,"[57,39,153,190]"
Fake/0GG5MWE0W8.jpg,FAKE,1,ONE_FACE,0.9478,"[51,51,136,185]"
Fake/0GHF8MFIMV.jpg,FAKE,1,ONE_FACE,0.9460,"[53,69,140,159]"
Fake/0GJLNEQOF2.jpg,FAKE,1,ONE_FACE,0.9469,"[55,37,149,207]"
Fake/0GKITJV66S.jpg,FAKE,1,ONE_FACE,0.9449,"[53,38,140,194]"
Fake/0GKML224V4.jpg,FAKE,1,ONE_FACE,0.9508,"[55,36,160,215]"
Fake/0GN8SJ3PYF.jpg,FAKE,1,ONE_FACE,0.9370,"[53,54,138,175]"
Fake/0GNLB7JX5H.jpg,FAKE,1,ONE_FACE,0.9277,"[37,59,136,180]"
Fake/0GNWVS383Z.jpg,FAKE,1,ONE_FACE,0.9507,"[55,39,145,196]"
Fake/0GNXRKHFI0.jpg,FAKE,1,ONE_FACE,0.9473,"[59,33,148,202]"
Fake/0GOW7MI5V2.jpg,FAKE,1,ONE_FACE,0.9442,"[72,47,137,186]"
Fake/0GQ6B4GKFU.jpg,FAKE,1,ONE_FACE,0.9430,"[62,49,136,176]"
Fake/0GR8DXXO06.jpg,FAKE,1,ONE_FACE,0.9449,"[68,37,162,213]"
Fake/0GSWB2JEKW.jpg,FAKE,1,ONE_FACE,0.9471,"[67,45,157,199]"
Fake/0GTFMAQMQQ.jpg,FAKE,1,ONE_FACE,0.9480,"[69,40,146,200]"
Fake/0GTTOUH6ML.jpg,FAKE,1,ONE_FACE,0.9375,"[39,42,153,191]"
Fake/0GU5P8DCB8.jpg,FAKE,1,ONE_FACE,0.9442,"[71,42,136,191]"
Fake/0GUB0FPJAB.jpg,FAKE,1,ONE_FACE,0.9449,"[80,45,152,208]"
Fake/0GV30X2093.jpg,FAKE,1,ONE_FACE,0.9430,"[53,45,141,190]"
Fake/0GVE5NOQKP.jpg,FAKE,1,ONE_FACE,0.9513,"[57,38,153,205]"
Fake/0GVTEPKN52.jpg,FAKE,1,ONE_FACE,0.9423,"[58,46,141,195]"
Fake/0GWN1MW3Y1.jpg,FAKE,1,ONE_FACE,0.9335,"[69,50,144,199]"
Fake/0GWNLXSCOS.jpg,FAKE,1,ONE_FACE,0.9465,"[48,55,140,187]"
Fake/0GXQ31NJCF.jpg,FAKE,1,ONE_FACE,0.9387,"[49,36,141,196]"
Fake/0GYG7M81ZO.jpg,FAKE,1,ONE_FACE,0.9397,"[51,38,142,205]"
Fake/0GYZH9W067.jpg,FAKE,1,ONE_FACE,0.9508,"[50,53,139,181]"
Fake/0GZKCXJ4J0.jpg,FAKE,1,ONE_FACE,0.9468,"[50,42,142,193]"
Fake/0H19M5CESD.jpg,FAKE,1,ONE_FACE,0.9427,"[57,53,142,183]"
Fake/0H1K5VV0IW.jpg,FAKE,1,ONE_FACE,0.9528,"[54,39,144,199]"
Fake/0H3MOQU7CN.jpg,FAKE,1,ONE_FACE,0.9461,"[58,51,136,184]"
Fake/0H7L1BF1ZH.jpg,FAKE,1,ONE_FACE,0.9414,"[63,37,140,186]"
Fake/0H7LIRZL7M.jpg,FAKE,1,ONE_FACE,0.9406,"[60,44,139,195]"
Fake/0H91MEC9NT.jpg,FAKE,1,ONE_FACE,0.9449,"[52,48,127,182]"
Fake/0H9IEK046U.jpg,FAKE,1,ONE_FACE,0.9464,"[70,44,143,195]"
Fake/0HAH8N98KK.jpg,FAKE,1,ONE_FACE,0.9475,"[55,42,139,175]"
Fake/0HCCIKZ955.jpg,FAKE,1,ONE_FACE,0.9319,"[47,33,139,204]"
Fake/0HCYFBV1H5.jpg,FAKE,1,ONE_FACE,0.9394,"[66,38,142,193]"
Fake/0HE4LM648W.jpg,FAKE,1,ONE_FACE,0.9466,"[50,43,148,198]"
Fake/0HF2GQUBO6.jpg,FAKE,1,ONE_FACE,0.9354,"[60,57,151,187]"
Fake/0HGOLH0DXY.jpg,FAKE,1,ONE_FACE,0.9488,"[40,41,151,198]"
Fake/0HGQ7HV0YD.jpg,FAKE,1,ONE_FACE,0.9449,"[56,38,139,198]"
Fake/0HH7WUYJBX.jpg,FAKE,1,ONE_FACE,0.9410,"[52,57,146,186]"
Fake/0HHSVB978Q.jpg,FAKE,1,ONE_FACE,0.9426,"[52,43,140,199]"
Fake/0HIF2Q8D9X.jpg,FAKE,1,ONE_FACE,0.9418,"[50,56,142,182]"
Fake/0HKDI5PAFU.jpg,FAKE,1,ONE_FACE,0.9445,"[38,42,151,192]"
Fake/0HKHWAQIF7.jpg,FAKE,1,ONE_FACE,0.9496,"[63,45,143,191]"
Fake/0HL780XVQF.jpg,FAKE,1,ONE_FACE,0.9457,"[54,46,140,196]"
Fake/0HN7YSCEPL.jpg,FAKE,1,ONE_FACE,0.9471,"[55,54,136,176]"
Fake/0HNOXY87MA.jpg,FAKE,1,ONE_FACE,0.9382,"[54,32,146,201]"
Fake/0HQEM5D72Q.jpg,FAKE,1,ONE_FACE,0.9451,"[52,45,138,192]"
Fake/0HQIID8DIP.jpg,FAKE,1,ONE_FACE,0.9158,"[77,42,149,198]"
Fake/0HR127SF28.jpg,FAKE,1,ONE_FACE,0.9477,"[45,43,140,192]"
Fake/0HR1TL35AE.jpg,FAKE,1,ONE_FACE,0.9526,"[57,43,140,197]"
Fake/0HSKZ89627.jpg,FAKE,1,ONE_FACE,0.9431,"[53,42,136,185]"
Fake/0HT428M6O6.jpg,FAKE,1,ONE_FACE,0.9399,"[55,59,139,172]"
Fake/0HUG2LSO30.jpg,FAKE,1,ONE_FACE,0.9481,"[57,47,142,187]"
Fake/0HVX586WXJ.jpg,FAKE,1,ONE_FACE,0.9405,"[78,32,151,213]"
Fake/0HW2A8ZIHA.jpg,FAKE,1,ONE_FACE,0.9463,"[60,39,142,194]"
Fake/0HXEUZMTWU.jpg,FAKE,1,ONE_FACE,0.9434,"[58,69,136,163]"
Fake/0HYL7F2RSQ.jpg,FAKE,1,ONE_FACE,0.9417,"[56,43,143,188]"
Fake/0HZA2Q7DT9.jpg,FAKE,1,ONE_FACE,0.9385,"[58,57,136,159]"
Fake/0I0M2I5PH5.jpg,FAKE,1,ONE_FACE,0.9500,"[52,47,145,185]"
Fake/0I1ACJYFZP.jpg,FAKE,1,ONE_FACE,0.9469,"[50,50,143,187]"
Fake/0I3BAZSBUM.jpg,FAKE,1,ONE_FACE,0.9482,"[57,43,141,186]"
Fake/0I3MKSZQQB.jpg,FAKE,1,ONE_FACE,0.9429,"[65,48,122,176]"
Fake/0I3XX0OWSK.jpg,FAKE,1,ONE_FACE,0.9470,"[59,56,139,167]"
Fake/0I56D4CA8S.jpg,FAKE,1,ONE_FACE,0.9469,"[41,39,149,197]"
Fake/0I5MKD9RHA.jpg,FAKE,1,ONE_FACE,0.9550,"[57,59,139,175]"
Fake/0I7EMNIR50.jpg,FAKE,1,ONE_FACE,0.9326,"[38,45,154,200]"
Fake/0I7U6TMKR3.jpg,FAKE,1,ONE_FACE,0.9437,"[53,44,152,201]"
Fake/0I900CN01N.jpg,FAKE,1,ONE_FACE,0.9536,"[59,42,136,184]"
Fake/0I9M1N99EJ.jpg,FAKE,1,ONE_FACE,0.9442,"[35,49,152,193]"
Fake/0I9PCSAXHF.jpg,FAKE,1,ONE_FACE,0.9495,"[52,44,144,188]"
Fake/0IA4YMQHXE.jpg,FAKE,1,ONE_FACE,0.9417,"[66,44,130,186]"
Fake/0IB1IR942B.jpg,FAKE,1,ONE_FACE,0.9449,"[58,50,143,182]"
Fake/0IBCU9AUZ8.jpg,FAKE,1,ONE_FACE,0.9402,"[56,47,137,184]"
Fake/0IBVQPCZ4N.jpg,FAKE,1,ONE_FACE,0.9442,"[37,41,155,207]"
Fake/0IC4FWQ6SC.jpg,FAKE,1,ONE_FACE,0.9412,"[60,42,146,196]"
Fake/0IC9UGC4MS.jpg,FAKE,1,ONE_FACE,0.9361,"[68,40,146,195]"
Fake/0ICRTX548O.jpg,FAKE,1,ONE_FACE,0.9446,"[64,49,143,183]"
Fake/0IF8QEAMGS.jpg,FAKE,1,ONE_FACE,0.9382,"[42,37,152,210]"
Fake/0IG8R5XJHO.jpg,FAKE,1,ONE_FACE,0.9509,"[58,42,147,203]"
Fake/0IGA5JTWDF.jpg,FAKE,1,ONE_FACE,0.9422,"[44,49,135,186]"
Fake/0IJF1NBJNI.jpg,FAKE,1,ONE_FACE,0.9504,"[61,51,132,186]"
Fake/0IKV12F6L9.jpg,FAKE,1,ONE_FACE,0.9478,"[68,30,170,228]"
Fake/0ILDZA32YF.jpg,FAKE,1,ONE_FACE,0.9501,"[35,40,153,198]"
Fake/0IM4R7662C.jpg,FAKE,1,ONE_FACE,0.9495,"[53,37,141,204]"
Fake/0IOYE76ETB.jpg,FAKE,1,ONE_FACE,0.9355,"[63,38,149,191]"
Fake/0IP3ZJKVES.jpg,FAKE,1,ONE_FACE,0.9453,"[43,38,149,198]"
Fake/0IP60BCHQT.jpg,FAKE,1,ONE_FACE,0.9461,"[43,62,137,176]"
Fake/0IR9EOA0JR.jpg,FAKE,1,ONE_FACE,0.9454,"[53,44,146,203]"
Fake/0IS0SWYXY9.jpg,FAKE,1,ONE_FACE,0.9421,"[64,41,139,185]"
Fake/0ISDYQVFW7.jpg,FAKE,1,ONE_FACE,0.9421,"[33,45,141,197]"
Fake/0ITXAJEEG6.jpg,FAKE,1,ONE_FACE,0.9468,"[49,36,147,198]"
Fake/0IVUCI0FS5.jpg,FAKE,1,ONE_FACE,0.9468,"[50,36,148,209]"
Fake/0IWWMPS0Z7.jpg,FAKE,1,ONE_FACE,0.9293,"[53,53,135,164]"
Fake/0J0P1PBPOR.jpg,FAKE,1,ONE_FACE,0.9523,"[42,44,144,191]"
Fake/0J2VB81JTH.jpg,FAKE,1,ONE_FACE,0.9433,"[58,66,133,163]"
Fake/0J3J5TIG1U.jpg,FAKE,1,ONE_FACE,0.9483,"[56,42,141,192]"
Fake/0J4L009DK6.jpg,FAKE,1,ONE_FACE,0.9463,"[57,46,136,180]"
Fake/0J4TPLLZAU.jpg,FAKE,1,ONE_FACE,0.9413,"[70,46,143,198]"
Fake/0J7WNRTQD8.jpg,FAKE,1,ONE_FACE,0.9423,"[52,42,140,187]"
Fake/0J8LHDIHQF.jpg,FAKE,1,ONE_FACE,0.9458,"[54,47,145,196]"
Fake/0J92FVP4JQ.jpg,FAKE,1,ONE_FACE,0.9449,"[52,38,145,197]"
Fake/0JASGMVJUZ.jpg,FAKE,1,ONE_FACE,0.9431,"[52,37,144,202]"
Fake/0JB1OA67JU.jpg,FAKE,1,ONE_FACE,0.9314,"[65,46,139,182]"
Fake/0JBALN2DEB.jpg,FAKE,1,ONE_FACE,0.9350,"[64,29,148,216]"
Fake/0JC5JFMN7B.jpg,FAKE,1,ONE_FACE,0.9436,"[59,59,138,164]"
Fake/0JCNAUNANF.jpg,FAKE,1,ONE_FACE,0.9468,"[36,46,148,196]"
Fake/0JEE6HSIOB.jpg,FAKE,1,ONE_FACE,0.9435,"[62,54,132,182]"
Fake/0JF7WWVVUJ.jpg,FAKE,1,ONE_FACE,0.9443,"[61,51,137,175]"
Fake/0JF97O9NGY.jpg,FAKE,1,ONE_FACE,0.9428,"[50,36,142,193]"
Fake/0JFMD8WL83.jpg,FAKE,1,ONE_FACE,0.9500,"[49,45,141,190]"
Fake/0JFX6VDC3I.jpg,FAKE,1,ONE_FACE,0.9468,"[54,40,143,187]"
Fake/0JG1176B0O.jpg,FAKE,1,ONE_FACE,0.9487,"[52,47,149,193]"
Fake/0JHNR9SEXC.jpg,FAKE,1,ONE_FACE,0.9405,"[45,33,138,197]"
Fake/0JIIU37O6C.jpg,FAKE,1,ONE_FACE,0.9386,"[54,47,137,187]"
Fake/0JJN5BVVZ8.jpg,FAKE,1,ONE_FACE,0.9368,"[67,40,154,200]"
Fake/0JL93FMA16.jpg,FAKE,1,ONE_FACE,0.9431,"[49,39,147,207]"
Fake/0JMHVJ0BCL.jpg,FAKE,1,ONE_FACE,0.9472,"[56,44,142,188]"
Fake/0JN6WWQ763.jpg,FAKE,1,ONE_FACE,0.9468,"[59,42,137,189]"
Fake/0JNT038W51.jpg,FAKE,1,ONE_FACE,0.9451,"[39,34,146,192]"
Fake/0JOIOQV2HF.jpg,FAKE,1,ONE_FACE,0.9436,"[59,50,136,184]"
Fake/0JPZKGZDQK.jpg,FAKE,1,ONE_FACE,0.9442,"[33,40,153,199]"
Fake/0JR1H91TLE.jpg,FAKE,1,ONE_FACE,0.9526,"[64,59,130,173]"
Fake/0JRDUMD6JK.jpg,FAKE,1,ONE_FACE,0.9317,"[84,49,141,191]"
Fake/0JU1PVFREY.jpg,FAKE,1,ONE_FACE,0.9405,"[64,43,141,189]"
Fake/0JU2EIJHRS.jpg,FAKE,1,ONE_FACE,0.9397,"[46,47,141,190]"
Fake/0JUH9USSLZ.jpg,FAKE,1,ONE_FACE,0.9405,"[58,41,146,186]"
Fake/0JVPR7BU10.jpg,FAKE,1,ONE_FACE,0.9507,"[57,45,141,196]"
Fake/0JXXCMQGCN.jpg,FAKE,1,ONE_FACE,0.9422,"[71,32,174,225]"
Fake/0JY4OBZX62.jpg,FAKE,1,ONE_FACE,0.9463,"[63,40,143,183]"
Fake/0K0LWXUV5C.jpg,FAKE,1,ONE_FACE,0.9476,"[56,51,139,181]"
Fake/0K1AC87Y00.jpg,FAKE,1,ONE_FACE,0.9484,"[63,43,141,201]"
Fake/0K2E3Q5NX2.jpg,FAKE,1,ONE_FACE,0.9492,"[50,40,146,193]"
Fake/0K2RBJOEJL.jpg,FAKE,1,ONE_FACE,0.9411,"[64,45,137,183]"
Fake/0K32EI2JLM.jpg,FAKE,1,ONE_FACE,0.9471,"[53,50,139,169]"
Fake/0K4HWS53J5.jpg,FAKE,1,ONE_FACE,0.9515,"[53,44,147,191]"
Fake/0K6ELBC035.jpg,FAKE,1,ONE_FACE,0.9320,"[61,55,133,173]"
Fake/0K6LC4249F.jpg,FAKE,1,ONE_FACE,0.9452,"[36,43,144,194]"
Fake/0K71FDGEKS.jpg,FAKE,1,ONE_FACE,0.9501,"[47,46,139,185]"
Fake/0K76DWI4TT.jpg,FAKE,1,ONE_FACE,0.9171,"[51,41,124,179]"
Fake/0K82WX0M2Z.jpg,FAKE,1,ONE_FACE,0.9491,"[58,43,144,191]"
Fake/0KB52SSTJ2.jpg,FAKE,1,ONE_FACE,0.9365,"[61,44,139,193]"
Fake/0KB5700VPB.jpg,FAKE,1,ONE_FACE,0.9515,"[50,42,148,195]"
Fake/0KBFECMOZO.jpg,FAKE,1,ONE_FACE,0.9474,"[51,48,137,186]"
Fake/0KBMANBXFK.jpg,FAKE,1,ONE_FACE,0.9448,"[49,32,155,218]"
Fake/0KBZWR63L1.jpg,FAKE,1,ONE_FACE,0.9495,"[61,51,144,183]"
Fake/0KD0J8VYU3.jpg,FAKE,1,ONE_FACE,0.9461,"[52,46,146,188]"
Fake/0KDBDQWRWT.jpg,FAKE,1,ONE_FACE,0.9359,"[65,44,133,176]"
Fake/0KDWGZ8ANJ.jpg,FAKE,1,ONE_FACE,0.9498,"[53,50,140,189]"
Fake/0KEOI7IJ4Z.jpg,FAKE,1,ONE_FACE,0.9426,"[53,46,137,181]"
Fake/0KEWISTQYK.jpg,FAKE,1,ONE_FACE,0.9463,"[61,46,136,188]"
Fake/0KF08HWD1E.jpg,FAKE,1,ONE_FACE,0.9489,"[53,43,144,197]"
Fake/0KF2WT928J.jpg,FAKE,1,ONE_FACE,0.9406,"[58,55,133,161]"
Fake/0KFI7X04V3.jpg,FAKE,1,ONE_FACE,0.9515,"[55,44,145,197]"
Fake/0KGC64ZTON.jpg,FAKE,1,ONE_FACE,0.9459,"[47,36,152,219]"
Fake/0KI0I0I38C.jpg,FAKE,1,ONE_FACE,0.9420,"[72,40,162,217]"
Fake/0KIPN0LQ2S.jpg,FAKE,1,ONE_FACE,0.9446,"[60,43,145,181]"
Fake/0KIYHYYFTB.jpg,FAKE,1,ONE_FACE,0.9416,"[55,44,142,189]"
Fake/0KJ5MCPMWA.jpg,FAKE,1,ONE_FACE,0.9414,"[51,42,141,191]"
Fake/0KKVL4RFIN.jpg,FAKE,1,ONE_FACE,0.9416,"[64,46,148,206]"
Fake/0KM0Q897EO.jpg,FAKE,1,ONE_FACE,0.9495,"[73,44,144,193]"
Fake/0KNGNEBB2N.jpg,FAKE,1,ONE_FACE,0.9471,"[76,44,163,198]"
Fake/0KNK6MA16Z.jpg,FAKE,1,ONE_FACE,0.9327,"[73,51,140,190]"
Fake/0KO58WCDUV.jpg,FAKE,1,ONE_FACE,0.9471,"[53,39,142,190]"
Fake/0KPMSZLE88.jpg,FAKE,1,ONE_FACE,0.9456,"[39,39,140,197]"
Fake/0KR71LCR7U.jpg,FAKE,1,ONE_FACE,0.9438,"[33,41,153,204]"
Fake/0KSFJELBJW.jpg,FAKE,1,ONE_FACE,0.9482,"[51,43,145,201]"
Fake/0KT98O0HOS.jpg,FAKE,1,ONE_FACE,0.9473,"[27,37,152,208]"
Fake/0KTLGAXJJY.jpg,FAKE,1,ONE_FACE,0.9449,"[48,46,135,183]"
Fake/0KUFN8ZIXY.jpg,FAKE,1,ONE_FACE,0.9415,"[63,40,147,187]"
Fake/0KUHTN63FL.jpg,FAKE,1,ONE_FACE,0.9490,"[57,60,143,176]"
Fake/0KV69BH33C.jpg,FAKE,1,ONE_FACE,0.9402,"[49,36,155,217]"
Fake/0KVQAABN92.jpg,FAKE,1,ONE_FACE,0.9343,"[60,50,165,201]"
Fake/0KX1D43574.jpg,FAKE,1,ONE_FACE,0.9411,"[32,42,142,193]"
Fake/0KX827WMKD.jpg,FAKE,1,ONE_FACE,0.9462,"[50,35,148,202]"
Fake/0KXPJ5XQEV.jpg,FAKE,1,ONE_FACE,0.9523,"[38,42,145,199]"
Fake/0KYEZ9JTYQ.jpg,FAKE,1,ONE_FACE,0.9351,"[63,62,137,168]"
Fake/0KYFZGOY26.jpg,FAKE,1,ONE_FACE,0.9387,"[49,39,148,206]"
Fake/0KYVAIBN2A.jpg,FAKE,1,ONE_FACE,0.9209,"[65,52,134,185]"
Fake/0KZ5M7OGUD.jpg,FAKE,1,ONE_FACE,0.9467,"[60,53,139,180]"
Fake/0KZAEY6P93.jpg,FAKE,1,ONE_FACE,0.9372,"[41,37,152,203]"
Fake/0KZDF6ID3W.jpg,FAKE,1,ONE_FACE,0.9506,"[58,40,146,193]"
Fake/0KZI25C4L9.jpg,FAKE,1,ONE_FACE,0.9408,"[39,47,151,193]"
Fake/0KZV708XDZ.jpg,FAKE,1,ONE_FACE,0.9435,"[60,54,136,172]"
Fake/0L01AF3K9I.jpg,FAKE,1,ONE_FACE,0.9418,"[56,47,143,191]"
Fake/0L07QYONKW.jpg,FAKE,1,ONE_FACE,0.9439,"[63,38,153,205]"
Fake/0L12UOFOFJ.jpg,FAKE,1,ONE_FACE,0.9463,"[50,37,144,200]"
Fake/0L1LNT4DYS.jpg,FAKE,1,ONE_FACE,0.9398,"[60,43,154,207]"
Fake/0L2FOM8SKR.jpg,FAKE,1,ONE_FACE,0.9379,"[51,45,140,186]"
Fake/0L3LYS9B1T.jpg,FAKE,1,ONE_FACE,0.9523,"[59,59,129,166]"
Fake/0L4J0907U5.jpg,FAKE,1,ONE_FACE,0.9297,"[77,43,155,201]"
Fake/0L5OPP3Z19.jpg,FAKE,1,ONE_FACE,0.9484,"[53,50,140,178]"
Fake/0L72C8FDN2.jpg,FAKE,1,ONE_FACE,0.9496,"[50,44,146,191]"
Fake/0L7Y44LJDU.jpg,FAKE,1,ONE_FACE,0.9418,"[55,46,144,185]"
Fake/0L8XHOIHYB.jpg,FAKE,1,ONE_FACE,0.9447,"[60,48,149,198]"
Fake/0L9UEYZVE9.jpg,FAKE,1,ONE_FACE,0.9454,"[50,36,143,199]"
Fake/0LCP4JS0HF.jpg,FAKE,1,ONE_FACE,0.9488,"[53,48,147,188]"
Fake/0LEEOMRYDB.jpg,FAKE,2,MULTIPLE_FACES,"[0.9316, 0.6224]","[[57, 58, 139, 180], [200, 80, 55, 115]]"
Fake/0LEMVP9Y50.jpg,FAKE,1,ONE_FACE,0.9537,"[53,43,145,200]"
Fake/0LF6QZER1G.jpg,FAKE,1,ONE_FACE,0.9497,"[50,48,145,193]"
Fake/0LFTT76IGU.jpg,FAKE,1,ONE_FACE,0.9464,"[60,38,143,201]"
Fake/0LG7L4C8S0.jpg,FAKE,1,ONE_FACE,0.9453,"[63,47,135,181]"
Fake/0LGH2T6QUR.jpg,FAKE,1,ONE_FACE,0.9474,"[55,38,141,197]"
Fake/0LGYY6JWR5.jpg,FAKE,1,ONE_FACE,0.9279,"[67,53,133,176]"
Fake/0LHQ9IX6QX.jpg,FAKE,1,ONE_FACE,0.9472,"[60,47,151,196]"
Fake/0LJ8WF9XQW.jpg,FAKE,1,ONE_FACE,0.9474,"[51,48,145,189]"
Fake/0LJSRBV68J.jpg,FAKE,1,ONE_FACE,0.9497,"[59,46,137,193]"
Fake/0LM1Z4WD0M.jpg,FAKE,1,ONE_FACE,0.9482,"[56,47,145,195]"
Fake/0LM3A3BR1Q.jpg,FAKE,1,ONE_FACE,0.9435,"[36,37,149,201]"
Fake/0LM79N6W8B.jpg,FAKE,1,ONE_FACE,0.9422,"[52,47,143,190]"
Fake/0LMLUUTOYD.jpg,FAKE,1,ONE_FACE,0.9455,"[51,51,137,170]"
Fake/0LPG3R0E41.jpg,FAKE,1,ONE_FACE,0.9372,"[59,52,138,175]"
Fake/0LPNPQDEDL.jpg,FAKE,1,ONE_FACE,0.9406,"[53,49,139,183]"
Fake/0LPOA6J0JI.jpg,FAKE,1,ONE_FACE,0.9432,"[53,46,138,187]"
Fake/0LQ7HQFJQ3.jpg,FAKE,1,ONE_FACE,0.9476,"[58,49,143,185]"
Fake/0LQU06FOBX.jpg,FAKE,1,ONE_FACE,0.9530,"[44,51,139,188]"
Fake/0LRXPB9DZ6.jpg,FAKE,1,ONE_FACE,0.9497,"[55,45,140,189]"
Fake/0LS1HKP06H.jpg,FAKE,1,ONE_FACE,0.9511,"[59,48,138,176]"
Fake/0LUFDJNRX4.jpg,FAKE,1,ONE_FACE,0.9345,"[20,34,160,196]"
Fake/0LUQK5X6AU.jpg,FAKE,1,ONE_FACE,0.9372,"[63,50,132,190]"
Fake/0LUSXVGOPJ.jpg,FAKE,1,ONE_FACE,0.9439,"[32,36,152,205]"
Fake/0LVAL2GOKY.jpg,FAKE,1,ONE_FACE,0.9467,"[40,53,142,186]"
Fake/0LWU4RBM72.jpg,FAKE,1,ONE_FACE,0.9389,"[41,42,148,204]"
Fake/0LZ3UY3JI3.jpg,FAKE,1,ONE_FACE,0.9377,"[31,37,152,205]"
Fake/0LZEJYTFV3.jpg,FAKE,1,ONE_FACE,0.9455,"[51,54,136,179]"
Fake/0M02CZE62R.jpg,FAKE,1,ONE_FACE,0.9411,"[55,41,139,189]"
Fake/0M0F4YJ1G9.jpg,FAKE,1,ONE_FACE,0.9204,"[52,56,128,167]"
Fake/0M0G1IYYXH.jpg,FAKE,1,ONE_FACE,0.9417,"[51,51,145,195]"
Fake/0M0KQNSKB2.jpg,FAKE,1,ONE_FACE,0.9394,"[57,48,136,184]"
Fake/0M182T83K2.jpg,FAKE,1,ONE_FACE,0.9492,"[50,49,135,183]"
Fake/0M1Q8KY840.jpg,FAKE,1,ONE_FACE,0.9151,"[67,41,161,197]"
Fake/0M2QNY7J6Q.jpg,FAKE,1,ONE_FACE,0.9481,"[36,35,149,204]"
Fake/0M2TOUNZL3.jpg,FAKE,1,ONE_FACE,0.9445,"[50,61,138,176]"
Fake/0M3QUQ70A0.jpg,FAKE,1,ONE_FACE,0.9470,"[61,54,133,176]"
Fake/0M3VIK0ANF.jpg,FAKE,1,ONE_FACE,0.9376,"[61,40,141,198]"
Fake/0M4ABFNP6K.jpg,FAKE,1,ONE_FACE,0.9425,"[63,44,142,182]"
Fake/0M4AOFWGYI.jpg,FAKE,1,ONE_FACE,0.9400,"[55,60,140,176]"
Fake/0M54937WMO.jpg,FAKE,1,ONE_FACE,0.9365,"[47,40,137,187]"
Fake/0M5G8TMRQI.jpg,FAKE,1,ONE_FACE,0.9508,"[38,43,138,199]"
Fake/0M5XNL7VNV.jpg,FAKE,1,ONE_FACE,0.9489,"[43,38,159,212]"
Fake/0M6XVLBW69.jpg,FAKE,1,ONE_FACE,0.9457,"[62,44,160,197]"
Fake/0M7ROXTAWH.jpg,FAKE,1,ONE_FACE,0.9468,"[40,44,145,197]"
Fake/0MDUC32LYL.jpg,FAKE,1,ONE_FACE,0.9538,"[56,45,152,205]"
Fake/0ME5DGYL3S.jpg,FAKE,1,ONE_FACE,0.9527,"[59,53,141,200]"
Fake/0MH6DQ23E5.jpg,FAKE,1,ONE_FACE,0.9351,"[60,36,141,202]"
Fake/0MISW9NS1V.jpg,FAKE,1,ONE_FACE,0.9492,"[40,37,153,201]"
Fake/0MJ9X634NH.jpg,FAKE,1,ONE_FACE,0.9415,"[41,34,146,203]"
Fake/0MJYFTYJLU.jpg,FAKE,1,ONE_FACE,0.9485,"[56,50,135,183]"
Fake/0MK3J0AQLN.jpg,FAKE,1,ONE_FACE,0.9411,"[49,45,136,194]"
Fake/0MKIPYELGX.jpg,FAKE,1,ONE_FACE,0.9435,"[52,39,143,194]"
Fake/0MN1OJ1ALA.jpg,FAKE,1,ONE_FACE,0.9347,"[55,55,141,176]"
Fake/0MR8HLK3FF.jpg,FAKE,1,ONE_FACE,0.9435,"[59,48,143,194]"
Fake/0MS9ISTVWS.jpg,FAKE,1,ONE_FACE,0.9500,"[55,40,143,195]"
Fake/0MSZV7BBTF.jpg,FAKE,1,ONE_FACE,0.9414,"[43,43,145,190]"
Fake/0MV4OKPKSQ.jpg,FAKE,1,ONE_FACE,0.9514,"[56,37,149,205]"
Fake/0MVR2WBBLV.jpg,FAKE,1,ONE_FACE,0.9392,"[60,48,143,180]"
Fake/0MVYCS3UKI.jpg,FAKE,1,ONE_FACE,0.9510,"[53,41,141,181]"
Fake/0MWD0XBX3A.jpg,FAKE,1,ONE_FACE,0.9532,"[55,49,139,184]"
Fake/0MX4BR4EA2.jpg,FAKE,1,ONE_FACE,0.9515,"[55,44,139,191]"
Fake/0MX72QMVFT.jpg,FAKE,1,ONE_FACE,0.9468,"[51,35,143,199]"
Fake/0MYTCLGGHY.jpg,FAKE,1,ONE_FACE,0.9416,"[63,40,150,195]"
Fake/0MZARJ0PVS.jpg,FAKE,1,ONE_FACE,0.9442,"[52,49,139,184]"
Fake/0N1EGSA67V.jpg,FAKE,1,ONE_FACE,0.9421,"[54,33,141,201]"
Fake/0N2R0S9W2V.jpg,FAKE,1,ONE_FACE,0.9535,"[64,63,135,173]"
Fake/0N3J3G0BSZ.jpg,FAKE,1,ONE_FACE,0.9534,"[36,40,155,203]"
Fake/0N48WFL1BO.jpg,FAKE,1,ONE_FACE,0.9471,"[47,50,142,184]"
Fake/0N5NH0KJD1.jpg,FAKE,1,ONE_FACE,0.9420,"[35,43,149,192]"
Fake/0N615X9WJF.jpg,FAKE,1,ONE_FACE,0.9436,"[36,42,147,193]"
Fake/0N7MTU8GIX.jpg,FAKE,1,ONE_FACE,0.9491,"[43,46,142,204]"
Fake/0N7RMYVXLV.jpg,FAKE,1,ONE_FACE,0.9446,"[59,41,147,190]"
Fake/0N8BOFWY9B.jpg,FAKE,1,ONE_FACE,0.9398,"[50,41,143,193]"
Fake/0N9LFHAK6D.jpg,FAKE,1,ONE_FACE,0.9390,"[52,48,140,186]"
Fake/0NB95BWAS0.jpg,FAKE,1,ONE_FACE,0.9477,"[53,46,142,188]"
Fake/0NC3WDDBKP.jpg,FAKE,1,ONE_FACE,0.9434,"[69,36,157,213]"
Fake/0NCKYN2NC7.jpg,FAKE,1,ONE_FACE,0.9453,"[62,46,141,195]"
Fake/0NDERNI91K.jpg,FAKE,1,ONE_FACE,0.9450,"[65,49,141,187]"
Fake/0NE1TBITDY.jpg,FAKE,1,ONE_FACE,0.9460,"[72,43,151,200]"
Fake/0NF1KJRPNI.jpg,FAKE,1,ONE_FACE,0.9513,"[59,50,138,182]"
Fake/0NG7H6V8HT.jpg,FAKE,1,ONE_FACE,0.9338,"[39,45,155,190]"
Fake/0NJDVKWO29.jpg,FAKE,1,ONE_FACE,0.9423,"[40,61,152,186]"
Fake/0NLG7PQKGD.jpg,FAKE,1,ONE_FACE,0.9368,"[66,42,147,189]"
Fake/0NLQLE3XWT.jpg,FAKE,1,ONE_FACE,0.9410,"[59,64,138,160]"
Fake/0NMJWLW0OS.jpg,FAKE,1,ONE_FACE,0.9452,"[52,41,140,199]"
Fake/0NN7YLDZ4O.jpg,FAKE,1,ONE_FACE,0.9468,"[57,41,144,198]"
Fake/0NSMTO6736.jpg,FAKE,1,ONE_FACE,0.9423,"[56,38,144,196]"
Fake/0NTTUD4FNZ.jpg,FAKE,1,ONE_FACE,0.9379,"[42,38,145,192]"
Fake/0NVC2BOQKK.jpg,FAKE,1,ONE_FACE,0.9434,"[44,53,143,176]"
Fake/0NVCL5QPNF.jpg,FAKE,1,ONE_FACE,0.9435,"[55,40,138,190]"
Fake/0NWA8NAABI.jpg,FAKE,1,ONE_FACE,0.9489,"[57,38,147,201]"
Fake/0NX9L6YYSP.jpg,FAKE,1,ONE_FACE,0.9442,"[46,45,146,191]"
Fake/0NXQYUCSSX.jpg,FAKE,1,ONE_FACE,0.9431,"[48,42,148,192]"
Fake/0NZVBZ17MN.jpg,FAKE,1,ONE_FACE,0.9364,"[47,38,145,195]"
Fake/0O05C3WOPH.jpg,FAKE,1,ONE_FACE,0.9248,"[72,43,149,196]"
Fake/0O1FZMSK64.jpg,FAKE,1,ONE_FACE,0.9368,"[33,40,145,198]"
Fake/0O3UX5S2WO.jpg,FAKE,1,ONE_FACE,0.9476,"[49,48,147,189]"
Fake/0O468LNEHF.jpg,FAKE,1,ONE_FACE,0.9419,"[48,40,149,193]"
Fake/0O4JEC87PB.jpg,FAKE,1,ONE_FACE,0.9421,"[57,45,141,185]"
Fake/0O5F80O85B.jpg,FAKE,1,ONE_FACE,0.9473,"[53,53,144,183]"
Fake/0O927AFXBG.jpg,FAKE,1,ONE_FACE,0.9380,"[38,36,154,207]"
Fake/0O9IJZ5FYB.jpg,FAKE,1,ONE_FACE,0.9347,"[53,48,138,184]"
Fake/0O9K8UQCDS.jpg,FAKE,1,ONE_FACE,0.9459,"[27,36,159,204]"
Fake/0O9Q6UOABK.jpg,FAKE,1,ONE_FACE,0.9416,"[50,44,144,199]"
Fake/0O9QPWG5SK.jpg,FAKE,1,ONE_FACE,0.9445,"[60,55,138,182]"
Fake/0OAIECO7N8.jpg,FAKE,1,ONE_FACE,0.9518,"[69,45,144,197]"
Fake/0OAIJSZO97.jpg,FAKE,1,ONE_FACE,0.9490,"[55,54,135,178]"
Fake/0OANV797KH.jpg,FAKE,1,ONE_FACE,0.9455,"[62,40,142,198]"
Fake/0OAT69G3XG.jpg,FAKE,1,ONE_FACE,0.9453,"[59,44,138,190]"
Fake/0ODOQU3CR2.jpg,FAKE,1,ONE_FACE,0.9487,"[44,38,147,201]"
Fake/0OF96WJMGR.jpg,FAKE,1,ONE_FACE,0.9430,"[48,47,136,191]"
Fake/0OF9NL90IQ.jpg,FAKE,1,ONE_FACE,0.9340,"[69,41,133,197]"
Fake/0OGRCUZ0JO.jpg,FAKE,1,ONE_FACE,0.9449,"[60,52,132,187]"
Fake/0OHS2KG612.jpg,FAKE,1,ONE_FACE,0.9393,"[76,43,149,205]"
Fake/0OI3N38RU9.jpg,FAKE,1,ONE_FACE,0.9508,"[51,45,140,189]"
Fake/0OIIXT0QU6.jpg,FAKE,1,ONE_FACE,0.9471,"[48,41,146,195]"
Fake/0OKK121ULQ.jpg,FAKE,1,ONE_FACE,0.9489,"[62,56,129,173]"
Fake/0OL7HXPXA7.jpg,FAKE,1,ONE_FACE,0.9483,"[56,44,147,183]"
Fake/0ON21NCBHT.jpg,FAKE,1,ONE_FACE,0.9472,"[34,41,155,198]"
Fake/0OO3MP8C2C.jpg,FAKE,1,ONE_FACE,0.9489,"[56,47,148,201]"
Fake/0OR6EBPK3S.jpg,FAKE,1,ONE_FACE,0.9426,"[67,34,153,214]"
Fake/0OTRTRI4PM.jpg,FAKE,1,ONE_FACE,0.9421,"[40,55,151,182]"
Fake/0OU2G7CNE7.jpg,FAKE,1,ONE_FACE,0.9424,"[45,48,146,187]"
Fake/0OUKWK58G6.jpg,FAKE,1,ONE_FACE,0.9482,"[57,62,133,170]"
Fake/0OUT3XAJT0.jpg,FAKE,1,ONE_FACE,0.9376,"[48,37,143,195]"
Fake/0OV9170I71.jpg,FAKE,1,ONE_FACE,0.9338,"[61,52,144,189]"
Fake/0OX0N4CCRK.jpg,FAKE,1,ONE_FACE,0.9397,"[36,44,148,187]"
Fake/0P0919LQQI.jpg,FAKE,1,ONE_FACE,0.9463,"[59,46,141,189]"
Fake/0P0AUUOUGX.jpg,FAKE,1,ONE_FACE,0.9452,"[95,51,126,190]"
Fake/0P0HJXH72G.jpg,FAKE,1,ONE_FACE,0.9528,"[69,58,132,174]"
Fake/0P0VARG03O.jpg,FAKE,1,ONE_FACE,0.9404,"[38,44,150,185]"
Fake/0P2FZTCUL6.jpg,FAKE,1,ONE_FACE,0.9447,"[59,47,140,179]"
Fake/0P37XUYI8C.jpg,FAKE,1,ONE_FACE,0.9420,"[69,37,139,200]"
Fake/0P3RMOEPJZ.jpg,FAKE,1,ONE_FACE,0.9508,"[57,48,137,192]"
Fake/0P4JBC8G3A.jpg,FAKE,1,ONE_FACE,0.9402,"[53,42,143,196]"
Fake/0P6660JLF2.jpg,FAKE,1,ONE_FACE,0.9420,"[47,38,152,202]"
Fake/0P7AL4JP05.jpg,FAKE,1,ONE_FACE,0.9480,"[44,50,138,182]"
Fake/0P7JRSNG2B.jpg,FAKE,1,ONE_FACE,0.9516,"[48,33,155,210]"
Fake/0P8JO2XK58.jpg,FAKE,1,ONE_FACE,0.9408,"[59,44,150,187]"
Fake/0PAZOPUBOG.jpg,FAKE,1,ONE_FACE,0.9393,"[45,39,145,202]"
Fake/0PFBM8RDPG.jpg,FAKE,1,ONE_FACE,0.9508,"[39,37,143,212]"
Fake/0PG90A2G4D.jpg,FAKE,1,ONE_FACE,0.9380,"[43,40,139,192]"
Fake/0PGYWA2JUU.jpg,FAKE,1,ONE_FACE,0.9519,"[50,38,146,199]"
Fake/0PH3QLS8XO.jpg,FAKE,1,ONE_FACE,0.9441,"[53,50,134,174]"
Fake/0PHK2UUFWG.jpg,FAKE,1,ONE_FACE,0.9310,"[63,54,143,182]"
Fake/0PKB8DRWU7.jpg,FAKE,1,ONE_FACE,0.9347,"[42,56,121,174]"
Fake/0PLN1HNVKM.jpg,FAKE,1,ONE_FACE,0.9521,"[53,37,145,205]"
Fake/0PLOSL0L9K.jpg,FAKE,1,ONE_FACE,0.9424,"[42,39,150,211]"
Fake/0PMUJTD40F.jpg,FAKE,1,ONE_FACE,0.9440,"[48,42,145,201]"
Fake/0PORFDWPC5.jpg,FAKE,1,ONE_FACE,0.9468,"[56,42,142,189]"
Fake/0PP0XM0SM3.jpg,FAKE,2,MULTIPLE_FACES,"[0.9431, 0.7969]","[[39, 44, 144, 192], [187, 174, 70, 91]]"
Fake/0PQ7EKD4MX.jpg,FAKE,1,ONE_FACE,0.9537,"[63,42,150,204]"
Fake/0PRXGDKBQ2.jpg,FAKE,1,ONE_FACE,0.9458,"[47,42,144,187]"
Fake/0PRZIOAD3O.jpg,FAKE,1,ONE_FACE,0.9425,"[39,42,143,193]"
Fake/0PSHXE99VY.jpg,FAKE,1,ONE_FACE,0.9475,"[61,44,142,189]"
Fake/0PTA5BDPUN.jpg,FAKE,1,ONE_FACE,0.9427,"[52,46,137,191]"
Fake/0PTKZDILUW.jpg,FAKE,1,ONE_FACE,0.9521,"[55,45,140,190]"
Fake/0PVZMD49DS.jpg,FAKE,1,ONE_FACE,0.9404,"[59,49,146,193]"
Fake/0PWA1UZ90B.jpg,FAKE,1,ONE_FACE,0.9477,"[55,42,139,189]"
Fake/0PXWUXAN04.jpg,FAKE,1,ONE_FACE,0.9427,"[63,47,141,185]"
Fake/0PYZVAPRSG.jpg,FAKE,1,ONE_FACE,0.9430,"[76,39,150,193]"
Fake/0PZI6DJ4IH.jpg,FAKE,1,ONE_FACE,0.9286,"[43,40,152,205]"
Fake/0Q0HVBC4R0.jpg,FAKE,1,ONE_FACE,0.9524,"[62,53,152,189]"
Fake/0Q0S6UMK25.jpg,FAKE,1,ONE_FACE,0.9502,"[63,41,140,191]"
Fake/0Q0VR13Q9Z.jpg,FAKE,1,ONE_FACE,0.9531,"[58,53,133,174]"
Fake/0Q0WXAAJCU.jpg,FAKE,1,ONE_FACE,0.9407,"[58,60,140,177]"
Fake/0Q209RZHV6.jpg,FAKE,1,ONE_FACE,0.9484,"[49,55,153,196]"
Fake/0Q36AS50VS.jpg,FAKE,1,ONE_FACE,0.9430,"[57,43,147,184]"
Fake/0Q3DISCZI4.jpg,FAKE,1,ONE_FACE,0.9304,"[68,34,168,223]"
Fake/0Q3ERNM9C6.jpg,FAKE,1,ONE_FACE,0.9265,"[35,55,141,179]"
Fake/0Q4BFJ2HNK.jpg,FAKE,1,ONE_FACE,0.9500,"[53,52,137,179]"
Fake/0Q78XPW89C.jpg,FAKE,1,ONE_FACE,0.9487,"[62,50,130,183]"
Fake/0Q84PJENSC.jpg,FAKE,1,ONE_FACE,0.9322,"[69,54,153,194]"
Fake/0Q8A6C6BDI.jpg,FAKE,1,ONE_FACE,0.9416,"[51,40,146,195]"
Fake/0QAVF9F0TF.jpg,FAKE,1,ONE_FACE,0.9459,"[60,38,142,202]"
Fake/0QAY341AL3.jpg,FAKE,1,ONE_FACE,0.9381,"[46,32,144,207]"
Fake/0QBY45PC9T.jpg,FAKE,1,ONE_FACE,0.9360,"[33,35,157,200]"
Fake/0QC7RGLW1W.jpg,FAKE,1,ONE_FACE,0.9345,"[54,44,144,169]"
Fake/0QCXA8N288.jpg,FAKE,1,ONE_FACE,0.9522,"[49,37,146,198]"
Fake/0QDCLCFCEW.jpg,FAKE,1,ONE_FACE,0.9513,"[49,48,148,194]"
Fake/0QFWIRO4NE.jpg,FAKE,1,ONE_FACE,0.9495,"[44,42,150,193]"
Fake/0QGWOCMQ97.jpg,FAKE,1,ONE_FACE,0.9338,"[66,47,139,187]"
Fake/0QIG9HV2AG.jpg,FAKE,1,ONE_FACE,0.9377,"[39,42,144,190]"
Fake/0QJF7LELWY.jpg,FAKE,1,ONE_FACE,0.9443,"[48,40,148,206]"
Fake/0QJPOWUMWC.jpg,FAKE,1,ONE_FACE,0.9474,"[48,54,141,184]"
Fake/0QKNP17GFK.jpg,FAKE,1,ONE_FACE,0.9391,"[55,51,133,183]"
Fake/0QKRR5OQAI.jpg,FAKE,1,ONE_FACE,0.9426,"[64,39,148,195]"
Fake/0QPNB4KK7Z.jpg,FAKE,1,ONE_FACE,0.9378,"[42,39,151,200]"
Fake/0QPXAZEY3U.jpg,FAKE,1,ONE_FACE,0.9429,"[47,41,147,191]"
Fake/0QPXN4D4XP.jpg,FAKE,1,ONE_FACE,0.9378,"[62,37,144,191]"
Fake/0QQ9I88W13.jpg,FAKE,1,ONE_FACE,0.9242,"[76,39,156,209]"
Fake/0QQH2NUVJQ.jpg,FAKE,1,ONE_FACE,0.9522,"[57,43,136,182]"
Fake/0QRRHZ4MA6.jpg,FAKE,1,ONE_FACE,0.9400,"[49,46,135,186]"
Fake/0QRRYJXXEW.jpg,FAKE,1,ONE_FACE,0.9390,"[55,47,154,200]"
Fake/0QRVY8P4BV.jpg,FAKE,1,ONE_FACE,0.9436,"[60,47,144,188]"
Fake/0QRYC8VCDA.jpg,FAKE,1,ONE_FACE,0.9447,"[64,35,165,214]"
Fake/0QTJDL4UJ1.jpg,FAKE,1,ONE_FACE,0.9495,"[56,39,140,193]"
Fake/0QUI0NF7ZF.jpg,FAKE,1,ONE_FACE,0.9351,"[65,34,148,211]"
Fake/0QV0XH65IQ.jpg,FAKE,1,ONE_FACE,0.9528,"[72,44,147,194]"
Fake/0QVK78KG65.jpg,FAKE,1,ONE_FACE,0.9398,"[54,42,141,183]"
Fake/0QWM0H8WQ3.jpg,FAKE,1,ONE_FACE,0.9402,"[51,56,141,178]"
Fake/0QXIZ4QM89.jpg,FAKE,1,ONE_FACE,0.9418,"[62,48,135,188]"
Fake/0QZ7B09M4B.jpg,FAKE,1,ONE_FACE,0.9397,"[49,61,139,175]"
Fake/0R29TSIOA9.jpg,FAKE,1,ONE_FACE,0.9392,"[61,57,141,164]"
Fake/0R2DBJIC4B.jpg,FAKE,1,ONE_FACE,0.9490,"[58,55,134,177]"
Fake/0R3Q4S1AGN.jpg,FAKE,1,ONE_FACE,0.9424,"[28,32,158,206]"
Fake/0R4J085LRC.jpg,FAKE,1,ONE_FACE,0.9388,"[30,28,150,224]"
Fake/0R629CONWM.jpg,FAKE,1,ONE_FACE,0.9391,"[73,34,152,215]"
Fake/0R7QY7MIHF.jpg,FAKE,1,ONE_FACE,0.9493,"[58,45,144,185]"
Fake/0RA7ZSKNC9.jpg,FAKE,1,ONE_FACE,0.9328,"[60,56,132,165]"
Fake/0RALV9BSWF.jpg,FAKE,1,ONE_FACE,0.9476,"[59,46,140,184]"
Fake/0RB7EF7GQH.jpg,FAKE,1,ONE_FACE,0.9409,"[64,54,138,177]"
Fake/0RB8DSJOY8.jpg,FAKE,1,ONE_FACE,0.9496,"[57,46,136,177]"
Fake/0RC5K2SSZG.jpg,FAKE,1,ONE_FACE,0.9479,"[67,54,143,181]"
Fake/0REC2KFGWU.jpg,FAKE,1,ONE_FACE,0.9428,"[57,40,141,197]"
Fake/0RENCZP74L.jpg,FAKE,1,ONE_FACE,0.9467,"[64,47,137,188]"
Fake/0REYTWJB80.jpg,FAKE,1,ONE_FACE,0.9470,"[70,47,138,187]"
Fake/0RFC38X7S8.jpg,FAKE,1,ONE_FACE,0.9432,"[55,44,139,190]"
Fake/0RH1DCFO06.jpg,FAKE,1,ONE_FACE,0.9399,"[63,49,148,197]"
Fake/0RKEF9HIXY.jpg,FAKE,1,ONE_FACE,0.9442,"[54,55,143,186]"
Fake/0RN4OGDVX2.jpg,FAKE,1,ONE_FACE,0.9466,"[55,46,142,191]"
Fake/0ROJ0QY0LK.jpg,FAKE,1,ONE_FACE,0.9400,"[78,43,144,188]"
Fake/0RQCET3F8X.jpg,FAKE,1,ONE_FACE,0.9430,"[75,40,153,204]"
Fake/0RRDBH72WK.jpg,FAKE,1,ONE_FACE,0.9391,"[60,48,142,183]"
Fake/0RWJ2SUS2T.jpg,FAKE,1,ONE_FACE,0.9422,"[54,39,142,193]"
Fake/0RWOR5PO8C.jpg,FAKE,1,ONE_FACE,0.9456,"[65,48,144,194]"
Fake/0RX52REUR7.jpg,FAKE,1,ONE_FACE,0.9484,"[61,43,142,193]"
Fake/0RXKVGIF8C.jpg,FAKE,1,ONE_FACE,0.9392,"[45,33,151,202]"
Fake/0RXN6FZPG3.jpg,FAKE,1,ONE_FACE,0.9478,"[43,43,145,188]"
Fake/0RXPBBLJ3F.jpg,FAKE,1,ONE_FACE,0.9451,"[38,42,154,201]"
Fake/0RXWL82ZQ4.jpg,FAKE,1,ONE_FACE,0.9309,"[38,51,138,183]"
Fake/0RZ6FVI5A0.jpg,FAKE,1,ONE_FACE,0.9373,"[59,43,144,193]"
Fake/0S0M3GVNGG.jpg,FAKE,1,ONE_FACE,0.9384,"[57,38,146,175]"
Fake/0S0P856ZEZ.jpg,FAKE,1,ONE_FACE,0.9490,"[50,41,145,185]"
Fake/0S1FKJPTCP.jpg,FAKE,1,ONE_FACE,0.9427,"[52,30,152,211]"
Fake/0S1KBTG5CG.jpg,FAKE,1,ONE_FACE,0.9338,"[71,72,158,173]"
Fake/0S4VYF3GSE.jpg,FAKE,1,ONE_FACE,0.9433,"[63,52,136,180]"
Fake/0S5IW8VK92.jpg,FAKE,1,ONE_FACE,0.9413,"[62,54,135,170]"
Fake/0S626C68TC.jpg,FAKE,1,ONE_FACE,0.9411,"[67,47,152,199]"
Fake/0S65HEX4CH.jpg,FAKE,1,ONE_FACE,0.9476,"[46,45,143,193]"
Fake/0S7AOUCNAN.jpg,FAKE,1,ONE_FACE,0.9496,"[55,42,143,193]"
Fake/0S8V948UC7.jpg,FAKE,1,ONE_FACE,0.9443,"[56,35,147,208]"
Fake/0SAB08QB2T.jpg,FAKE,1,ONE_FACE,0.9447,"[69,45,145,189]"
Fake/0SAUUYZR6V.jpg,FAKE,1,ONE_FACE,0.9409,"[46,41,144,191]"
Fake/0SB029BB50.jpg,FAKE,1,ONE_FACE,0.9427,"[53,41,145,195]"
Fake/0SDH65L1XH.jpg,FAKE,1,ONE_FACE,0.9407,"[62,57,134,177]"
Fake/0SENBHF5JU.jpg,FAKE,1,ONE_FACE,0.9521,"[57,46,139,186]"
Fake/0SF5TSGPE0.jpg,FAKE,1,ONE_FACE,0.9442,"[52,44,146,183]"
Fake/0SFGPDTUQP.jpg,FAKE,1,ONE_FACE,0.9498,"[54,37,142,195]"
Fake/0SK7JPMO73.jpg,FAKE,1,ONE_FACE,0.9462,"[65,49,135,181]"
Fake/0SLP5IBZ0P.jpg,FAKE,1,ONE_FACE,0.9398,"[58,51,139,173]"
Fake/0SN1YLJ06I.jpg,FAKE,1,ONE_FACE,0.9398,"[63,48,150,194]"
Fake/0SQRF6QLO5.jpg,FAKE,1,ONE_FACE,0.9398,"[55,60,139,172]"
Fake/0SQWLKFO98.jpg,FAKE,1,ONE_FACE,0.9384,"[44,45,145,187]"
Fake/0SREAAQWBO.jpg,FAKE,1,ONE_FACE,0.9457,"[45,35,148,195]"
Fake/0SWMTC3K2W.jpg,FAKE,1,ONE_FACE,0.9443,"[39,35,151,202]"
Fake/0SXZRMVK52.jpg,FAKE,1,ONE_FACE,0.9502,"[54,46,144,187]"
Fake/0SYN4RV84A.jpg,FAKE,1,ONE_FACE,0.9469,"[58,41,141,202]"
Fake/0SYXOIWYT0.jpg,FAKE,1,ONE_FACE,0.9461,"[56,50,147,193]"
Fake/0SZAWP817T.jpg,FAKE,1,ONE_FACE,0.9431,"[36,38,148,206]"
Fake/0SZP7KGHQY.jpg,FAKE,1,ONE_FACE,0.9490,"[53,41,145,189]"
Fake/0T047HZUIR.jpg,FAKE,1,ONE_FACE,0.9435,"[49,40,145,205]"
Fake/0T0AGYIQ4M.jpg,FAKE,1,ONE_FACE,0.9414,"[44,38,148,203]"
Fake/0T0DFNYQGC.jpg,FAKE,1,ONE_FACE,0.9485,"[55,61,141,175]"
Fake/0T1W3OSC10.jpg,FAKE,1,ONE_FACE,0.9464,"[36,50,153,197]"
Fake/0T2U1FBYOO.jpg,FAKE,1,ONE_FACE,0.9359,"[52,40,148,207]"
Fake/0T3BG4307M.jpg,FAKE,1,ONE_FACE,0.9495,"[44,45,145,196]"
Fake/0T3MAJYPB1.jpg,FAKE,1,ONE_FACE,0.9419,"[32,22,154,222]"
Fake/0T4BA6KPHE.jpg,FAKE,1,ONE_FACE,0.9459,"[46,36,152,212]"
Fake/0T5KZ4GMEU.jpg,FAKE,1,ONE_FACE,0.9474,"[49,40,145,195]"
Fake/0T6A8I3TWT.jpg,FAKE,1,ONE_FACE,0.9436,"[36,41,134,194]"
Fake/0T6UVTS33G.jpg,FAKE,1,ONE_FACE,0.9375,"[68,28,173,225]"
Fake/0T7PS6YT9W.jpg,FAKE,1,ONE_FACE,0.9332,"[60,42,152,180]"
Fake/0T913W7CSA.jpg,FAKE,1,ONE_FACE,0.9501,"[55,56,143,173]"
Fake/0T92L841YZ.jpg,FAKE,1,ONE_FACE,0.9473,"[55,38,142,197]"
Fake/0TAJA153VP.jpg,FAKE,1,ONE_FACE,0.9524,"[33,47,147,195]"
Fake/0TAXCCYCET.jpg,FAKE,1,ONE_FACE,0.9429,"[78,39,154,215]"
Fake/0TB9EQQHCN.jpg,FAKE,1,ONE_FACE,0.9497,"[58,63,139,166]"
Fake/0TBLT5PZUE.jpg,FAKE,1,ONE_FACE,0.9480,"[69,41,144,197]"
Fake/0TCBRKJ9P8.jpg,FAKE,1,ONE_FACE,0.9343,"[78,51,139,188]"
Fake/0TCSMVNAI9.jpg,FAKE,1,ONE_FACE,0.9410,"[63,45,146,189]"
Fake/0TETHE192T.jpg,FAKE,1,ONE_FACE,0.9394,"[53,53,143,178]"
Fake/0TFRQPXR1X.jpg,FAKE,1,ONE_FACE,0.9366,"[57,41,129,194]"
Fake/0TGOS5UVFK.jpg,FAKE,1,ONE_FACE,0.9404,"[51,54,141,172]"
Fake/0TGRJDR4GZ.jpg,FAKE,1,ONE_FACE,0.9436,"[59,44,139,193]"
Fake/0TH0UA2XSR.jpg,FAKE,1,ONE_FACE,0.9400,"[28,32,150,214]"
Fake/0TIDPP0I0J.jpg,FAKE,1,ONE_FACE,0.9482,"[57,49,136,183]"
Fake/0TJA5XF5RQ.jpg,FAKE,1,ONE_FACE,0.9415,"[64,42,141,194]"
Fake/0TJX811FP4.jpg,FAKE,1,ONE_FACE,0.9472,"[65,45,156,196]"
Fake/0TKVZVUQRH.jpg,FAKE,1,ONE_FACE,0.9316,"[82,36,149,197]"
Fake/0TLBEBHKKT.jpg,FAKE,1,ONE_FACE,0.9386,"[62,38,147,194]"
Fake/0TM940HRLZ.jpg,FAKE,1,ONE_FACE,0.9432,"[39,42,148,193]"
Fake/0TMSBIRMZQ.jpg,FAKE,1,ONE_FACE,0.9358,"[56,50,144,185]"
Fake/0TN8BFOW9N.jpg,FAKE,1,ONE_FACE,0.9463,"[55,43,142,192]"
Fake/0TOPJAEYZ8.jpg,FAKE,1,ONE_FACE,0.9300,"[60,54,135,180]"
Fake/0TOYDT4IC4.jpg,FAKE,1,ONE_FACE,0.9435,"[24,32,163,216]"
Fake/0TP7GLQIGH.jpg,FAKE,1,ONE_FACE,0.9337,"[67,41,150,204]"
Fake/0TQLVT3DQA.jpg,FAKE,1,ONE_FACE,0.9292,"[59,46,147,192]"
Fake/0TQN3F0LBU.jpg,FAKE,1,ONE_FACE,0.9358,"[48,45,139,176]"
Fake/0TR5ZJR7MX.jpg,FAKE,1,ONE_FACE,0.9484,"[56,47,136,186]"
Fake/0TRCO5WAR2.jpg,FAKE,1,ONE_FACE,0.9325,"[69,32,169,221]"
Fake/0TRQSYW8MR.jpg,FAKE,1,ONE_FACE,0.9460,"[50,37,142,195]"
Fake/0TSV0TO4TW.jpg,FAKE,1,ONE_FACE,0.9494,"[55,35,141,199]"
Fake/0TU66DISFG.jpg,FAKE,1,ONE_FACE,0.9515,"[48,40,145,197]"
Fake/0TUMOXSNHZ.jpg,FAKE,1,ONE_FACE,0.9310,"[61,33,134,203]"
Fake/0TVYLSU0FS.jpg,FAKE,1,ONE_FACE,0.9339,"[69,57,133,173]"
Fake/0TXTKABN7W.jpg,FAKE,1,ONE_FACE,0.9460,"[62,43,137,189]"
Fake/0TY558CU7O.jpg,FAKE,1,ONE_FACE,0.9364,"[49,50,145,186]"
Fake/0TYU5X00TX.jpg,FAKE,1,ONE_FACE,0.9494,"[59,56,134,182]"
Fake/0U0ASED1EA.jpg,FAKE,1,ONE_FACE,0.9472,"[46,42,138,194]"
Fake/0U0R0Q5VRJ.jpg,FAKE,1,ONE_FACE,0.9467,"[44,35,147,203]"
Fake/0U18A1G97G.jpg,FAKE,1,ONE_FACE,0.9519,"[88,34,134,200]"
Fake/0U1AW7G1T6.jpg,FAKE,1,ONE_FACE,0.9462,"[34,44,154,197]"
Fake/0U1W0IJKLQ.jpg,FAKE,1,ONE_FACE,0.9492,"[61,50,137,183]"
Fake/0U3HBMKKHJ.jpg,FAKE,1,ONE_FACE,0.9504,"[58,52,137,186]"
Fake/0U4WBQLYY5.jpg,FAKE,1,ONE_FACE,0.9400,"[54,46,144,186]"
Fake/0U632VIT2V.jpg,FAKE,1,ONE_FACE,0.9347,"[49,63,146,181]"
Fake/0U6U6ADFSU.jpg,FAKE,1,ONE_FACE,0.9432,"[53,58,133,171]"
Fake/0U75LK71JC.jpg,FAKE,1,ONE_FACE,0.9465,"[44,38,149,198]"
Fake/0U8G9DNPZ1.jpg,FAKE,1,ONE_FACE,0.9524,"[54,43,142,189]"
Fake/0U92QIZ53I.jpg,FAKE,1,ONE_FACE,0.9454,"[54,37,144,198]"
Fake/0UA0BHB5YW.jpg,FAKE,1,ONE_FACE,0.9464,"[49,41,146,196]"
Fake/0UAE5MERE2.jpg,FAKE,1,ONE_FACE,0.9351,"[53,51,142,173]"
Fake/0UCGKFNOQW.jpg,FAKE,1,ONE_FACE,0.9482,"[50,42,139,189]"
Fake/0UFERT13AX.jpg,FAKE,1,ONE_FACE,0.9307,"[57,54,135,174]"
Fake/0UH87MLHMV.jpg,FAKE,1,ONE_FACE,0.9404,"[59,45,135,187]"
Fake/0UHN1BZZ9B.jpg,FAKE,1,ONE_FACE,0.9488,"[70,54,133,187]"
Fake/0UHWNX4QTS.jpg,FAKE,1,ONE_FACE,0.9493,"[50,41,145,192]"
Fake/0UIS00HYQB.jpg,FAKE,1,ONE_FACE,0.9515,"[68,43,140,180]"
Fake/0UJGQ9ZJTD.jpg,FAKE,1,ONE_FACE,0.9290,"[43,45,147,194]"
Fake/0UJHDK3250.jpg,FAKE,1,ONE_FACE,0.9465,"[58,38,143,194]"
Fake/0UJW3C4M1L.jpg,FAKE,1,ONE_FACE,0.9455,"[53,44,135,178]"
Fake/0UM4QU1IL0.jpg,FAKE,1,ONE_FACE,0.9494,"[38,38,153,205]"
Fake/0UMC0BPR29.jpg,FAKE,1,ONE_FACE,0.9394,"[61,47,139,191]"
Fake/0UNJ8BP232.jpg,FAKE,1,ONE_FACE,0.9380,"[43,38,143,195]"
Fake/0UNOKCNG2Y.jpg,FAKE,1,ONE_FACE,0.9337,"[62,49,147,181]"
Fake/0UNTMVL2RL.jpg,FAKE,1,ONE_FACE,0.9384,"[28,42,157,203]"
Fake/0UR6TT52WQ.jpg,FAKE,1,ONE_FACE,0.9447,"[58,44,147,190]"
Fake/0UR7KN9TV8.jpg,FAKE,1,ONE_FACE,0.9474,"[34,37,151,201]"
Fake/0URW2X3QDE.jpg,FAKE,1,ONE_FACE,0.9352,"[62,55,133,170]"
Fake/0USLMHW31W.jpg,FAKE,1,ONE_FACE,0.9467,"[52,43,142,189]"
Fake/0USML15OLV.jpg,FAKE,1,ONE_FACE,0.9364,"[53,54,137,182]"
Fake/0USU5OAJOJ.jpg,FAKE,1,ONE_FACE,0.9503,"[56,43,141,187]"
Fake/0UT2UIW10U.jpg,FAKE,1,ONE_FACE,0.9408,"[39,48,142,185]"
Fake/0UTTF3VPYT.jpg,FAKE,1,ONE_FACE,0.9385,"[53,41,140,200]"
Fake/0UU930OG9J.jpg,FAKE,1,ONE_FACE,0.9191,"[27,35,155,207]"
Fake/0UUAD2H96A.jpg,FAKE,1,ONE_FACE,0.9457,"[55,43,141,193]"
Fake/0UWJNDHOVF.jpg,FAKE,1,ONE_FACE,0.9404,"[60,55,132,176]"
Fake/0V16VR3BSO.jpg,FAKE,1,ONE_FACE,0.9391,"[49,37,145,192]"
Fake/0V3CG799IA.jpg,FAKE,1,ONE_FACE,0.9489,"[49,45,143,189]"
Fake/0V4YJZF3AD.jpg,FAKE,1,ONE_FACE,0.9444,"[45,37,150,199]"
Fake/0V5YPD9MZ5.jpg,FAKE,1,ONE_FACE,0.9536,"[34,45,143,198]"
Fake/0V63QOVO8D.jpg,FAKE,1,ONE_FACE,0.9379,"[55,53,139,172]"
Fake/0V65RC44EA.jpg,FAKE,1,ONE_FACE,0.9372,"[37,41,150,198]"
Fake/0V7SCOY9ZE.jpg,FAKE,1,ONE_FACE,0.9407,"[55,50,139,183]"
Fake/0V7WIRPWF2.jpg,FAKE,1,ONE_FACE,0.9453,"[56,63,151,184]"
Fake/0V8E0IZDDG.jpg,FAKE,1,ONE_FACE,0.9460,"[67,50,140,179]"
Fake/0VAPRBJFZT.jpg,FAKE,1,ONE_FACE,0.9423,"[66,58,139,180]"
Fake/0VAQDWHQS1.jpg,FAKE,1,ONE_FACE,0.9403,"[56,41,137,192]"
Fake/0VD9A4QXS7.jpg,FAKE,1,ONE_FACE,0.9452,"[61,50,142,188]"
Fake/0VE6R9CZ5J.jpg,FAKE,1,ONE_FACE,0.9416,"[39,54,149,195]"
Fake/0VEAS3Q224.jpg,FAKE,1,ONE_FACE,0.9384,"[38,36,153,207]"
Fake/0VFUWPESO5.jpg,FAKE,1,ONE_FACE,0.9461,"[59,44,154,201]"
Fake/0VGHKFNAMT.jpg,FAKE,1,ONE_FACE,0.9450,"[32,44,155,190]"
Fake/0VJ2SB7MIO.jpg,FAKE,1,ONE_FACE,0.9495,"[37,39,145,203]"
Fake/0VJXVPF60X.jpg,FAKE,1,ONE_FACE,0.9423,"[32,52,147,178]"
Fake/0VLCASRXV2.jpg,FAKE,1,ONE_FACE,0.9397,"[59,35,148,190]"
Fake/0VLE2VOA22.jpg,FAKE,1,ONE_FACE,0.9362,"[61,48,136,180]"
Fake/0VNPD85RZU.jpg,FAKE,1,ONE_FACE,0.9487,"[60,42,145,199]"
Fake/0VOLWLFCZF.jpg,FAKE,1,ONE_FACE,0.9503,"[49,47,144,188]"
Fake/0VPCDNK7W7.jpg,FAKE,1,ONE_FACE,0.9444,"[54,56,136,174]"
Fake/0VQ7FFO5H6.jpg,FAKE,1,ONE_FACE,0.9403,"[67,45,158,203]"
Fake/0VQ8UCU5R5.jpg,FAKE,1,ONE_FACE,0.9462,"[66,35,168,223]"
Fake/0VQSCEVJ6N.jpg,FAKE,1,ONE_FACE,0.9416,"[74,51,154,190]"
Fake/0VQUF2HK51.jpg,FAKE,1,ONE_FACE,0.9526,"[55,46,138,187]"
Fake/0VR4CTI2FH.jpg,FAKE,1,ONE_FACE,0.9425,"[73,36,155,204]"
Fake/0VSBYU29F7.jpg,FAKE,1,ONE_FACE,0.9455,"[60,49,136,183]"
Fake/0VTCIQW7I9.jpg,FAKE,1,ONE_FACE,0.9299,"[32,43,147,194]"
Fake/0VTKGGSD1B.jpg,FAKE,1,ONE_FACE,0.9447,"[52,47,135,184]"
Fake/0VUR9EMBNK.jpg,FAKE,1,ONE_FACE,0.9519,"[53,50,134,176]"
Fake/0VVP5MMQ9J.jpg,FAKE,1,ONE_FACE,0.9422,"[60,47,143,199]"
Fake/0VWI2LZHLH.jpg,FAKE,1,ONE_FACE,0.9332,"[60,54,132,177]"
Fake/0VXGM3FA98.jpg,FAKE,1,ONE_FACE,0.9487,"[58,46,140,195]"
Fake/0VYIEPR71S.jpg,FAKE,1,ONE_FACE,0.9483,"[45,59,145,191]"
Fake/0VYZK4SWM5.jpg,FAKE,1,ONE_FACE,0.9464,"[54,45,144,177]"
Fake/0W0RNRXOV0.jpg,FAKE,1,ONE_FACE,0.9431,"[56,43,139,183]"
Fake/0W1RLNXVF6.jpg,FAKE,1,ONE_FACE,0.9392,"[45,52,137,183]"
Fake/0W1T5URQKB.jpg,FAKE,1,ONE_FACE,0.9454,"[49,37,147,202]"
Fake/0W2M0W6TC5.jpg,FAKE,1,ONE_FACE,0.9458,"[50,37,140,196]"
Fake/0W3TT6RD1H.jpg,FAKE,1,ONE_FACE,0.9407,"[63,52,141,175]"
Fake/0W4DZHSVU5.jpg,FAKE,1,ONE_FACE,0.9329,"[43,40,144,205]"
Fake/0W6DM4KMOQ.jpg,FAKE,1,ONE_FACE,0.9460,"[64,46,148,196]"
Fake/0W6J5B5UJE.jpg,FAKE,1,ONE_FACE,0.9416,"[39,37,153,204]"
Fake/0W6K866245.jpg,FAKE,1,ONE_FACE,0.9377,"[58,45,128,178]"
Fake/0W727QT8DQ.jpg,FAKE,1,ONE_FACE,0.9445,"[54,48,136,182]"
Fake/0W9FY4P4F8.jpg,FAKE,1,ONE_FACE,0.9436,"[41,46,148,210]"
Fake/0W9VVHZOEZ.jpg,FAKE,1,ONE_FACE,0.9374,"[50,38,138,196]"
Fake/0WB56R670M.jpg,FAKE,1,ONE_FACE,0.9544,"[51,43,143,196]"
Fake/0WBE6RMNW8.jpg,FAKE,1,ONE_FACE,0.9515,"[56,63,139,170]"
Fake/0WBR0W3824.jpg,FAKE,1,ONE_FACE,0.9567,"[63,59,130,179]"
Fake/0WE63M29FZ.jpg,FAKE,1,ONE_FACE,0.9377,"[74,39,157,213]"
Fake/0WECSF0M9P.jpg,FAKE,1,ONE_FACE,0.9451,"[36,36,149,202]"
Fake/0WF9KSECM7.jpg,FAKE,1,ONE_FACE,0.9428,"[50,48,144,196]"
Fake/0WFDWQJC6M.jpg,FAKE,1,ONE_FACE,0.9471,"[58,41,140,191]"
Fake/0WFITA4V3B.jpg,FAKE,1,ONE_FACE,0.9442,"[60,55,133,181]"
Fake/0WFV9IQDOK.jpg,FAKE,1,ONE_FACE,0.9491,"[54,40,142,186]"
Fake/0WG9U60GY9.jpg,FAKE,1,ONE_FACE,0.9475,"[47,55,144,182]"
Fake/0WGTUENBIB.jpg,FAKE,1,ONE_FACE,0.9520,"[56,43,144,192]"
Fake/0WGW43F7ZS.jpg,FAKE,1,ONE_FACE,0.9458,"[57,42,134,185]"
Fake/0WHEQV1XMD.jpg,FAKE,1,ONE_FACE,0.9404,"[27,32,150,218]"
Fake/0WHU5IHK5D.jpg,FAKE,1,ONE_FACE,0.9488,"[54,44,140,194]"
Fake/0WIHAS2L8G.jpg,FAKE,1,ONE_FACE,0.9490,"[59,47,144,186]"
Fake/0WIXJKAXKN.jpg,FAKE,1,ONE_FACE,0.9496,"[41,39,143,196]"
Fake/0WJ7J3TE3R.jpg,FAKE,1,ONE_FACE,0.9481,"[47,54,134,176]"
Fake/0WJF0FL03X.jpg,FAKE,1,ONE_FACE,0.9423,"[53,36,149,196]"
Fake/0WJGUQT23Y.jpg,FAKE,1,ONE_FACE,0.9491,"[51,39,142,195]"
Fake/0WJJI3WRI6.jpg,FAKE,1,ONE_FACE,0.9419,"[44,40,145,201]"
Fake/0WKBYWH8EL.jpg,FAKE,1,ONE_FACE,0.9436,"[63,44,147,196]"
Fake/0WL3L9PB4C.jpg,FAKE,1,ONE_FACE,0.9498,"[50,43,142,189]"
Fake/0WLFM9QVUK.jpg,FAKE,1,ONE_FACE,0.9500,"[42,40,150,206]"
Fake/0WLR0GS5X4.jpg,FAKE,1,ONE_FACE,0.9375,"[35,40,144,194]"
Fake/0WLR5E6DVS.jpg,FAKE,1,ONE_FACE,0.9470,"[55,46,140,199]"
Fake/0WN99A9MK4.jpg,FAKE,1,ONE_FACE,0.9364,"[57,45,137,186]"
Fake/0WN9U3ZMPI.jpg,FAKE,1,ONE_FACE,0.9488,"[60,41,141,192]"
Fake/0WNWPZYBX6.jpg,FAKE,1,ONE_FACE,0.9400,"[72,59,136,175]"
Fake/0WO53Z9WD6.jpg,FAKE,1,ONE_FACE,0.9392,"[75,41,127,197]"
Fake/0WP10BM6YQ.jpg,FAKE,1,ONE_FACE,0.9435,"[45,41,150,196]"
Fake/0WPDC69VQJ.jpg,FAKE,1,ONE_FACE,0.9381,"[50,45,143,183]"
Fake/0WQ97VN3JV.jpg,FAKE,1,ONE_FACE,0.9481,"[61,42,139,197]"
Fake/0WQPMZVI1A.jpg,FAKE,1,ONE_FACE,0.9403,"[53,51,144,180]"
Fake/0WRX6JWHIV.jpg,FAKE,1,ONE_FACE,0.9418,"[61,59,130,170]"
Fake/0WSBDO7HNE.jpg,FAKE,1,ONE_FACE,0.9495,"[42,51,149,189]"
Fake/0WT01GYSE2.jpg,FAKE,1,ONE_FACE,0.9417,"[30,38,154,202]"
Fake/0WT3OVLE6G.jpg,FAKE,1,ONE_FACE,0.9367,"[45,47,146,190]"
Fake/0WTG1S7L1T.jpg,FAKE,1,ONE_FACE,0.9359,"[46,41,144,199]"
Fake/0WTG5A40J5.jpg,FAKE,1,ONE_FACE,0.9456,"[50,45,144,186]"
Fake/0WTYXVRJU3.jpg,FAKE,1,ONE_FACE,0.9447,"[44,46,144,187]"
Fake/0WU9461IX6.jpg,FAKE,1,ONE_FACE,0.9364,"[57,56,136,172]"
Fake/0WUA2UGUW6.jpg,FAKE,1,ONE_FACE,0.9400,"[43,42,146,203]"
Fake/0WUU24HSMN.jpg,FAKE,1,ONE_FACE,0.9449,"[58,55,139,183]"
Fake/0WV4BDBHMU.jpg,FAKE,1,ONE_FACE,0.9430,"[77,32,166,212]"
Fake/0WVOOV73LH.jpg,FAKE,1,ONE_FACE,0.9435,"[57,52,139,183]"
Fake/0WVV5SU58W.jpg,FAKE,1,ONE_FACE,0.9482,"[57,55,139,181]"
Fake/0WWGO5VE77.jpg,FAKE,1,ONE_FACE,0.9363,"[56,58,135,173]"
Fake/0WWV84YOAR.jpg,FAKE,1,ONE_FACE,0.9426,"[52,34,144,200]"
Fake/0WXDLFOUSV.jpg,FAKE,1,ONE_FACE,0.9435,"[59,43,143,185]"
Fake/0WXKO4TSI6.jpg,FAKE,1,ONE_FACE,0.9216,"[72,46,141,182]"
Fake/0WXPG4GJU4.jpg,FAKE,1,ONE_FACE,0.9466,"[57,58,141,179]"
Fake/0WZBVNBA0C.jpg,FAKE,1,ONE_FACE,0.9466,"[37,44,146,197]"
Fake/0X1KF58KQX.jpg,FAKE,1,ONE_FACE,0.9425,"[64,40,147,197]"
Fake/0X1LJQJSPB.jpg,FAKE,1,ONE_FACE,0.9333,"[63,47,136,181]"
Fake/0X1XXD9KT8.jpg,FAKE,1,ONE_FACE,0.9427,"[56,38,142,206]"
Fake/0X2UOVN417.jpg,FAKE,1,ONE_FACE,0.9408,"[58,44,146,188]"
Fake/0X2X4LNTBH.jpg,FAKE,1,ONE_FACE,0.9396,"[56,38,149,195]"
Fake/0X47QSM3PQ.jpg,FAKE,1,ONE_FACE,0.9467,"[61,56,132,174]"
Fake/0X4XAYHJY2.jpg,FAKE,1,ONE_FACE,0.9438,"[64,39,146,195]"
Fake/0X5LAQMX2U.jpg,FAKE,1,ONE_FACE,0.9494,"[59,45,139,189]"
Fake/0X5NS7SF5D.jpg,FAKE,1,ONE_FACE,0.9387,"[54,51,134,173]"
Fake/0X720RKIMQ.jpg,FAKE,1,ONE_FACE,0.9454,"[53,41,144,186]"
Fake/0X7P7PA4F3.jpg,FAKE,1,ONE_FACE,0.9503,"[39,35,154,204]"
Fake/0X7Q6KSSD8.jpg,FAKE,1,ONE_FACE,0.9476,"[53,53,137,182]"
Fake/0X8NHE29YW.jpg,FAKE,1,ONE_FACE,0.9420,"[44,38,142,196]"
Fake/0X9L5ONW80.jpg,FAKE,1,ONE_FACE,0.9429,"[60,60,135,167]"
Fake/0X9ZT0ZJWU.jpg,FAKE,1,ONE_FACE,0.9500,"[58,42,144,204]"
Fake/0XA04HAFVF.jpg,FAKE,1,ONE_FACE,0.9366,"[58,43,143,186]"
Fake/0XA4ITDGTY.jpg,FAKE,1,ONE_FACE,0.9521,"[45,50,138,183]"
Fake/0XB41CUJRQ.jpg,FAKE,1,ONE_FACE,0.9463,"[35,41,148,204]"
Fake/0XBFJBWBUX.jpg,FAKE,1,ONE_FACE,0.9496,"[53,46,143,192]"
Fake/0XHO7FY013.jpg,FAKE,1,ONE_FACE,0.9487,"[55,40,143,191]"
Fake/0XHSFTG4SV.jpg,FAKE,1,ONE_FACE,0.9223,"[41,63,130,177]"
Fake/0XJLOLCNI5.jpg,FAKE,1,ONE_FACE,0.9483,"[56,43,138,190]"
Fake/0XKHH2BBNY.jpg,FAKE,1,ONE_FACE,0.9475,"[66,46,149,195]"
Fake/0XL3GM12U4.jpg,FAKE,1,ONE_FACE,0.9412,"[68,37,154,192]"
Fake/0XL657WUH1.jpg,FAKE,1,ONE_FACE,0.9483,"[47,44,147,188]"
Fake/0XM80JKT8B.jpg,FAKE,1,ONE_FACE,0.9551,"[47,37,149,200]"
Fake/0XMHT8AS6O.jpg,FAKE,1,ONE_FACE,0.9463,"[45,41,145,191]"
Fake/0XN3RWC0SJ.jpg,FAKE,1,ONE_FACE,0.9513,"[61,57,138,179]"
Fake/0XNUTLFXKN.jpg,FAKE,1,ONE_FACE,0.9306,"[42,41,153,189]"
Fake/0XOXWR3QK6.jpg,FAKE,1,ONE_FACE,0.9444,"[52,43,141,189]"
Fake/0XPRPD81KY.jpg,FAKE,1,ONE_FACE,0.9518,"[47,43,147,201]"
Fake/0XRM22C4TU.jpg,FAKE,1,ONE_FACE,0.9445,"[64,37,153,197]"
Fake/0XRMTNP53Y.jpg,FAKE,1,ONE_FACE,0.9445,"[63,53,142,182]"
Fake/0XU1X0NCRP.jpg,FAKE,1,ONE_FACE,0.9449,"[47,49,146,192]"
Fake/0XUB8MN0X5.jpg,FAKE,1,ONE_FACE,0.9360,"[48,53,141,185]"
Fake/0XZ92ZDC2Q.jpg,FAKE,1,ONE_FACE,0.9449,"[51,29,135,202]"
Fake/0XZKPRKBFW.jpg,FAKE,1,ONE_FACE,0.9310,"[59,52,137,191]"
Fake/0Y0LJ79NH8.jpg,FAKE,1,ONE_FACE,0.9418,"[58,61,134,165]"
Fake/0Y1AMDE8HJ.jpg,FAKE,1,ONE_FACE,0.9442,"[61,46,143,193]"
Fake/0Y1LDBWA2O.jpg,FAKE,1,ONE_FACE,0.9481,"[55,43,145,200]"
Fake/0Y22IIQPJ1.jpg,FAKE,1,ONE_FACE,0.9383,"[44,44,145,193]"
Fake/0Y24AKC59B.jpg,FAKE,1,ONE_FACE,0.9431,"[53,34,145,203]"
Fake/0Y30APQM2C.jpg,FAKE,1,ONE_FACE,0.9528,"[62,55,141,181]"
Fake/0Y32CKRDF2.jpg,FAKE,1,ONE_FACE,0.9335,"[32,53,153,191]"
Fake/0Y4DHJG23R.jpg,FAKE,1,ONE_FACE,0.9277,"[69,43,150,199]"
Fake/0Y4DXPM3H1.jpg,FAKE,1,ONE_FACE,0.9461,"[44,45,138,187]"
Fake/0Y4LXB7SI4.jpg,FAKE,1,ONE_FACE,0.9433,"[84,39,147,205]"
Fake/0Y5UNVHGDJ.jpg,FAKE,1,ONE_FACE,0.9474,"[40,44,145,187]"
Fake/0Y6HO5DORA.jpg,FAKE,1,ONE_FACE,0.9394,"[64,58,132,172]"
Fake/0Y6PAMNDJP.jpg,FAKE,1,ONE_FACE,0.9464,"[55,45,134,184]"
Fake/0Y7V95SMQC.jpg,FAKE,1,ONE_FACE,0.9457,"[36,34,147,203]"
Fake/0Y8E4FSEEF.jpg,FAKE,1,ONE_FACE,0.9423,"[64,48,148,193]"
Fake/0YAMWRLKB4.jpg,FAKE,1,ONE_FACE,0.9379,"[71,56,126,177]"
Fake/0YBRKY2ZXV.jpg,FAKE,1,ONE_FACE,0.9464,"[46,34,149,210]"
Fake/0YFMFKOYRC.jpg,FAKE,1,ONE_FACE,0.9386,"[77,37,159,217]"
Fake/0YFTYCNUAU.jpg,FAKE,1,ONE_FACE,0.9483,"[48,38,145,196]"
Fake/0YJFYH6ON5.jpg,FAKE,1,ONE_FACE,0.9423,"[59,56,141,172]"
Fake/0YJG9QBYQZ.jpg,FAKE,1,ONE_FACE,0.9425,"[54,58,143,188]"
Fake/0YK30OHD0U.jpg,FAKE,1,ONE_FACE,0.9524,"[56,41,138,193]"
Fake/0YKX5937T7.jpg,FAKE,1,ONE_FACE,0.9459,"[58,49,141,180]"
Fake/0YLAI4O13R.jpg,FAKE,1,ONE_FACE,0.9507,"[51,48,141,177]"
Fake/0YLQNK46RT.jpg,FAKE,1,ONE_FACE,0.9282,"[47,37,131,187]"
Fake/0YLZOAYVAP.jpg,FAKE,1,ONE_FACE,0.9486,"[54,50,134,188]"
Fake/0YNW9M0NGH.jpg,FAKE,1,ONE_FACE,0.9443,"[57,52,136,182]"
Fake/0YPMWF4OGL.jpg,FAKE,1,ONE_FACE,0.9491,"[60,42,144,189]"
Fake/0YPO4YLTRJ.jpg,FAKE,1,ONE_FACE,0.9433,"[61,63,135,163]"
Fake/0YQNJS0OL1.jpg,FAKE,1,ONE_FACE,0.9464,"[83,36,148,216]"
Fake/0YQVLIUFQ5.jpg,FAKE,1,ONE_FACE,0.9522,"[58,43,136,192]"
Fake/0YSI326XIG.jpg,FAKE,1,ONE_FACE,0.9470,"[56,41,161,208]"
Fake/0YT7JQHHSM.jpg,FAKE,1,ONE_FACE,0.9357,"[50,44,126,193]"
Fake/0YT9KLUPKW.jpg,FAKE,1,ONE_FACE,0.9449,"[61,48,148,204]"
Fake/0YUFS39YPJ.jpg,FAKE,1,ONE_FACE,0.9521,"[56,51,140,184]"
Fake/0YV8F7023K.jpg,FAKE,1,ONE_FACE,0.9372,"[44,44,135,178]"
Fake/0YVR203QP9.jpg,FAKE,1,ONE_FACE,0.9440,"[52,44,142,192]"
Fake/0YWKJZERYJ.jpg,FAKE,1,ONE_FACE,0.9466,"[47,62,151,185]"
Fake/0YX00K947S.jpg,FAKE,1,ONE_FACE,0.9450,"[60,38,148,207]"
Fake/0YXSH956VE.jpg,FAKE,1,ONE_FACE,0.9501,"[53,38,147,196]"
Fake/0YYB0B9UTA.jpg,FAKE,1,ONE_FACE,0.9471,"[60,53,142,193]"
Fake/0YYGPB5PIE.jpg,FAKE,1,ONE_FACE,0.9548,"[61,56,131,170]"
Fake/0YZ5LPD6OG.jpg,FAKE,1,ONE_FACE,0.9535,"[59,49,140,184]"
Fake/0YZV4HZ8J1.jpg,FAKE,1,ONE_FACE,0.9415,"[54,39,140,190]"
Fake/0Z0MNTMTMN.jpg,FAKE,1,ONE_FACE,0.9387,"[65,38,142,200]"
Fake/0Z1VPKAVNV.jpg,FAKE,1,ONE_FACE,0.9490,"[78,34,146,203]"
Fake/0Z5E8QBLLC.jpg,FAKE,1,ONE_FACE,0.9375,"[63,37,150,211]"
Fake/0Z612IL6R8.jpg,FAKE,1,ONE_FACE,0.9408,"[21,28,165,215]"
Fake/0Z62JPLH1O.jpg,FAKE,1,ONE_FACE,0.9518,"[54,40,149,199]"
Fake/0Z6MRS3CVN.jpg,FAKE,1,ONE_FACE,0.9424,"[63,43,140,190]"
Fake/0Z7JI7XKK2.jpg,FAKE,1,ONE_FACE,0.9410,"[56,50,147,181]"
Fake/0Z93QJXVQY.jpg,FAKE,1,ONE_FACE,0.9403,"[51,42,141,193]"
Fake/0ZAC0N5KA7.jpg,FAKE,1,ONE_FACE,0.9454,"[68,46,141,198]"
Fake/0ZBCM6JP9R.jpg,FAKE,1,ONE_FACE,0.9525,"[53,44,144,201]"
Fake/0ZBLDEB0ZO.jpg,FAKE,1,ONE_FACE,0.9434,"[63,44,143,179]"
Fake/0ZBVK6CPXQ.jpg,FAKE,1,ONE_FACE,0.9362,"[50,55,138,181]"
Fake/0ZC1D17BXH.jpg,FAKE,1,ONE_FACE,0.9424,"[53,44,137,177]"
Fake/0ZDLJ4V0MO.jpg,FAKE,1,ONE_FACE,0.9487,"[54,47,145,183]"
Fake/0ZE2Z2SWFG.jpg,FAKE,1,ONE_FACE,0.9361,"[50,39,145,196]"
Fake/0ZIC3C6L3R.jpg,FAKE,1,ONE_FACE,0.9502,"[57,43,144,199]"
Fake/0ZIKH8UFDL.jpg,FAKE,1,ONE_FACE,0.9477,"[61,54,136,165]"
Fake/0ZJBOCYYYL.jpg,FAKE,1,ONE_FACE,0.9404,"[74,37,146,189]"
Fake/0ZJEW1V2MH.jpg,FAKE,1,ONE_FACE,0.9474,"[52,39,140,197]"
Fake/0ZKC0O4UCR.jpg,FAKE,1,ONE_FACE,0.9405,"[52,58,141,180]"
Fake/0ZL9IRN4R4.jpg,FAKE,1,ONE_FACE,0.9381,"[44,60,143,183]"
Fake/0ZLBSF79Z1.jpg,FAKE,1,ONE_FACE,0.9484,"[53,38,141,197]"
Fake/0ZNBZK48L5.jpg,FAKE,1,ONE_FACE,0.9408,"[60,52,137,176]"
Fake/0ZOHMPKI32.jpg,FAKE,1,ONE_FACE,0.9400,"[65,50,164,197]"
Fake/0ZOTC1KZJ6.jpg,FAKE,1,ONE_FACE,0.9408,"[54,46,147,188]"
Fake/0ZPRVRRQMS.jpg,FAKE,1,ONE_FACE,0.9376,"[52,42,138,192]"
Fake/0ZUVZWOEJ2.jpg,FAKE,1,ONE_FACE,0.9372,"[68,36,150,211]"
Fake/0ZVMKQAXNC.jpg,FAKE,1,ONE_FACE,0.9510,"[48,35,148,207]"
Fake/0ZZRH9H8E5.jpg,FAKE,1,ONE_FACE,0.9444,"[44,41,142,194]"
Fake/1A13JXCF95.jpg,FAKE,1,ONE_FACE,0.9413,"[67,33,167,218]"
Fake/1A340XKJZ9.jpg,FAKE,1,ONE_FACE,0.9530,"[54,51,138,180]"
Fake/1A48QAD86H.jpg,FAKE,1,ONE_FACE,0.9441,"[42,49,136,186]"
Fake/1A4A8R31KA.jpg,FAKE,1,ONE_FACE,0.9506,"[56,47,136,174]"
Fake/1A54YLEN2Z.jpg,FAKE,1,ONE_FACE,0.9446,"[60,42,140,189]"
Fake/1A5BXUKUXA.jpg,FAKE,1,ONE_FACE,0.9363,"[50,42,144,189]"
Fake/1A6BSUIXFS.jpg,FAKE,1,ONE_FACE,0.9473,"[70,44,143,197]"
Fake/1A7FN45DI1.jpg,FAKE,1,ONE_FACE,0.9443,"[64,46,145,187]"
Fake/1A7GN7XB6W.jpg,FAKE,2,MULTIPLE_FACES,"[0.9457, 0.714]","[[53, 51, 137, 179], [202, 53, 57, 117]]"
Fake/1AA04ANEZ4.jpg,FAKE,1,ONE_FACE,0.9425,"[48,46,144,184]"
Fake/1AAUUDKQCZ.jpg,FAKE,1,ONE_FACE,0.9478,"[49,44,144,192]"
Fake/1ACTFCG4NO.jpg,FAKE,1,ONE_FACE,0.9389,"[48,47,142,184]"
Fake/1AF33XZ1VS.jpg,FAKE,1,ONE_FACE,0.9377,"[60,54,133,175]"
Fake/1AFRCVHJQN.jpg,FAKE,1,ONE_FACE,0.9402,"[51,34,153,216]"
Fake/1AH2DONDDA.jpg,FAKE,1,ONE_FACE,0.9396,"[50,51,138,176]"
Fake/1AHOJA3391.jpg,FAKE,1,ONE_FACE,0.9431,"[60,47,133,182]"
Fake/1AHRHBIH1V.jpg,FAKE,1,ONE_FACE,0.9486,"[43,39,146,201]"
Fake/1AJ69XFBTP.jpg,FAKE,1,ONE_FACE,0.9465,"[57,56,139,172]"
Fake/1ALL6UZNXP.jpg,FAKE,1,ONE_FACE,0.9357,"[44,41,145,196]"
Fake/1AOH6RFESB.jpg,FAKE,1,ONE_FACE,0.9448,"[62,45,137,184]"
Fake/1APJT5YCL5.jpg,FAKE,1,ONE_FACE,0.9450,"[56,47,140,184]"
Fake/1AQXCCQM21.jpg,FAKE,1,ONE_FACE,0.9507,"[51,37,149,194]"
Fake/1AR3X3UEKU.jpg,FAKE,1,ONE_FACE,0.9414,"[64,54,137,176]"
Fake/1ARU3WMSQE.jpg,FAKE,1,ONE_FACE,0.9439,"[58,54,139,175]"
Fake/1AS5B6OS9I.jpg,FAKE,1,ONE_FACE,0.9508,"[59,42,138,189]"
Fake/1ASJ2JVB8Q.jpg,FAKE,1,ONE_FACE,0.9527,"[44,50,146,193]"
Fake/1ASNJCSHVZ.jpg,FAKE,1,ONE_FACE,0.9403,"[55,52,136,174]"
Fake/1ATFYJGKZQ.jpg,FAKE,1,ONE_FACE,0.9470,"[46,47,140,193]"
Fake/1AUA9THC0M.jpg,FAKE,1,ONE_FACE,0.9272,"[29,43,159,202]"
Fake/1AUEQMH2T6.jpg,FAKE,1,ONE_FACE,0.9428,"[61,64,145,173]"
Fake/1AUM18ZXJZ.jpg,FAKE,1,ONE_FACE,0.9491,"[66,55,136,173]"
Fake/1AUWG7MBSU.jpg,FAKE,1,ONE_FACE,0.9531,"[53,38,144,195]"
Fake/1AW32V0YRU.jpg,FAKE,1,ONE_FACE,0.9433,"[57,54,135,169]"
Fake/1AWLDDWQG0.jpg,FAKE,1,ONE_FACE,0.9495,"[58,41,140,192]"
Fake/1AX3DX1PFC.jpg,FAKE,1,ONE_FACE,0.9458,"[43,38,137,202]"
Fake/1AXP3E6X8C.jpg,FAKE,1,ONE_FACE,0.9520,"[57,45,139,187]"
Fake/1AYJ5UYT43.jpg,FAKE,1,ONE_FACE,0.9428,"[56,41,139,197]"
Fake/1AYNK7ZRZN.jpg,FAKE,1,ONE_FACE,0.9406,"[46,55,146,187]"
Fake/1AZ0BN4AIF.jpg,FAKE,1,ONE_FACE,0.9531,"[71,39,158,203]"
Fake/1AZJZ3KK3K.jpg,FAKE,1,ONE_FACE,0.9430,"[41,40,142,202]"
Fake/1B09ZI6UB3.jpg,FAKE,1,ONE_FACE,0.9475,"[55,60,136,169]"
Fake/1B1CIQB02U.jpg,FAKE,1,ONE_FACE,0.9483,"[54,45,140,190]"
Fake/1B1FCWEGWD.jpg,FAKE,1,ONE_FACE,0.9442,"[34,44,143,194]"
Fake/1B1S2UZX1B.jpg,FAKE,1,ONE_FACE,0.9429,"[78,38,144,204]"
Fake/1B23VVPDT5.jpg,FAKE,1,ONE_FACE,0.9450,"[56,56,139,184]"
Fake/1B32BIMOVG.jpg,FAKE,1,ONE_FACE,0.9258,"[54,46,136,161]"
Fake/1B36A7BUFG.jpg,FAKE,1,ONE_FACE,0.9425,"[52,46,144,190]"
Fake/1B3KPN5OIF.jpg,FAKE,1,ONE_FACE,0.9416,"[47,50,143,179]"
Fake/1B4BWCTCI0.jpg,FAKE,1,ONE_FACE,0.9370,"[52,50,141,186]"
Fake/1B4FBQRLX0.jpg,FAKE,1,ONE_FACE,0.9413,"[52,51,144,186]"
Fake/1B5CB5SGAK.jpg,FAKE,1,ONE_FACE,0.9366,"[54,30,138,206]"
Fake/1B6IG8CIGZ.jpg,FAKE,1,ONE_FACE,0.9473,"[51,38,143,193]"
Fake/1B7KVA3K85.jpg,FAKE,1,ONE_FACE,0.9428,"[71,39,156,208]"
Fake/1B7TOL57JB.jpg,FAKE,1,ONE_FACE,0.9443,"[59,48,142,182]"
Fake/1B8AY8FX4C.jpg,FAKE,1,ONE_FACE,0.9393,"[77,41,145,215]"
Fake/1B9RJWIO3K.jpg,FAKE,1,ONE_FACE,0.9442,"[55,47,137,181]"
Fake/1B9YK59DOJ.jpg,FAKE,1,ONE_FACE,0.9408,"[65,38,148,196]"
Fake/1BAA2OCMJM.jpg,FAKE,1,ONE_FACE,0.9402,"[68,37,136,205]"
Fake/1BAXG4Z9WM.jpg,FAKE,1,ONE_FACE,0.9495,"[54,32,146,209]"
Fake/1BB9LM0BDK.jpg,FAKE,1,ONE_FACE,0.9428,"[66,45,141,190]"
Fake/1BCIF820KG.jpg,FAKE,1,ONE_FACE,0.9346,"[68,45,143,181]"
Fake/1BDAD7SY67.jpg,FAKE,1,ONE_FACE,0.9386,"[52,59,141,175]"
Fake/1BEDMKJXE1.jpg,FAKE,1,ONE_FACE,0.9405,"[55,34,148,202]"
Fake/1BEF7X7XGC.jpg,FAKE,1,ONE_FACE,0.9387,"[58,52,136,172]"
Fake/1BFGL32ZCH.jpg,FAKE,1,ONE_FACE,0.9459,"[47,44,144,196]"
Fake/1BHWVHIPZT.jpg,FAKE,1,ONE_FACE,0.9435,"[54,56,141,179]"
Fake/1BLZ4VGAC3.jpg,FAKE,1,ONE_FACE,0.9441,"[52,55,138,178]"
Fake/1BMCBMYO86.jpg,FAKE,1,ONE_FACE,0.9447,"[71,30,160,222]"
Fake/1BMS8RMZXZ.jpg,FAKE,1,ONE_FACE,0.9373,"[37,37,152,205]"
Fake/1BNH8Y8856.jpg,FAKE,1,ONE_FACE,0.9517,"[59,42,147,204]"
Fake/1BO955ZTR0.jpg,FAKE,1,ONE_FACE,0.9473,"[52,39,147,202]"
Fake/1BPMGFYP4X.jpg,FAKE,1,ONE_FACE,0.9440,"[46,55,144,188]"
Fake/1BRRB2N2BM.jpg,FAKE,1,ONE_FACE,0.9458,"[58,42,160,207]"
Fake/1BSGMK7CG7.jpg,FAKE,1,ONE_FACE,0.9425,"[49,38,142,193]"
Fake/1BST2GD4BB.jpg,FAKE,1,ONE_FACE,0.9405,"[56,57,137,179]"
Fake/1BTU0U8ZDP.jpg,FAKE,1,ONE_FACE,0.9355,"[66,41,157,201]"
Fake/1BUSWUADLS.jpg,FAKE,1,ONE_FACE,0.9484,"[68,49,141,192]"
Fake/1BVJA19X3Z.jpg,FAKE,1,ONE_FACE,0.9393,"[74,52,135,187]"
Fake/1BVY0OUC2A.jpg,FAKE,1,ONE_FACE,0.9469,"[58,63,132,163]"
Fake/1BY6TQ40KO.jpg,FAKE,1,ONE_FACE,0.9522,"[57,47,142,193]"
Fake/1C1EE3U4OV.jpg,FAKE,1,ONE_FACE,0.9456,"[48,40,145,199]"
Fake/1C1F57X9Y9.jpg,FAKE,1,ONE_FACE,0.9271,"[68,48,125,180]"
Fake/1C1HHV3HXU.jpg,FAKE,1,ONE_FACE,0.9403,"[72,47,130,181]"
Fake/1C26S0TU58.jpg,FAKE,1,ONE_FACE,0.9479,"[65,45,151,187]"
Fake/1C3CB2R8BW.jpg,FAKE,1,ONE_FACE,0.9403,"[59,44,126,180]"
Fake/1C404NBZ4F.jpg,FAKE,1,ONE_FACE,0.9465,"[55,46,143,185]"
Fake/1C4FZGG1QZ.jpg,FAKE,1,ONE_FACE,0.9410,"[33,45,155,189]"
Fake/1C4IUIM274.jpg,FAKE,1,ONE_FACE,0.9440,"[64,42,140,191]"
Fake/1C507AWHBA.jpg,FAKE,1,ONE_FACE,0.9385,"[56,53,137,172]"
Fake/1C50T9A77U.jpg,FAKE,1,ONE_FACE,0.9458,"[48,41,147,196]"
Fake/1C53KBJCSR.jpg,FAKE,1,ONE_FACE,0.9529,"[59,52,135,177]"
Fake/1C8DUS81JI.jpg,FAKE,1,ONE_FACE,0.9446,"[45,39,146,195]"
Fake/1CA55Q4LST.jpg,FAKE,1,ONE_FACE,0.9498,"[53,40,142,193]"
Fake/1CBLAKO5FK.jpg,FAKE,1,ONE_FACE,0.9458,"[39,45,150,194]"
Fake/1CBUEXYPVD.jpg,FAKE,1,ONE_FACE,0.9301,"[63,56,136,174]"
Fake/1CCBZRWLSE.jpg,FAKE,1,ONE_FACE,0.9337,"[54,50,137,178]"
Fake/1CD8BUCH7K.jpg,FAKE,1,ONE_FACE,0.9454,"[60,45,138,181]"
Fake/1CDTQC49Y4.jpg,FAKE,1,ONE_FACE,0.9335,"[63,37,147,189]"
Fake/1CEDBS8WIX.jpg,FAKE,1,ONE_FACE,0.9504,"[61,57,132,175]"
Fake/1CFI6815XJ.jpg,FAKE,1,ONE_FACE,0.9470,"[57,50,136,180]"
Fake/1CHERI3ACJ.jpg,FAKE,1,ONE_FACE,0.9346,"[68,53,141,187]"
Fake/1CLJULTEPH.jpg,FAKE,1,ONE_FACE,0.9375,"[60,55,131,176]"
Fake/1CMTBTFMMO.jpg,FAKE,1,ONE_FACE,0.9442,"[47,44,143,201]"
Fake/1CO38HO6L5.jpg,FAKE,1,ONE_FACE,0.9385,"[77,57,136,173]"
Fake/1CP9GZQS7Q.jpg,FAKE,1,ONE_FACE,0.9302,"[69,40,135,183]"
Fake/1CPF6MJJK3.jpg,FAKE,1,ONE_FACE,0.9350,"[61,47,137,188]"
Fake/1CPZM9V8J2.jpg,FAKE,1,ONE_FACE,0.9352,"[61,45,147,196]"
Fake/1CQJ8DXNEK.jpg,FAKE,1,ONE_FACE,0.9405,"[57,41,139,189]"
Fake/1CR8EGSSGO.jpg,FAKE,1,ONE_FACE,0.9443,"[49,36,143,200]"
Fake/1CRYVB85SJ.jpg,FAKE,1,ONE_FACE,0.9357,"[41,43,142,192]"
Fake/1CSIJ6YYY0.jpg,FAKE,1,ONE_FACE,0.9508,"[51,41,160,207]"
Fake/1CSPHVTOZT.jpg,FAKE,1,ONE_FACE,0.9469,"[60,36,145,191]"
Fake/1CTT3FPU8Q.jpg,FAKE,1,ONE_FACE,0.9413,"[50,38,142,198]"
Fake/1CU4IIUPUG.jpg,FAKE,1,ONE_FACE,0.9314,"[30,41,152,199]"
Fake/1CUFYZ5R3E.jpg,FAKE,1,ONE_FACE,0.9457,"[31,38,151,206]"
Fake/1CUSBRCSX1.jpg,FAKE,1,ONE_FACE,0.9479,"[45,37,147,201]"
Fake/1CVKE5J3V2.jpg,FAKE,1,ONE_FACE,0.9410,"[38,45,139,195]"
Fake/1CVW2AWI3I.jpg,FAKE,1,ONE_FACE,0.9412,"[58,47,148,189]"
Fake/1CW8XNLQ35.jpg,FAKE,1,ONE_FACE,0.9397,"[51,48,138,169]"
Fake/1D017B0PYK.jpg,FAKE,1,ONE_FACE,0.9448,"[43,44,147,195]"
Fake/1D1JYIZ8GA.jpg,FAKE,1,ONE_FACE,0.9377,"[28,38,157,198]"
Fake/1D1UDH83TM.jpg,FAKE,2,MULTIPLE_FACES,"[0.9401, 0.8283]","[[51, 49, 138, 179], [184, 0, 73, 69]]"
Fake/1D2A4VJXME.jpg,FAKE,1,ONE_FACE,0.9440,"[55,52,144,184]"
Fake/1D2ISJQOIQ.jpg,FAKE,1,ONE_FACE,0.9409,"[43,45,138,181]"
Fake/1D2MUUXC2Y.jpg,FAKE,1,ONE_FACE,0.9392,"[37,46,143,185]"
Fake/1D34V9HIOQ.jpg,FAKE,1,ONE_FACE,0.9439,"[29,54,155,182]"
Fake/1D4BU9LF03.jpg,FAKE,1,ONE_FACE,0.9421,"[57,44,144,196]"
Fake/1D5PPB0ZNH.jpg,FAKE,1,ONE_FACE,0.9189,"[57,46,141,195]"
Fake/1D634EK5YA.jpg,FAKE,1,ONE_FACE,0.9472,"[58,49,135,184]"
Fake/1D74VMSA9Z.jpg,FAKE,1,ONE_FACE,0.9480,"[57,49,141,185]"
Fake/1D7IJHADQF.jpg,FAKE,1,ONE_FACE,0.9355,"[62,47,141,182]"
Fake/1D7UYCWZU0.jpg,FAKE,1,ONE_FACE,0.9547,"[53,42,145,193]"
Fake/1D7YHDKC9P.jpg,FAKE,1,ONE_FACE,0.9359,"[42,43,131,189]"
Fake/1D8GU6XQ37.jpg,FAKE,1,ONE_FACE,0.9423,"[42,41,148,204]"
Fake/1D9FPA5AYU.jpg,FAKE,1,ONE_FACE,0.9476,"[51,47,145,191]"
Fake/1DBDREJBGO.jpg,FAKE,1,ONE_FACE,0.9496,"[70,53,135,188]"
Fake/1DCZHIGVB5.jpg,FAKE,1,ONE_FACE,0.9449,"[56,40,144,184]"
Fake/1DEGDB8FYF.jpg,FAKE,1,ONE_FACE,0.9383,"[75,35,150,212]"
Fake/1DFMRXEQ0C.jpg,FAKE,1,ONE_FACE,0.9426,"[74,41,153,217]"
Fake/1DGDB6Z75D.jpg,FAKE,1,ONE_FACE,0.9418,"[53,57,141,164]"
Fake/1DGLSWPTPD.jpg,FAKE,1,ONE_FACE,0.9487,"[58,38,139,197]"
Fake/1DHDWCL2OD.jpg,FAKE,1,ONE_FACE,0.9446,"[50,39,143,199]"
Fake/1DHEZMHG9S.jpg,FAKE,1,ONE_FACE,0.9496,"[47,41,148,201]"
Fake/1DHFCGK6TC.jpg,FAKE,1,ONE_FACE,0.9484,"[53,50,138,193]"
Fake/1DLNZANUP2.jpg,FAKE,1,ONE_FACE,0.9470,"[63,48,139,183]"
Fake/1DLT35JKI9.jpg,FAKE,1,ONE_FACE,0.9351,"[41,39,155,199]"
Fake/1DM3ZQ5H37.jpg,FAKE,1,ONE_FACE,0.9484,"[47,50,147,187]"
Fake/1DMK2YUCFN.jpg,FAKE,1,ONE_FACE,0.9434,"[54,51,142,174]"
Fake/1DMX3OTXNR.jpg,FAKE,1,ONE_FACE,0.9446,"[50,45,145,196]"
Fake/1DPF42JYF8.jpg,FAKE,1,ONE_FACE,0.9401,"[65,46,155,205]"
Fake/1DPYYLBYAO.jpg,FAKE,1,ONE_FACE,0.9474,"[81,37,148,199]"
Fake/1DRAV7ARXE.jpg,FAKE,1,ONE_FACE,0.9386,"[36,37,148,207]"
Fake/1DS7DCO11X.jpg,FAKE,1,ONE_FACE,0.9460,"[58,47,134,178]"
Fake/1DSWRV3Y1T.jpg,FAKE,1,ONE_FACE,0.9373,"[24,40,155,208]"
Fake/1DUGSN2I4F.jpg,FAKE,1,ONE_FACE,0.9426,"[51,44,137,186]"
Fake/1DV4CG7K3F.jpg,FAKE,1,ONE_FACE,0.9462,"[54,39,140,188]"
Fake/1DVIKE8W33.jpg,FAKE,1,ONE_FACE,0.9464,"[61,47,139,195]"
Fake/1DVVT37QTJ.jpg,FAKE,1,ONE_FACE,0.9482,"[50,49,139,181]"
Fake/1DVZBL5LLJ.jpg,FAKE,1,ONE_FACE,0.9403,"[39,41,153,190]"
Fake/1DW5JYSJBO.jpg,FAKE,1,ONE_FACE,0.9366,"[42,38,151,201]"
Fake/1DZLUWHUZL.jpg,FAKE,1,ONE_FACE,0.9394,"[75,45,150,202]"
Fake/1E0CZZ96D7.jpg,FAKE,1,ONE_FACE,0.9435,"[59,63,136,169]"
Fake/1E12064AVE.jpg,FAKE,1,ONE_FACE,0.9457,"[64,36,156,212]"
Fake/1E1IOSWVBW.jpg,FAKE,1,ONE_FACE,0.9329,"[44,42,135,210]"
Fake/1E31KBK3WW.jpg,FAKE,1,ONE_FACE,0.9499,"[28,44,152,199]"
Fake/1E359D5HVH.jpg,FAKE,1,ONE_FACE,0.9476,"[53,47,147,183]"
Fake/1E3ASJYGRA.jpg,FAKE,1,ONE_FACE,0.9372,"[35,39,149,189]"
Fake/1E4RT5G5KT.jpg,FAKE,1,ONE_FACE,0.9434,"[39,40,153,201]"
Fake/1E4W1761R6.jpg,FAKE,1,ONE_FACE,0.9407,"[40,39,151,205]"
Fake/1E8H6XTYWL.jpg,FAKE,1,ONE_FACE,0.9381,"[63,54,138,175]"
Fake/1E9AXR2EMX.jpg,FAKE,1,ONE_FACE,0.9474,"[77,44,142,199]"
Fake/1E9GI8UI0Q.jpg,FAKE,1,ONE_FACE,0.9425,"[72,44,152,204]"
Fake/1EBLEY1SNO.jpg,FAKE,1,ONE_FACE,0.9397,"[38,39,147,206]"
Fake/1EC98LYJMA.jpg,FAKE,1,ONE_FACE,0.9325,"[53,37,142,184]"
Fake/1ED43P45ZN.jpg,FAKE,1,ONE_FACE,0.9546,"[61,53,135,178]"
Fake/1EDBGLF826.jpg,FAKE,1,ONE_FACE,0.9464,"[39,36,155,202]"
Fake/1EEPY63J1D.jpg,FAKE,1,ONE_FACE,0.9388,"[70,49,143,182]"
Fake/1EETV0QFTB.jpg,FAKE,1,ONE_FACE,0.9468,"[55,56,139,173]"
Fake/1EH8DFRJU4.jpg,FAKE,1,ONE_FACE,0.9468,"[52,35,155,201]"
Fake/1EH98LNIDY.jpg,FAKE,1,ONE_FACE,0.9536,"[57,49,141,193]"
Fake/1EHPV4D6TS.jpg,FAKE,1,ONE_FACE,0.9429,"[19,43,156,197]"
Fake/1EJOGA09O7.jpg,FAKE,1,ONE_FACE,0.9354,"[56,46,139,183]"
Fake/1ELBFCBLKQ.jpg,FAKE,1,ONE_FACE,0.9436,"[43,40,150,196]"
Fake/1ELH4O9NIB.jpg,FAKE,1,ONE_FACE,0.9429,"[57,55,134,166]"
Fake/1ELS4GAOOZ.jpg,FAKE,1,ONE_FACE,0.9382,"[52,46,142,194]"
Fake/1EM7K8H1UQ.jpg,FAKE,1,ONE_FACE,0.9379,"[52,42,142,199]"
Fake/1EMIAVGEIE.jpg,FAKE,1,ONE_FACE,0.9426,"[39,48,138,187]"
Fake/1EMPCDFZ1X.jpg,FAKE,1,ONE_FACE,0.9448,"[53,53,149,182]"
Fake/1EMSMCALCH.jpg,FAKE,1,ONE_FACE,0.9494,"[59,51,137,182]"
Fake/1EN44SHT07.jpg,FAKE,1,ONE_FACE,0.9391,"[53,47,137,186]"
Fake/1ENB9SHTSX.jpg,FAKE,1,ONE_FACE,0.9494,"[55,41,144,193]"
Fake/1EO7A2IZ9Y.jpg,FAKE,1,ONE_FACE,0.9364,"[63,62,134,166]"
Fake/1EPZ7G2L6E.jpg,FAKE,1,ONE_FACE,0.9404,"[58,41,151,201]"
Fake/1ERG2MMKJL.jpg,FAKE,1,ONE_FACE,0.9432,"[61,48,141,184]"
Fake/1EUZ7W8IR7.jpg,FAKE,1,ONE_FACE,0.9472,"[57,39,139,192]"
Fake/1EVI00Q4P6.jpg,FAKE,1,ONE_FACE,0.9542,"[48,43,146,192]"
Fake/1EX90NT34A.jpg,FAKE,1,ONE_FACE,0.9430,"[62,48,146,196]"
Fake/1EXWAZ9FBL.jpg,FAKE,1,ONE_FACE,0.9501,"[57,48,134,187]"
Fake/1EY5XGF625.jpg,FAKE,1,ONE_FACE,0.9429,"[40,41,148,195]"
Fake/1EZEOWHC7F.jpg,FAKE,1,ONE_FACE,0.9458,"[58,39,144,204]"
Fake/1EZGNOP372.jpg,FAKE,1,ONE_FACE,0.9495,"[68,44,136,195]"
Fake/1F02URCVI4.jpg,FAKE,1,ONE_FACE,0.9413,"[50,47,149,198]"
Fake/1F0Z708IGS.jpg,FAKE,1,ONE_FACE,0.9283,"[56,60,145,180]"
Fake/1F2GYYNPN5.jpg,FAKE,1,ONE_FACE,0.9424,"[56,52,153,189]"
Fake/1F3BLOGOLC.jpg,FAKE,1,ONE_FACE,0.9435,"[34,37,148,205]"
Fake/1F6DME8LTG.jpg,FAKE,1,ONE_FACE,0.9383,"[32,31,159,218]"
Fake/1F7T4JUEQ2.jpg,FAKE,1,ONE_FACE,0.9453,"[64,57,134,180]"
Fake/1F94W946YV.jpg,FAKE,1,ONE_FACE,0.9415,"[54,57,140,176]"
Fake/1F97WEG8GS.jpg,FAKE,1,ONE_FACE,0.9351,"[58,41,138,193]"
Fake/1FAN6EB9QV.jpg,FAKE,1,ONE_FACE,0.9488,"[69,37,138,194]"
Fake/1FB6BACU4W.jpg,FAKE,1,ONE_FACE,0.9368,"[42,37,143,201]"
Fake/1FCA5KW1RC.jpg,FAKE,1,ONE_FACE,0.9450,"[84,37,145,207]"
Fake/1FECQ620LF.jpg,FAKE,1,ONE_FACE,0.9444,"[51,45,146,188]"
Fake/1FFR7CKBTF.jpg,FAKE,1,ONE_FACE,0.9439,"[56,57,137,164]"
Fake/1FFWG0ZB8P.jpg,FAKE,1,ONE_FACE,0.9486,"[57,35,146,203]"
Fake/1FGGI400M8.jpg,FAKE,1,ONE_FACE,0.9414,"[58,52,141,184]"
Fake/1FKIB1PX33.jpg,FAKE,1,ONE_FACE,0.9498,"[56,49,138,198]"
Fake/1FL80ORB3O.jpg,FAKE,1,ONE_FACE,0.9323,"[59,39,148,200]"
Fake/1FMFR5760A.jpg,FAKE,1,ONE_FACE,0.9414,"[42,49,141,190]"
Fake/1FN3URA1YS.jpg,FAKE,1,ONE_FACE,0.9419,"[67,59,134,173]"
Fake/1FOM31NC9V.jpg,FAKE,1,ONE_FACE,0.9342,"[43,38,146,188]"
Fake/1FR33J10VH.jpg,FAKE,1,ONE_FACE,0.9360,"[53,51,130,183]"
Fake/1FS1ZJ67H9.jpg,FAKE,1,ONE_FACE,0.9478,"[63,46,141,195]"
Fake/1FSAI634AK.jpg,FAKE,1,ONE_FACE,0.9516,"[55,40,141,196]"
Fake/1FSC6X3V1J.jpg,FAKE,1,ONE_FACE,0.9414,"[43,53,144,182]"
Fake/1FTF6DR97V.jpg,FAKE,1,ONE_FACE,0.9490,"[55,37,146,196]"
Fake/1FUKM2RWY6.jpg,FAKE,1,ONE_FACE,0.9422,"[34,42,154,207]"
Fake/1FWQ6D1IK2.jpg,FAKE,1,ONE_FACE,0.9463,"[67,45,136,187]"
Fake/1FX8SIBK8D.jpg,FAKE,1,ONE_FACE,0.9439,"[50,45,142,192]"
Fake/1FY0937C5U.jpg,FAKE,1,ONE_FACE,0.9474,"[57,41,141,184]"
Fake/1FYE821YP8.jpg,FAKE,1,ONE_FACE,0.9460,"[55,38,143,202]"
Fake/1FZ5VIF97H.jpg,FAKE,1,ONE_FACE,0.9437,"[60,51,134,185]"
Fake/1FZTRSZ1EJ.jpg,FAKE,1,ONE_FACE,0.9468,"[56,40,139,182]"
Fake/1G1H2S56C0.jpg,FAKE,1,ONE_FACE,0.9441,"[44,49,145,188]"
Fake/1G2H1C6TKT.jpg,FAKE,1,ONE_FACE,0.9463,"[68,52,134,180]"
Fake/1G30LQYHOJ.jpg,FAKE,1,ONE_FACE,0.9498,"[55,58,140,176]"
Fake/1G37XW5KZU.jpg,FAKE,1,ONE_FACE,0.9473,"[56,39,146,198]"
Fake/1G3A4XL145.jpg,FAKE,1,ONE_FACE,0.9554,"[54,42,141,203]"
Fake/1G4BMRGGAP.jpg,FAKE,1,ONE_FACE,0.9489,"[59,58,132,174]"
Fake/1G4CT6RUT7.jpg,FAKE,1,ONE_FACE,0.9473,"[61,55,126,179]"
Fake/1G6P8D3QD9.jpg,FAKE,1,ONE_FACE,0.9410,"[52,39,143,196]"
Fake/1G6Z9SJAXZ.jpg,FAKE,1,ONE_FACE,0.9399,"[51,53,144,182]"
Fake/1G86C4OD3U.jpg,FAKE,1,ONE_FACE,0.9446,"[50,46,136,165]"
Fake/1G87ZVXQW8.jpg,FAKE,1,ONE_FACE,0.9443,"[56,42,141,192]"
Fake/1G95AAQG7O.jpg,FAKE,1,ONE_FACE,0.9494,"[63,40,139,192]"
Fake/1G9EX6JYEV.jpg,FAKE,1,ONE_FACE,0.9436,"[33,38,153,199]"
Fake/1G9SRUXBDL.jpg,FAKE,1,ONE_FACE,0.9505,"[61,50,132,180]"
Fake/1GA6R448C9.jpg,FAKE,1,ONE_FACE,0.9461,"[67,43,127,185]"
Fake/1GBWA8CWUO.jpg,FAKE,1,ONE_FACE,0.9427,"[56,45,142,188]"
Fake/1GCHE9IKDX.jpg,FAKE,1,ONE_FACE,0.9428,"[62,56,128,178]"
Fake/1GDMG8474Z.jpg,FAKE,1,ONE_FACE,0.9509,"[40,39,153,203]"
Fake/1GEMXXEV3E.jpg,FAKE,1,ONE_FACE,0.9426,"[65,51,136,177]"
Fake/1GHBPH3PB6.jpg,FAKE,1,ONE_FACE,0.9398,"[51,60,140,182]"
Fake/1GHN2EPUAE.jpg,FAKE,1,ONE_FACE,0.9403,"[56,45,141,184]"
Fake/1GHZK1OXEO.jpg,FAKE,1,ONE_FACE,0.9436,"[66,55,144,181]"
Fake/1GKZXBVINC.jpg,FAKE,1,ONE_FACE,0.9384,"[56,37,143,192]"
Fake/1GLO91RCC6.jpg,FAKE,1,ONE_FACE,0.9390,"[53,44,147,182]"
Fake/1GLY066RSY.jpg,FAKE,1,ONE_FACE,0.9417,"[53,47,136,184]"
Fake/1GNSHJAPPA.jpg,FAKE,1,ONE_FACE,0.9425,"[53,49,135,197]"
Fake/1GQK3A7AMW.jpg,FAKE,1,ONE_FACE,0.9478,"[31,46,149,198]"
Fake/1GQYG43TUB.jpg,FAKE,1,ONE_FACE,0.9346,"[74,42,145,198]"
Fake/1GR2LA83J0.jpg,FAKE,1,ONE_FACE,0.9451,"[30,49,156,188]"
Fake/1GST5UYLDL.jpg,FAKE,1,ONE_FACE,0.9276,"[50,50,144,179]"
Fake/1GT0J2X7H3.jpg,FAKE,1,ONE_FACE,0.9445,"[57,46,129,187]"
Fake/1GT1OQJBO3.jpg,FAKE,1,ONE_FACE,0.9436,"[45,49,141,181]"
Fake/1GU6CCEBK0.jpg,FAKE,1,ONE_FACE,0.9359,"[50,43,144,172]"
Fake/1GUDQHSN83.jpg,FAKE,1,ONE_FACE,0.9486,"[63,42,148,203]"
Fake/1GWSP5AVT1.jpg,FAKE,1,ONE_FACE,0.9418,"[46,36,137,189]"
Fake/1GX1MYXN66.jpg,FAKE,1,ONE_FACE,0.9505,"[55,39,141,193]"
Fake/1GXA0TYOW9.jpg,FAKE,1,ONE_FACE,0.9488,"[59,53,140,178]"
Fake/1GXKV5OI9W.jpg,FAKE,1,ONE_FACE,0.9400,"[52,40,139,191]"
Fake/1GXTW9O1ZQ.jpg,FAKE,1,ONE_FACE,0.9480,"[66,38,142,197]"
Fake/1GYAB8PWOZ.jpg,FAKE,1,ONE_FACE,0.9525,"[53,43,141,191]"
Fake/1GYAKMCKAC.jpg,FAKE,1,ONE_FACE,0.9454,"[54,47,147,187]"
Fake/1GZT9O2RIA.jpg,FAKE,1,ONE_FACE,0.9538,"[68,50,136,189]"
Fake/1H1QF2349B.jpg,FAKE,1,ONE_FACE,0.9437,"[72,38,156,217]"
Fake/1H2K3S3EI0.jpg,FAKE,1,ONE_FACE,0.9365,"[60,51,145,171]"
Fake/1H374XD3LK.jpg,FAKE,1,ONE_FACE,0.9482,"[66,50,153,193]"
Fake/1H3LR11BPD.jpg,FAKE,1,ONE_FACE,0.9500,"[48,38,150,198]"
Fake/1H3MQMITWV.jpg,FAKE,1,ONE_FACE,0.9461,"[61,55,136,178]"
Fake/1H57NIOPGC.jpg,FAKE,1,ONE_FACE,0.9374,"[73,37,153,207]"
Fake/1H5PE621MP.jpg,FAKE,1,ONE_FACE,0.9438,"[52,38,146,203]"
Fake/1H7OG0ARUY.jpg,FAKE,1,ONE_FACE,0.9438,"[28,35,154,210]"
Fake/1H8D66XCSS.jpg,FAKE,1,ONE_FACE,0.9454,"[35,40,149,195]"
Fake/1H9K1A4TKC.jpg,FAKE,1,ONE_FACE,0.9478,"[58,43,135,186]"
Fake/1HAII3GRWL.jpg,FAKE,1,ONE_FACE,0.9374,"[55,45,148,187]"
Fake/1HAXBFBHG1.jpg,FAKE,1,ONE_FACE,0.9550,"[59,46,156,197]"
Fake/1HCARWL3NW.jpg,FAKE,1,ONE_FACE,0.9424,"[35,34,147,206]"
Fake/1HCPYOL7C1.jpg,FAKE,1,ONE_FACE,0.9528,"[53,38,148,194]"
Fake/1HCZNZO90L.jpg,FAKE,1,ONE_FACE,0.9455,"[62,40,155,196]"
Fake/1HD0ZYJBIB.jpg,FAKE,1,ONE_FACE,0.9405,"[36,42,143,193]"
Fake/1HD33KZR6W.jpg,FAKE,1,ONE_FACE,0.9468,"[58,42,140,189]"
Fake/1HDVF4J6WU.jpg,FAKE,1,ONE_FACE,0.9490,"[61,50,136,175]"
Fake/1HDXTRV320.jpg,FAKE,1,ONE_FACE,0.9387,"[61,48,136,183]"
Fake/1HE9ETRZJD.jpg,FAKE,1,ONE_FACE,0.9419,"[50,40,143,193]"
Fake/1HEF8YHOQG.jpg,FAKE,1,ONE_FACE,0.9517,"[53,55,136,178]"
Fake/1HFXL2F9BO.jpg,FAKE,1,ONE_FACE,0.9388,"[77,37,154,193]"
Fake/1HHI46XEBS.jpg,FAKE,1,ONE_FACE,0.9417,"[60,38,146,194]"
Fake/1HI4ZFFDCM.jpg,FAKE,1,ONE_FACE,0.9337,"[75,54,146,186]"
Fake/1HI55BCDRO.jpg,FAKE,1,ONE_FACE,0.9378,"[71,50,157,186]"
Fake/1HK3ECLY5N.jpg,FAKE,1,ONE_FACE,0.9507,"[53,43,141,193]"
Fake/1HK8B2LI6S.jpg,FAKE,1,ONE_FACE,0.9454,"[59,45,140,183]"
Fake/1HKEO7GH7X.jpg,FAKE,1,ONE_FACE,0.9453,"[49,43,147,191]"
Fake/1HL8I96ONG.jpg,FAKE,1,ONE_FACE,0.9438,"[60,42,141,184]"
Fake/1HLH2YTLNU.jpg,FAKE,1,ONE_FACE,0.9473,"[45,40,147,195]"
Fake/1HMZLNQOWT.jpg,FAKE,1,ONE_FACE,0.9428,"[55,40,142,191]"
Fake/1HORUELCSF.jpg,FAKE,1,ONE_FACE,0.9431,"[60,46,141,193]"
Fake/1HP1ELOUF0.jpg,FAKE,1,ONE_FACE,0.9388,"[65,40,137,199]"
Fake/1HPHXDCJXJ.jpg,FAKE,1,ONE_FACE,0.9494,"[51,32,148,201]"
Fake/1HQJWSKW20.jpg,FAKE,1,ONE_FACE,0.9333,"[44,39,153,197]"
Fake/1HQQ3UV1H3.jpg,FAKE,1,ONE_FACE,0.9487,"[50,50,146,186]"
Fake/1HRMD5VJSN.jpg,FAKE,1,ONE_FACE,0.9376,"[70,42,147,198]"
Fake/1HRUHRATV0.jpg,FAKE,1,ONE_FACE,0.9488,"[62,45,136,188]"
Fake/1HRXMWFZCF.jpg,FAKE,1,ONE_FACE,0.9477,"[53,43,146,184]"
Fake/1HTJ7BS57E.jpg,FAKE,1,ONE_FACE,0.9485,"[51,42,141,185]"
Fake/1HTZ8YE1EN.jpg,FAKE,1,ONE_FACE,0.9446,"[55,60,139,166]"
Fake/1HUC6KEQDN.jpg,FAKE,1,ONE_FACE,0.9403,"[78,40,144,211]"
Fake/1HWISPBPPC.jpg,FAKE,1,ONE_FACE,0.9338,"[40,38,143,208]"
Fake/1I2A8Z41F3.jpg,FAKE,1,ONE_FACE,0.9431,"[49,41,157,210]"
Fake/1I4QAEDB2R.jpg,FAKE,1,ONE_FACE,0.9412,"[64,25,180,232]"
Fake/1I5B7ZLEZD.jpg,FAKE,1,ONE_FACE,0.9447,"[55,41,146,189]"
Fake/1I5N6NJ9G5.jpg,FAKE,1,ONE_FACE,0.9515,"[53,37,145,196]"
Fake/1I5R412D5D.jpg,FAKE,1,ONE_FACE,0.9474,"[48,49,144,188]"
Fake/1I77XLWMEX.jpg,FAKE,1,ONE_FACE,0.9485,"[49,48,142,191]"
Fake/1I7MSSVLUI.jpg,FAKE,1,ONE_FACE,0.9474,"[51,35,149,212]"
Fake/1I7NKACLPX.jpg,FAKE,1,ONE_FACE,0.9376,"[42,50,134,179]"
Fake/1I8CGNK8PL.jpg,FAKE,1,ONE_FACE,0.9452,"[43,54,143,190]"
Fake/1IAQHF727A.jpg,FAKE,1,ONE_FACE,0.9465,"[61,61,128,164]"
Fake/1IB56FDD9Y.jpg,FAKE,1,ONE_FACE,0.9452,"[66,42,136,190]"
Fake/1IB5RNN6VN.jpg,FAKE,1,ONE_FACE,0.9476,"[43,44,142,196]"
Fake/1IDU7WSLTJ.jpg,FAKE,1,ONE_FACE,0.9370,"[72,32,157,220]"
Fake/1IEE97OQAT.jpg,FAKE,1,ONE_FACE,0.9431,"[37,41,148,196]"
Fake/1IEXEEEQNS.jpg,FAKE,1,ONE_FACE,0.9503,"[71,44,138,190]"
Fake/1IFGJFECPY.jpg,FAKE,1,ONE_FACE,0.9361,"[74,43,150,191]"
Fake/1IGIIO8T0C.jpg,FAKE,1,ONE_FACE,0.9292,"[75,46,141,198]"
Fake/1IHCYYXQ9M.jpg,FAKE,1,ONE_FACE,0.9472,"[42,44,147,196]"
Fake/1IJ0UTO3KZ.jpg,FAKE,1,ONE_FACE,0.9490,"[45,35,150,204]"
Fake/1IJV1QX9XW.jpg,FAKE,1,ONE_FACE,0.9437,"[63,39,141,183]"
Fake/1IKDD8WRGZ.jpg,FAKE,1,ONE_FACE,0.9492,"[60,49,143,196]"
Fake/1ILM54MK9V.jpg,FAKE,1,ONE_FACE,0.9505,"[52,43,146,191]"
Fake/1IN01V44UZ.jpg,FAKE,1,ONE_FACE,0.9488,"[58,40,140,195]"
Fake/1IN7TUGJ9H.jpg,FAKE,1,ONE_FACE,0.9466,"[56,37,143,199]"
Fake/1IOTYKHXOX.jpg,FAKE,1,ONE_FACE,0.9440,"[47,41,142,204]"
Fake/1IQ20G4ENF.jpg,FAKE,1,ONE_FACE,0.9424,"[50,38,144,195]"
Fake/1IR88XXNMW.jpg,FAKE,1,ONE_FACE,0.9490,"[46,45,146,189]"
Fake/1IRHUGBJ1G.jpg,FAKE,1,ONE_FACE,0.9437,"[45,39,150,203]"
Fake/1IUZNTDEL2.jpg,FAKE,1,ONE_FACE,0.9467,"[55,41,137,189]"
Fake/1IW64S46CK.jpg,FAKE,1,ONE_FACE,0.9341,"[71,48,145,192]"
Fake/1IWG9U9LNO.jpg,FAKE,1,ONE_FACE,0.9402,"[42,51,142,179]"
Fake/1IWS92UICO.jpg,FAKE,1,ONE_FACE,0.9381,"[51,45,136,182]"
Fake/1IXVTE5XYG.jpg,FAKE,1,ONE_FACE,0.9491,"[67,30,165,216]"
Fake/1IYCR767US.jpg,FAKE,1,ONE_FACE,0.9506,"[30,39,152,202]"
Fake/1IYU36LML5.jpg,FAKE,1,ONE_FACE,0.9407,"[45,44,149,188]"
Fake/1IZZDL2ZU1.jpg,FAKE,1,ONE_FACE,0.9399,"[61,36,145,202]"
Fake/1J2SYZPNOX.jpg,FAKE,1,ONE_FACE,0.9267,"[58,38,141,189]"
Fake/1J5D9HEKRX.jpg,FAKE,1,ONE_FACE,0.9480,"[70,49,136,183]"
Fake/1J88Z47YRD.jpg,FAKE,1,ONE_FACE,0.9492,"[51,36,148,207]"
Fake/1J90EHO8GH.jpg,FAKE,1,ONE_FACE,0.9366,"[43,43,145,188]"
Fake/1J95BXX2TU.jpg,FAKE,1,ONE_FACE,0.9405,"[64,38,158,209]"
Fake/1JA0JBKTRN.jpg,FAKE,1,ONE_FACE,0.9460,"[45,37,145,201]"
Fake/1JBLEMKOM9.jpg,FAKE,1,ONE_FACE,0.9489,"[56,41,144,195]"
Fake/1JCWA33GE3.jpg,FAKE,1,ONE_FACE,0.9352,"[57,62,143,168]"
Fake/1JD6S89G4D.jpg,FAKE,1,ONE_FACE,0.9393,"[48,49,141,183]"
Fake/1JFEON2M1O.jpg,FAKE,1,ONE_FACE,0.9371,"[71,50,156,200]"
Fake/1JFHO5Z3RI.jpg,FAKE,1,ONE_FACE,0.9380,"[72,46,138,196]"
Fake/1JG2D580KF.jpg,FAKE,1,ONE_FACE,0.9505,"[68,42,162,213]"
Fake/1JGF0GANMJ.jpg,FAKE,1,ONE_FACE,0.9473,"[55,46,141,187]"
Fake/1JGKAYDGDN.jpg,FAKE,1,ONE_FACE,0.9477,"[56,41,143,192]"
Fake/1JHGFYDUBJ.jpg,FAKE,1,ONE_FACE,0.9496,"[42,40,148,200]"
Fake/1JIMRJQDM3.jpg,FAKE,1,ONE_FACE,0.9438,"[30,33,166,219]"
Fake/1JKK8BYFEE.jpg,FAKE,1,ONE_FACE,0.9431,"[50,39,152,208]"
Fake/1JNL65MEAE.jpg,FAKE,1,ONE_FACE,0.9498,"[61,39,166,207]"
Fake/1JNLSYOE4W.jpg,FAKE,1,ONE_FACE,0.9469,"[56,67,138,164]"
Fake/1JO8MAHMGM.jpg,FAKE,1,ONE_FACE,0.9397,"[72,49,147,187]"
Fake/1JP9OR02BM.jpg,FAKE,1,ONE_FACE,0.9429,"[45,53,146,195]"
Fake/1JQ1DMG1TW.jpg,FAKE,1,ONE_FACE,0.9380,"[65,38,139,206]"
Fake/1JR9ANBDXF.jpg,FAKE,1,ONE_FACE,0.9447,"[65,60,131,176]"
Fake/1JRKJC7A7L.jpg,FAKE,1,ONE_FACE,0.9472,"[56,41,142,193]"
Fake/1JSILUUH67.jpg,FAKE,1,ONE_FACE,0.9396,"[43,61,135,170]"
Fake/1JTVTCDTRC.jpg,FAKE,1,ONE_FACE,0.9532,"[48,39,148,203]"
Fake/1JUSIY9DL7.jpg,FAKE,1,ONE_FACE,0.9485,"[56,41,143,191]"
Fake/1JVBKT3HQN.jpg,FAKE,1,ONE_FACE,0.9453,"[49,34,147,212]"
Fake/1JVLO9FANX.jpg,FAKE,1,ONE_FACE,0.9497,"[56,48,138,182]"
Fake/1JVODC44PM.jpg,FAKE,1,ONE_FACE,0.9499,"[60,57,134,170]"
Fake/1JVR3JNDE3.jpg,FAKE,1,ONE_FACE,0.9419,"[62,47,154,201]"
Fake/1JVSG7TZPD.jpg,FAKE,1,ONE_FACE,0.9478,"[62,44,141,194]"
Fake/1JX8KWGZAP.jpg,FAKE,1,ONE_FACE,0.9428,"[63,61,133,169]"
Fake/1JY6FVGMA0.jpg,FAKE,1,ONE_FACE,0.9459,"[59,48,141,183]"
Fake/1JYAJELEBP.jpg,FAKE,1,ONE_FACE,0.9399,"[42,39,152,199]"
Fake/1JYKB5V85P.jpg,FAKE,1,ONE_FACE,0.9253,"[55,44,139,194]"
Fake/1JZQXJV5FS.jpg,FAKE,1,ONE_FACE,0.9492,"[59,47,138,183]"
Fake/1K0GBD9JTA.jpg,FAKE,1,ONE_FACE,0.9373,"[61,36,142,187]"
Fake/1K1JZ23JRV.jpg,FAKE,1,ONE_FACE,0.9543,"[56,39,144,198]"
Fake/1K1KTZ6VGZ.jpg,FAKE,1,ONE_FACE,0.9436,"[49,52,142,178]"
Fake/1K2JMQDZ3T.jpg,FAKE,1,ONE_FACE,0.9464,"[59,46,144,174]"
Fake/1K4L11DEX3.jpg,FAKE,1,ONE_FACE,0.9437,"[60,68,133,160]"
Fake/1K5209TS6H.jpg,FAKE,1,ONE_FACE,0.9408,"[26,35,162,210]"
Fake/1K544L0DB9.jpg,FAKE,1,ONE_FACE,0.9463,"[40,44,152,189]"
Fake/1K5HUE1Q29.jpg,FAKE,1,ONE_FACE,0.9491,"[54,42,141,190]"
Fake/1K6PHXYFM7.jpg,FAKE,1,ONE_FACE,0.9469,"[41,41,146,200]"
Fake/1K70F5V1E8.jpg,FAKE,1,ONE_FACE,0.9444,"[75,37,140,209]"
Fake/1K7W0YZLM8.jpg,FAKE,1,ONE_FACE,0.9510,"[59,48,140,192]"
Fake/1K7XD16IWE.jpg,FAKE,1,ONE_FACE,0.9324,"[31,53,160,206]"
Fake/1K8IY8ORNH.jpg,FAKE,1,ONE_FACE,0.9484,"[64,53,143,185]"
Fake/1K97Y0YQ64.jpg,FAKE,1,ONE_FACE,0.9257,"[75,43,167,202]"
Fake/1K9J6MURYE.jpg,FAKE,1,ONE_FACE,0.9405,"[57,33,145,202]"
Fake/1KA2U9PW58.jpg,FAKE,1,ONE_FACE,0.9456,"[57,60,136,177]"
Fake/1KAQN7HHOE.jpg,FAKE,1,ONE_FACE,0.9466,"[61,45,133,185]"
Fake/1KB9AOZ9UL.jpg,FAKE,1,ONE_FACE,0.9428,"[65,58,136,184]"
Fake/1KCN62R2WA.jpg,FAKE,1,ONE_FACE,0.9454,"[58,42,137,194]"
Fake/1KCQH7FV9C.jpg,FAKE,1,ONE_FACE,0.9459,"[49,45,137,200]"
Fake/1KEANH8SI2.jpg,FAKE,1,ONE_FACE,0.9416,"[47,48,146,194]"
Fake/1KGKNVH9XW.jpg,FAKE,1,ONE_FACE,0.9522,"[59,44,141,197]"
Fake/1KGP07A0I6.jpg,FAKE,1,ONE_FACE,0.9485,"[62,33,160,211]"
Fake/1KHMBM7GX7.jpg,FAKE,1,ONE_FACE,0.9336,"[49,54,133,160]"
Fake/1KITCEC9XU.jpg,FAKE,1,ONE_FACE,0.9407,"[49,44,141,188]"
Fake/1KJI7HMYOH.jpg,FAKE,1,ONE_FACE,0.9442,"[48,40,147,207]"
Fake/1KJUBDFJPG.jpg,FAKE,1,ONE_FACE,0.9453,"[36,50,151,196]"
Fake/1KKVG36O4U.jpg,FAKE,1,ONE_FACE,0.9493,"[55,53,141,189]"
Fake/1KL5D5QK11.jpg,FAKE,1,ONE_FACE,0.9385,"[62,43,143,178]"
Fake/1KMLYPRJNB.jpg,FAKE,1,ONE_FACE,0.9406,"[61,58,142,162]"
Fake/1KPKHEHR22.jpg,FAKE,1,ONE_FACE,0.9410,"[60,40,148,201]"
Fake/1KQUOW3HKU.jpg,FAKE,1,ONE_FACE,0.9471,"[57,40,142,171]"
Fake/1KQZ6PAH8P.jpg,FAKE,1,ONE_FACE,0.9455,"[58,49,143,184]"
Fake/1KR3FCF2I3.jpg,FAKE,1,ONE_FACE,0.9515,"[66,30,165,218]"
Fake/1KU0I6RF5J.jpg,FAKE,1,ONE_FACE,0.9463,"[56,34,137,186]"
Fake/1KX2O0AKCG.jpg,FAKE,1,ONE_FACE,0.9479,"[48,44,141,191]"
Fake/1KXW1N34QB.jpg,FAKE,1,ONE_FACE,0.9323,"[47,36,152,210]"
Fake/1KYRPEOCYS.jpg,FAKE,1,ONE_FACE,0.9435,"[42,38,149,201]"
Fake/1KZ2FSO83B.jpg,FAKE,1,ONE_FACE,0.9495,"[61,43,146,194]"
Fake/1KZLH39CCI.jpg,FAKE,1,ONE_FACE,0.9427,"[56,52,136,172]"
Fake/1L20X3TJR8.jpg,FAKE,1,ONE_FACE,0.9505,"[55,39,139,195]"
Fake/1L4BX7380Q.jpg,FAKE,1,ONE_FACE,0.9496,"[55,35,142,198]"
Fake/1L4SY3DAWD.jpg,FAKE,1,ONE_FACE,0.9397,"[47,49,145,180]"
Fake/1L5DEZKGAS.jpg,FAKE,1,ONE_FACE,0.9411,"[59,40,139,189]"
Fake/1L7QPZIVAQ.jpg,FAKE,1,ONE_FACE,0.9452,"[59,37,149,200]"
Fake/1L7RCHRQQ7.jpg,FAKE,1,ONE_FACE,0.9417,"[38,28,147,214]"
Fake/1L7UWJS6Q2.jpg,FAKE,1,ONE_FACE,0.9439,"[49,45,145,192]"
Fake/1L9E3TSKZ2.jpg,FAKE,1,ONE_FACE,0.9499,"[60,43,138,191]"
Fake/1L9UW6H10N.jpg,FAKE,1,ONE_FACE,0.9427,"[59,47,136,183]"
Fake/1LAXMSFBX6.jpg,FAKE,1,ONE_FACE,0.9431,"[63,44,145,201]"
Fake/1LB5BK0UNO.jpg,FAKE,1,ONE_FACE,0.9418,"[61,51,148,177]"
Fake/1LBBYSS1A2.jpg,FAKE,1,ONE_FACE,0.9441,"[56,53,135,175]"
Fake/1LCLIKHNF6.jpg,FAKE,1,ONE_FACE,0.9498,"[57,46,135,185]"
Fake/1LCPM1KEAG.jpg,FAKE,1,ONE_FACE,0.9454,"[39,37,153,207]"
Fake/1LE0YJWEZO.jpg,FAKE,1,ONE_FACE,0.9479,"[56,53,138,180]"
Fake/1LE1PGISXA.jpg,FAKE,1,ONE_FACE,0.9244,"[40,45,148,204]"
Fake/1LEGWQ00K7.jpg,FAKE,1,ONE_FACE,0.9395,"[72,56,146,187]"
Fake/1LESXVEZ8T.jpg,FAKE,1,ONE_FACE,0.9548,"[49,33,152,206]"
Fake/1LF478ZILK.jpg,FAKE,1,ONE_FACE,0.9485,"[61,44,151,210]"
Fake/1LG504UDCL.jpg,FAKE,1,ONE_FACE,0.9432,"[55,50,142,202]"
Fake/1LGV8YDIKP.jpg,FAKE,1,ONE_FACE,0.9512,"[57,44,142,195]"
Fake/1LJ80WP9U2.jpg,FAKE,1,ONE_FACE,0.9400,"[27,42,155,193]"
Fake/1LJNN3N2VW.jpg,FAKE,1,ONE_FACE,0.9394,"[36,32,154,220]"
Fake/1LM5JWM5GA.jpg,FAKE,1,ONE_FACE,0.9467,"[55,58,137,174]"
Fake/1LNRDOPE1M.jpg,FAKE,1,ONE_FACE,0.9489,"[56,61,143,184]"
Fake/1LO2KH2U4R.jpg,FAKE,1,ONE_FACE,0.9458,"[62,41,143,196]"
Fake/1LOZ4JEDG0.jpg,FAKE,1,ONE_FACE,0.9529,"[54,37,145,198]"
Fake/1LP53Y48WR.jpg,FAKE,1,ONE_FACE,0.9443,"[56,44,134,186]"
Fake/1LRI06BI9W.jpg,FAKE,1,ONE_FACE,0.9427,"[41,41,151,190]"
Fake/1LSEOQ1L51.jpg,FAKE,1,ONE_FACE,0.9417,"[59,47,148,187]"
Fake/1LT265UHQ6.jpg,FAKE,1,ONE_FACE,0.9434,"[57,55,142,178]"
Fake/1LWA6BX4NF.jpg,FAKE,1,ONE_FACE,0.9458,"[69,45,151,200]"
Fake/1LWJCJUTLG.jpg,FAKE,1,ONE_FACE,0.9491,"[58,34,146,205]"
Fake/1LXQ83UYR2.jpg,FAKE,1,ONE_FACE,0.9472,"[50,36,145,205]"
Fake/1LZ23OKZWC.jpg,FAKE,1,ONE_FACE,0.9441,"[60,41,146,188]"
Fake/1M0BCH8J4W.jpg,FAKE,1,ONE_FACE,0.9493,"[73,48,144,193]"
Fake/1M0UEJGJ0K.jpg,FAKE,1,ONE_FACE,0.9487,"[42,43,145,194]"
Fake/1M4NIRIKXR.jpg,FAKE,1,ONE_FACE,0.9376,"[58,40,147,204]"
Fake/1M5M9YWBGX.jpg,FAKE,1,ONE_FACE,0.9421,"[55,43,139,198]"
Fake/1M5MOFU3KU.jpg,FAKE,1,ONE_FACE,0.9454,"[62,51,141,185]"
Fake/1M7UOL6FOK.jpg,FAKE,1,ONE_FACE,0.9506,"[66,39,142,215]"
Fake/1M9HKEMLUK.jpg,FAKE,1,ONE_FACE,0.9424,"[45,46,139,183]"
Fake/1MA61X7U2B.jpg,FAKE,1,ONE_FACE,0.9457,"[26,35,160,203]"
Fake/1MAJ5O54TI.jpg,FAKE,1,ONE_FACE,0.9458,"[44,39,150,207]"
Fake/1MCHB69A6C.jpg,FAKE,1,ONE_FACE,0.9306,"[72,48,147,200]"
Fake/1MCNT5NVSE.jpg,FAKE,1,ONE_FACE,0.9478,"[48,45,145,191]"
Fake/1ME2GFK2VW.jpg,FAKE,1,ONE_FACE,0.9363,"[73,43,157,201]"
Fake/1MFLE8OXTD.jpg,FAKE,1,ONE_FACE,0.9456,"[56,47,138,191]"
Fake/1MFSRXVHSA.jpg,FAKE,1,ONE_FACE,0.9473,"[61,52,144,179]"
Fake/1MJ9ABFDWV.jpg,FAKE,1,ONE_FACE,0.9461,"[39,40,136,192]"
Fake/1MK0NM8QD6.jpg,FAKE,1,ONE_FACE,0.9474,"[45,41,145,193]"
Fake/1MLA33BBA2.jpg,FAKE,1,ONE_FACE,0.9399,"[47,43,137,190]"
Fake/1MMDF5UOAU.jpg,FAKE,1,ONE_FACE,0.9357,"[52,41,136,184]"
Fake/1MN2F0DU04.jpg,FAKE,1,ONE_FACE,0.9486,"[56,44,144,192]"
Fake/1MNCZRPP9G.jpg,FAKE,1,ONE_FACE,0.9421,"[54,37,149,195]"
Fake/1MORSI4LRT.jpg,FAKE,1,ONE_FACE,0.9392,"[67,56,131,186]"
Fake/1MPC2EMCRB.jpg,FAKE,1,ONE_FACE,0.9497,"[71,35,158,210]"
Fake/1MQUA6HCIE.jpg,FAKE,1,ONE_FACE,0.9467,"[61,48,152,194]"
Fake/1MS8CU322F.jpg,FAKE,1,ONE_FACE,0.9440,"[62,37,152,199]"
Fake/1MSF2REZ1A.jpg,FAKE,1,ONE_FACE,0.9472,"[61,48,137,181]"
Fake/1MSUS765N5.jpg,FAKE,1,ONE_FACE,0.9425,"[51,47,140,188]"
Fake/1MSX48UWOC.jpg,FAKE,1,ONE_FACE,0.9426,"[59,55,147,189]"
Fake/1MSXK46A10.jpg,FAKE,1,ONE_FACE,0.9481,"[69,43,141,203]"
Fake/1MTFS1G8AO.jpg,FAKE,1,ONE_FACE,0.9463,"[43,41,149,196]"
Fake/1MTFUL4KHL.jpg,FAKE,1,ONE_FACE,0.9409,"[47,46,139,181]"
Fake/1MU4STDQVR.jpg,FAKE,1,ONE_FACE,0.9430,"[38,42,149,196]"
Fake/1MWHBVELWZ.jpg,FAKE,1,ONE_FACE,0.9456,"[57,63,132,166]"
Fake/1MY4GG71RO.jpg,FAKE,1,ONE_FACE,0.9520,"[51,48,140,185]"
Fake/1MYHIRQDH4.jpg,FAKE,1,ONE_FACE,0.9472,"[51,54,136,172]"
Fake/1MZ9S3Y151.jpg,FAKE,1,ONE_FACE,0.9529,"[40,44,149,195]"
Fake/1N0TMO5VGN.jpg,FAKE,1,ONE_FACE,0.9378,"[56,36,152,207]"
Fake/1N0ZC0TC2J.jpg,FAKE,1,ONE_FACE,0.9547,"[54,38,141,200]"
Fake/1N13QEK46F.jpg,FAKE,1,ONE_FACE,0.9444,"[74,48,138,189]"
Fake/1N2MNV944M.jpg,FAKE,1,ONE_FACE,0.9419,"[42,38,151,209]"
Fake/1N31FVKPN0.jpg,FAKE,1,ONE_FACE,0.9424,"[55,55,137,171]"
Fake/1N39LC9RFZ.jpg,FAKE,1,ONE_FACE,0.9487,"[62,39,147,186]"
Fake/1N3KBFFUGK.jpg,FAKE,1,ONE_FACE,0.9493,"[53,44,140,184]"
Fake/1N48BW5Y5U.jpg,FAKE,1,ONE_FACE,0.9412,"[70,42,136,190]"
Fake/1N5DVBL0YV.jpg,FAKE,1,ONE_FACE,0.9433,"[56,41,149,187]"
Fake/1N5KVMTWUT.jpg,FAKE,1,ONE_FACE,0.9505,"[62,64,130,171]"
Fake/1N5SJWO5O5.jpg,FAKE,1,ONE_FACE,0.9215,"[69,56,135,181]"
Fake/1N67VX66FW.jpg,FAKE,1,ONE_FACE,0.9374,"[59,40,135,195]"
Fake/1N7FLEZW5V.jpg,FAKE,1,ONE_FACE,0.9426,"[61,33,152,214]"
Fake/1N7LZK2UGY.jpg,FAKE,1,ONE_FACE,0.9549,"[61,43,141,196]"
Fake/1N7MT4C7V5.jpg,FAKE,1,ONE_FACE,0.9518,"[42,36,154,205]"
Fake/1N91YLADV8.jpg,FAKE,1,ONE_FACE,0.9422,"[52,47,133,191]"
Fake/1NAFAQPITE.jpg,FAKE,1,ONE_FACE,0.9428,"[52,41,135,192]"
Fake/1NB8B9Z0HG.jpg,FAKE,1,ONE_FACE,0.9460,"[54,35,142,199]"
Fake/1NB96O4O6C.jpg,FAKE,1,ONE_FACE,0.9509,"[58,42,137,192]"
Fake/1NC3544SSX.jpg,FAKE,1,ONE_FACE,0.9433,"[53,49,143,183]"
Fake/1NDH9WTXES.jpg,FAKE,1,ONE_FACE,0.9446,"[73,41,148,204]"
Fake/1NE70SFV1R.jpg,FAKE,1,ONE_FACE,0.9506,"[55,46,140,184]"
Fake/1NFGLXUFYS.jpg,FAKE,1,ONE_FACE,0.9412,"[56,51,134,164]"
Fake/1NFLCEQSYM.jpg,FAKE,1,ONE_FACE,0.9453,"[68,48,137,184]"
Fake/1NJ0NJJTD7.jpg,FAKE,1,ONE_FACE,0.9493,"[65,38,158,207]"
Fake/1NLK361T4H.jpg,FAKE,1,ONE_FACE,0.9452,"[56,53,137,173]"
Fake/1NNL94X260.jpg,FAKE,1,ONE_FACE,0.9404,"[68,44,126,185]"
Fake/1NNNEDWY9B.jpg,FAKE,1,ONE_FACE,0.9388,"[54,38,139,192]"
Fake/1NNNFG312L.jpg,FAKE,1,ONE_FACE,0.9399,"[63,72,139,168]"
Fake/1NNSHWKKV7.jpg,FAKE,1,ONE_FACE,0.9468,"[51,36,146,195]"
Fake/1NOBO8YXTB.jpg,FAKE,1,ONE_FACE,0.9367,"[45,51,132,178]"
Fake/1NP7CXFF4Q.jpg,FAKE,1,ONE_FACE,0.9380,"[44,47,149,185]"
Fake/1NPH9Z2ETN.jpg,FAKE,1,ONE_FACE,0.9474,"[55,42,144,208]"
Fake/1NQ8BEYFWC.jpg,FAKE,1,ONE_FACE,0.9432,"[40,50,148,187]"
Fake/1NR57FVWOL.jpg,FAKE,1,ONE_FACE,0.9504,"[50,50,141,188]"
Fake/1NRBAUT1Q6.jpg,FAKE,1,ONE_FACE,0.9401,"[66,45,138,197]"
Fake/1NRH7KZ9PL.jpg,FAKE,1,ONE_FACE,0.9473,"[59,42,143,203]"
Fake/1NRLUJ8ZWM.jpg,FAKE,1,ONE_FACE,0.9413,"[77,47,140,182]"
Fake/1NTQKNW91G.jpg,FAKE,1,ONE_FACE,0.9379,"[60,53,139,187]"
Fake/1NWCOID441.jpg,FAKE,1,ONE_FACE,0.9453,"[58,33,157,215]"
Fake/1NWK84MC6Y.jpg,FAKE,1,ONE_FACE,0.9326,"[61,58,133,190]"
Fake/1NWO6TBIKS.jpg,FAKE,1,ONE_FACE,0.9466,"[56,49,136,181]"
Fake/1NY858GJCU.jpg,FAKE,1,ONE_FACE,0.9529,"[51,42,144,192]"
Fake/1NYBQE9BRJ.jpg,FAKE,1,ONE_FACE,0.9319,"[36,44,149,183]"
Fake/1NZ26AJR1N.jpg,FAKE,1,ONE_FACE,0.9468,"[40,50,147,189]"
Fake/1NZMKV6609.jpg,FAKE,1,ONE_FACE,0.9358,"[58,37,154,210]"
Fake/1O1BNTBIQM.jpg,FAKE,1,ONE_FACE,0.9414,"[52,60,141,169]"
Fake/1O23Y3JK74.jpg,FAKE,1,ONE_FACE,0.9488,"[56,57,134,175]"
Fake/1O3OAYE5TO.jpg,FAKE,1,ONE_FACE,0.9459,"[75,44,166,211]"
Fake/1O6J8ZZFHQ.jpg,FAKE,1,ONE_FACE,0.9493,"[24,34,158,222]"
Fake/1O8D8SKZQM.jpg,FAKE,1,ONE_FACE,0.9315,"[30,48,147,200]"
Fake/1O8DG6BHFP.jpg,FAKE,1,ONE_FACE,0.9426,"[52,46,139,180]"
Fake/1OB2LZVM82.jpg,FAKE,1,ONE_FACE,0.9551,"[53,41,153,206]"
Fake/1OBMV9AQ2C.jpg,FAKE,1,ONE_FACE,0.9526,"[60,40,143,192]"
Fake/1OBQ15D3IJ.jpg,FAKE,1,ONE_FACE,0.9451,"[54,48,141,179]"
Fake/1OBYN7XK2N.jpg,FAKE,1,ONE_FACE,0.9489,"[55,37,144,200]"
Fake/1OC2WHW88J.jpg,FAKE,1,ONE_FACE,0.9448,"[67,30,176,230]"
Fake/1OCLIFZVAW.jpg,FAKE,1,ONE_FACE,0.9435,"[55,39,140,193]"
Fake/1OCONMZC6T.jpg,FAKE,1,ONE_FACE,0.9459,"[48,37,142,194]"
Fake/1OE34CVKF7.jpg,FAKE,1,ONE_FACE,0.9387,"[33,39,154,220]"
Fake/1OF1TJIF89.jpg,FAKE,1,ONE_FACE,0.9440,"[38,35,152,207]"
Fake/1OFASQK1IJ.jpg,FAKE,1,ONE_FACE,0.9461,"[56,47,143,189]"
Fake/1OFCFB1O1G.jpg,FAKE,1,ONE_FACE,0.9408,"[54,47,143,186]"
Fake/1OJ071S4XV.jpg,FAKE,1,ONE_FACE,0.9519,"[61,50,134,184]"
Fake/1OKK0CANN2.jpg,FAKE,1,ONE_FACE,0.9494,"[47,52,133,183]"
Fake/1OL4U5SW0X.jpg,FAKE,1,ONE_FACE,0.9315,"[67,47,144,191]"
Fake/1OMHW9BXNQ.jpg,FAKE,1,ONE_FACE,0.9497,"[56,49,140,187]"
Fake/1OO6I9GQ1D.jpg,FAKE,1,ONE_FACE,0.9425,"[51,39,135,186]"
Fake/1OO7OJYMZX.jpg,FAKE,1,ONE_FACE,0.9399,"[38,39,152,215]"
Fake/1OOQCROJ9K.jpg,FAKE,1,ONE_FACE,0.9425,"[57,47,138,182]"
Fake/1OPN6LAIM2.jpg,FAKE,1,ONE_FACE,0.9484,"[72,62,118,165]"
Fake/1OQ9Q8BBW7.jpg,FAKE,1,ONE_FACE,0.9376,"[75,42,143,200]"
Fake/1OR737HKP6.jpg,FAKE,1,ONE_FACE,0.9404,"[54,41,141,183]"
Fake/1OR8ZIWQU4.jpg,FAKE,1,ONE_FACE,0.9430,"[71,45,150,199]"
Fake/1ORM3V0GS8.jpg,FAKE,1,ONE_FACE,0.9417,"[51,34,137,188]"
Fake/1OTUQRPFH8.jpg,FAKE,1,ONE_FACE,0.9505,"[40,44,145,209]"
Fake/1OU1JT8ZX2.jpg,FAKE,1,ONE_FACE,0.9367,"[49,39,132,192]"
Fake/1OU2Q38M2E.jpg,FAKE,1,ONE_FACE,0.9285,"[71,50,152,187]"
Fake/1OVNWWYB9Z.jpg,FAKE,1,ONE_FACE,0.9456,"[51,44,147,201]"
Fake/1OWB6X5XRT.jpg,FAKE,1,ONE_FACE,0.9505,"[50,53,145,184]"
Fake/1OWYRFII1M.jpg,FAKE,1,ONE_FACE,0.9484,"[67,53,143,181]"
Fake/1OXGQYQNEJ.jpg,FAKE,1,ONE_FACE,0.9495,"[73,37,149,202]"
Fake/1OYQJYIFSH.jpg,FAKE,1,ONE_FACE,0.9425,"[34,53,155,181]"
Fake/1P1T1RO75V.jpg,FAKE,1,ONE_FACE,0.9484,"[52,39,146,192]"
Fake/1P21F50JYF.jpg,FAKE,1,ONE_FACE,0.9433,"[41,35,151,209]"
Fake/1P2IG3A6CT.jpg,FAKE,1,ONE_FACE,0.9382,"[49,49,144,179]"
Fake/1P33XDWOMM.jpg,FAKE,1,ONE_FACE,0.9440,"[65,42,150,199]"
Fake/1P3W2XQU9Q.jpg,FAKE,1,ONE_FACE,0.9486,"[51,48,147,201]"
Fake/1P4U6R2RUS.jpg,FAKE,1,ONE_FACE,0.9464,"[66,41,143,195]"
Fake/1P5FXVD9PO.jpg,FAKE,1,ONE_FACE,0.9454,"[57,33,156,223]"
Fake/1P615BPF43.jpg,FAKE,1,ONE_FACE,0.9495,"[53,51,139,187]"
Fake/1P61AJUXA1.jpg,FAKE,1,ONE_FACE,0.9417,"[58,45,140,191]"
Fake/1P6QRI74PJ.jpg,FAKE,1,ONE_FACE,0.9411,"[51,39,143,197]"
Fake/1P6VJ0GZM7.jpg,FAKE,1,ONE_FACE,0.9519,"[58,44,140,189]"
Fake/1P92ZS9QO9.jpg,FAKE,1,ONE_FACE,0.9427,"[53,42,136,185]"
Fake/1PACL3R1PT.jpg,FAKE,1,ONE_FACE,0.9450,"[57,41,139,192]"
Fake/1PARTMT3U4.jpg,FAKE,1,ONE_FACE,0.9509,"[55,51,136,190]"
Fake/1PB8WDLJJU.jpg,FAKE,1,ONE_FACE,0.9355,"[51,33,152,207]"
Fake/1PC2N0OAAP.jpg,FAKE,1,ONE_FACE,0.9350,"[70,48,160,202]"
Fake/1PCSE033IF.jpg,FAKE,1,ONE_FACE,0.9437,"[64,46,151,198]"
Fake/1PFSSINCK8.jpg,FAKE,1,ONE_FACE,0.9445,"[36,43,151,193]"
Fake/1PGFZ8GCN9.jpg,FAKE,1,ONE_FACE,0.9351,"[62,45,135,193]"
Fake/1PHBY8IMPR.jpg,FAKE,1,ONE_FACE,0.9294,"[59,49,144,180]"
Fake/1PJJPH9HVC.jpg,FAKE,1,ONE_FACE,0.9409,"[26,42,147,210]"
Fake/1PK3XAHPSU.jpg,FAKE,1,ONE_FACE,0.9463,"[53,51,142,190]"
Fake/1PLE3M183L.jpg,FAKE,1,ONE_FACE,0.9313,"[70,58,139,189]"
Fake/1PNNO21I5A.jpg,FAKE,1,ONE_FACE,0.9415,"[51,46,142,185]"
Fake/1PQURCFEQH.jpg,FAKE,1,ONE_FACE,0.9326,"[70,38,161,209]"
Fake/1PSFEZ5ES2.jpg,FAKE,1,ONE_FACE,0.9409,"[55,38,141,195]"
Fake/1PSYX2F403.jpg,FAKE,1,ONE_FACE,0.9447,"[42,35,140,205]"
Fake/1PU3T5O97V.jpg,FAKE,1,ONE_FACE,0.9336,"[67,46,153,201]"
Fake/1PUBIC12AG.jpg,FAKE,1,ONE_FACE,0.9528,"[54,41,149,201]"
Fake/1PULFEEWYN.jpg,FAKE,1,ONE_FACE,0.9424,"[68,44,155,193]"
Fake/1PV6CO32JZ.jpg,FAKE,1,ONE_FACE,0.9449,"[58,47,141,185]"
Fake/1PWR9RLTJ5.jpg,FAKE,1,ONE_FACE,0.9429,"[54,43,141,199]"
Fake/1PZXGSQ24U.jpg,FAKE,1,ONE_FACE,0.9476,"[55,66,137,168]"
Fake/1Q00C75WOS.jpg,FAKE,1,ONE_FACE,0.9437,"[41,56,146,178]"
Fake/1Q05R2Y5OZ.jpg,FAKE,1,ONE_FACE,0.9490,"[60,45,134,187]"
Fake/1Q4S2LEGLA.jpg,FAKE,1,ONE_FACE,0.9427,"[52,42,139,189]"
Fake/1Q5460XJJH.jpg,FAKE,1,ONE_FACE,0.9449,"[66,46,132,195]"
Fake/1Q6O4LVZZJ.jpg,FAKE,1,ONE_FACE,0.9492,"[47,39,145,197]"
Fake/1Q6PE9W53U.jpg,FAKE,1,ONE_FACE,0.9454,"[39,40,154,195]"
Fake/1Q7RHE339T.jpg,FAKE,1,ONE_FACE,0.9516,"[56,39,139,191]"
Fake/1Q8G1JLMZV.jpg,FAKE,1,ONE_FACE,0.9459,"[57,45,138,184]"
Fake/1Q992GQLR4.jpg,FAKE,1,ONE_FACE,0.9464,"[63,45,134,194]"
Fake/1Q9F7PY0B6.jpg,FAKE,1,ONE_FACE,0.9445,"[49,47,144,185]"
Fake/1QA0H0414A.jpg,FAKE,1,ONE_FACE,0.9495,"[50,38,146,196]"
Fake/1QACVEGXI2.jpg,FAKE,1,ONE_FACE,0.9372,"[75,54,137,184]"
Fake/1QAT0JV2HL.jpg,FAKE,1,ONE_FACE,0.9424,"[62,51,140,187]"
Fake/1QCCYM8F5K.jpg,FAKE,1,ONE_FACE,0.9453,"[67,38,151,200]"
Fake/1QD15IFPZD.jpg,FAKE,1,ONE_FACE,0.9401,"[38,38,152,206]"
Fake/1QF2I9TAPB.jpg,FAKE,1,ONE_FACE,0.9413,"[55,49,135,180]"
Fake/1QGZ0DSVB0.jpg,FAKE,1,ONE_FACE,0.9461,"[51,34,146,208]"
Fake/1QH6FLIAR5.jpg,FAKE,1,ONE_FACE,0.9467,"[50,41,143,188]"
Fake/1QHD2JOGDS.jpg,FAKE,1,ONE_FACE,0.9326,"[54,66,138,170]"
Fake/1QHZNRB557.jpg,FAKE,1,ONE_FACE,0.9409,"[57,49,150,185]"
Fake/1QIJMOK023.jpg,FAKE,1,ONE_FACE,0.9469,"[60,46,137,184]"
Fake/1QIXO79RYY.jpg,FAKE,1,ONE_FACE,0.9429,"[32,37,143,198]"
Fake/1QJC6YTL0S.jpg,FAKE,1,ONE_FACE,0.9355,"[58,46,139,196]"
Fake/1QJCIHFOI4.jpg,FAKE,1,ONE_FACE,0.9465,"[51,43,142,203]"
Fake/1QKKUZY3AF.jpg,FAKE,1,ONE_FACE,0.9482,"[56,43,153,207]"
Fake/1QKP8HW968.jpg,FAKE,1,ONE_FACE,0.9411,"[38,38,133,197]"
Fake/1QL4UY1CN9.jpg,FAKE,1,ONE_FACE,0.9361,"[52,39,133,190]"
Fake/1QLFEJSFK1.jpg,FAKE,1,ONE_FACE,0.9360,"[76,49,153,204]"
Fake/1QLK020Y0C.jpg,FAKE,1,ONE_FACE,0.9445,"[33,34,157,207]"
Fake/1QLUBMAALW.jpg,FAKE,1,ONE_FACE,0.9461,"[47,50,149,191]"
Fake/1QMYATVBOC.jpg,FAKE,1,ONE_FACE,0.9511,"[47,41,146,197]"
Fake/1QN59RG4Q1.jpg,FAKE,1,ONE_FACE,0.9456,"[59,41,143,193]"
Fake/1QNM8Z9QD4.jpg,FAKE,1,ONE_FACE,0.9480,"[47,36,147,206]"
Fake/1QOZZ7LXT9.jpg,FAKE,1,ONE_FACE,0.9379,"[49,64,133,157]"
Fake/1QPZRBB91R.jpg,FAKE,1,ONE_FACE,0.9486,"[56,46,139,195]"
Fake/1QQZX4JFJH.jpg,FAKE,1,ONE_FACE,0.9445,"[49,42,137,202]"
Fake/1QU525TW84.jpg,FAKE,1,ONE_FACE,0.9291,"[64,45,143,191]"
Fake/1QUXG8RQJ1.jpg,FAKE,1,ONE_FACE,0.9429,"[53,41,154,204]"
Fake/1QYMWE1ECW.jpg,FAKE,1,ONE_FACE,0.9359,"[54,43,146,192]"
Fake/1QZG5NU901.jpg,FAKE,1,ONE_FACE,0.9439,"[51,36,143,196]"
Fake/1QZHKEJKTM.jpg,FAKE,1,ONE_FACE,0.9463,"[56,47,141,191]"
Fake/1R0ZMGVDYV.jpg,FAKE,1,ONE_FACE,0.9383,"[44,54,144,181]"
Fake/1R2P00IXQS.jpg,FAKE,1,ONE_FACE,0.9446,"[67,46,136,196]"
Fake/1R4JXEH1BN.jpg,FAKE,1,ONE_FACE,0.9398,"[62,32,150,220]"
Fake/1R6MV2T877.jpg,FAKE,1,ONE_FACE,0.9363,"[51,34,142,208]"
Fake/1R72PHSRDY.jpg,FAKE,1,ONE_FACE,0.9483,"[56,40,139,194]"
Fake/1R9L7FASPH.jpg,FAKE,1,ONE_FACE,0.9500,"[42,46,145,193]"
Fake/1RB9ADF5DR.jpg,FAKE,1,ONE_FACE,0.9425,"[53,44,147,195]"
Fake/1RBJ502MRL.jpg,FAKE,1,ONE_FACE,0.9437,"[49,57,145,176]"
Fake/1RCJ2SKY70.jpg,FAKE,1,ONE_FACE,0.9463,"[58,42,140,190]"
Fake/1RD6ONHIWW.jpg,FAKE,1,ONE_FACE,0.9365,"[42,51,142,173]"
Fake/1RDE5LT04Z.jpg,FAKE,1,ONE_FACE,0.9426,"[60,54,133,174]"
Fake/1REAEUOZUQ.jpg,FAKE,1,ONE_FACE,0.9435,"[61,42,147,194]"
Fake/1RG0FVHR04.jpg,FAKE,1,ONE_FACE,0.9446,"[53,42,145,205]"
Fake/1RH26YBEIS.jpg,FAKE,1,ONE_FACE,0.9455,"[63,58,131,182]"
Fake/1RHZNDKU03.jpg,FAKE,1,ONE_FACE,0.9471,"[64,50,134,182]"
Fake/1RJTV5C0JU.jpg,FAKE,1,ONE_FACE,0.9475,"[61,69,133,159]"
Fake/1RL78XNDPX.jpg,FAKE,1,ONE_FACE,0.9466,"[31,46,157,209]"
Fake/1RMTE6ETJB.jpg,FAKE,1,ONE_FACE,0.9341,"[65,45,135,181]"
Fake/1RNDHBZPNN.jpg,FAKE,1,ONE_FACE,0.9350,"[49,35,138,193]"
Fake/1RNW10EGAM.jpg,FAKE,1,ONE_FACE,0.9470,"[64,39,143,199]"
Fake/1ROPP28ZR3.jpg,FAKE,2,MULTIPLE_FACES,"[0.9477, 0.7852]","[[60, 52, 139, 192], [-4, 157, 58, 107]]"
Fake/1RQ9PUBOWY.jpg,FAKE,1,ONE_FACE,0.9421,"[59,46,131,168]"
Fake/1RQARKKUB7.jpg,FAKE,1,ONE_FACE,0.9530,"[59,41,152,197]"
Fake/1RRS1WIOD3.jpg,FAKE,1,ONE_FACE,0.9401,"[50,46,133,192]"
Fake/1RTITBNAVV.jpg,FAKE,1,ONE_FACE,0.9434,"[73,39,145,194]"
Fake/1RTR12VZAW.jpg,FAKE,1,ONE_FACE,0.9467,"[65,55,136,176]"
Fake/1RTZC5P86J.jpg,FAKE,1,ONE_FACE,0.9431,"[43,36,148,200]"
Fake/1RV4HVZGUO.jpg,FAKE,1,ONE_FACE,0.9358,"[71,62,137,173]"
Fake/1RVAUJCTZB.jpg,FAKE,1,ONE_FACE,0.9431,"[54,49,141,188]"
Fake/1RX078Q4J7.jpg,FAKE,1,ONE_FACE,0.9412,"[57,59,145,185]"
Fake/1RZJLXZ27E.jpg,FAKE,1,ONE_FACE,0.9440,"[53,45,141,187]"
Fake/1S0IL4GJGF.jpg,FAKE,1,ONE_FACE,0.9419,"[47,40,139,200]"
Fake/1S10CQQYTW.jpg,FAKE,1,ONE_FACE,0.9463,"[40,40,148,198]"
Fake/1S10PBL60S.jpg,FAKE,1,ONE_FACE,0.9435,"[60,43,140,191]"
Fake/1S1CVI1OFX.jpg,FAKE,1,ONE_FACE,0.9466,"[55,42,142,188]"
Fake/1S1G6PPB1W.jpg,FAKE,1,ONE_FACE,0.9477,"[64,40,148,205]"
Fake/1S1ZIVXY6V.jpg,FAKE,1,ONE_FACE,0.9420,"[76,41,150,195]"
Fake/1S2E3GVE0W.jpg,FAKE,1,ONE_FACE,0.9440,"[55,55,141,176]"
Fake/1S2MPYKA2I.jpg,FAKE,1,ONE_FACE,0.9413,"[67,68,123,161]"
Fake/1S39QN64O8.jpg,FAKE,1,ONE_FACE,0.9461,"[51,40,148,195]"
Fake/1S3ANFPE1N.jpg,FAKE,1,ONE_FACE,0.9426,"[52,64,147,182]"
Fake/1S5FVEAHIC.jpg,FAKE,1,ONE_FACE,0.9416,"[60,52,129,169]"
Fake/1S6ZHTU2AP.jpg,FAKE,1,ONE_FACE,0.9419,"[71,40,156,206]"
Fake/1S8QH0FQYD.jpg,FAKE,1,ONE_FACE,0.9482,"[53,42,145,189]"
Fake/1S91T948PV.jpg,FAKE,1,ONE_FACE,0.9273,"[46,35,142,215]"
Fake/1SA5PQJCNS.jpg,FAKE,1,ONE_FACE,0.9514,"[55,39,142,194]"
Fake/1SAXGCOVUV.jpg,FAKE,1,ONE_FACE,0.9472,"[50,45,141,193]"
Fake/1SBJOHAQBU.jpg,FAKE,1,ONE_FACE,0.9416,"[40,37,150,200]"
Fake/1SC7JSNN4P.jpg,FAKE,1,ONE_FACE,0.9452,"[54,38,142,194]"
Fake/1SCWBXWA7Z.jpg,FAKE,1,ONE_FACE,0.9462,"[54,52,142,182]"
Fake/1SDB62Q7X5.jpg,FAKE,1,ONE_FACE,0.9465,"[59,37,153,208]"
Fake/1SDE9WANE2.jpg,FAKE,1,ONE_FACE,0.9384,"[22,35,154,206]"
Fake/1SFVQIO6C4.jpg,FAKE,1,ONE_FACE,0.9457,"[65,57,131,179]"
Fake/1SGKHIALWN.jpg,FAKE,1,ONE_FACE,0.9480,"[66,35,162,216]"
Fake/1SIY2PE2BF.jpg,FAKE,1,ONE_FACE,0.9459,"[55,49,137,195]"
Fake/1SK1ZY8LTF.jpg,FAKE,1,ONE_FACE,0.9438,"[39,38,139,201]"
Fake/1SK9PTC2HL.jpg,FAKE,1,ONE_FACE,0.9481,"[57,63,141,170]"
Fake/1SL34O886F.jpg,FAKE,1,ONE_FACE,0.9423,"[78,37,156,209]"
Fake/1SLODCN6PS.jpg,FAKE,1,ONE_FACE,0.9471,"[42,51,147,190]"
Fake/1SLX00FXVP.jpg,FAKE,1,ONE_FACE,0.9503,"[58,35,153,211]"
Fake/1SN617045K.jpg,FAKE,1,ONE_FACE,0.9395,"[63,43,145,187]"
Fake/1SOT3HERXU.jpg,FAKE,1,ONE_FACE,0.9382,"[58,53,148,172]"
Fake/1SP95YKBHE.jpg,FAKE,1,ONE_FACE,0.9474,"[41,59,151,175]"
Fake/1SPOJOOS7S.jpg,FAKE,1,ONE_FACE,0.9480,"[44,42,147,192]"
Fake/1STMH5XCTI.jpg,FAKE,1,ONE_FACE,0.9418,"[34,47,134,189]"
Fake/1SVTRI3DOF.jpg,FAKE,1,ONE_FACE,0.9392,"[56,42,137,186]"
Fake/1SVWMBEC59.jpg,FAKE,1,ONE_FACE,0.9363,"[69,34,159,198]"
Fake/1SWP6S6B33.jpg,FAKE,1,ONE_FACE,0.9465,"[40,38,152,201]"
Fake/1SXLP78JQT.jpg,FAKE,1,ONE_FACE,0.9423,"[50,39,143,193]"
Fake/1SXU5NL20N.jpg,FAKE,1,ONE_FACE,0.9457,"[62,48,143,181]"
Fake/1T0GSUCSW9.jpg,FAKE,1,ONE_FACE,0.9461,"[70,35,149,200]"
Fake/1T0NXAZ3H3.jpg,FAKE,1,ONE_FACE,0.9429,"[66,41,146,202]"
Fake/1T2YXJ4RTL.jpg,FAKE,1,ONE_FACE,0.9465,"[56,44,149,205]"
Fake/1T4EAJ2ZSZ.jpg,FAKE,1,ONE_FACE,0.9390,"[68,43,138,187]"
Fake/1T4IE8PSKZ.jpg,FAKE,1,ONE_FACE,0.9492,"[56,36,156,211]"
Fake/1T5OD2SUM1.jpg,FAKE,1,ONE_FACE,0.9349,"[68,39,158,212]"
Fake/1T6VH1HF0T.jpg,FAKE,1,ONE_FACE,0.9471,"[60,52,136,178]"
Fake/1T8UBQ4YFT.jpg,FAKE,1,ONE_FACE,0.9318,"[92,53,120,170]"
Fake/1T9JN4Y1R1.jpg,FAKE,1,ONE_FACE,0.9426,"[54,46,139,187]"
Fake/1T9JPLQJYM.jpg,FAKE,1,ONE_FACE,0.9447,"[57,50,139,179]"
Fake/1T9S2RL7JB.jpg,FAKE,1,ONE_FACE,0.9357,"[64,53,145,188]"
Fake/1T9XPFITEI.jpg,FAKE,1,ONE_FACE,0.9530,"[57,48,141,187]"
Fake/1TBFLM05WW.jpg,FAKE,1,ONE_FACE,0.9469,"[60,56,133,176]"
Fake/1TBXN9UGYC.jpg,FAKE,1,ONE_FACE,0.9323,"[56,42,139,172]"
Fake/1TCGMX1CIB.jpg,FAKE,1,ONE_FACE,0.9496,"[61,49,136,185]"
Fake/1TCUZOSRAC.jpg,FAKE,1,ONE_FACE,0.9466,"[56,47,147,193]"
Fake/1TD4QDEGF0.jpg,FAKE,1,ONE_FACE,0.9460,"[59,54,138,185]"
Fake/1TEOLEA2TQ.jpg,FAKE,1,ONE_FACE,0.9466,"[59,40,148,197]"
Fake/1TERO9K9HJ.jpg,FAKE,1,ONE_FACE,0.9420,"[67,40,165,214]"
Fake/1TEZO02CRX.jpg,FAKE,1,ONE_FACE,0.9434,"[63,61,140,184]"
Fake/1TG8Y8YVAC.jpg,FAKE,1,ONE_FACE,0.9482,"[54,40,143,190]"
Fake/1TGC4E4BMO.jpg,FAKE,1,ONE_FACE,0.9443,"[39,45,150,196]"
Fake/1THTYKIZP2.jpg,FAKE,1,ONE_FACE,0.9437,"[62,49,151,195]"
Fake/1TJYHC93PW.jpg,FAKE,1,ONE_FACE,0.9449,"[56,44,143,202]"
Fake/1TL0D1C3N4.jpg,FAKE,1,ONE_FACE,0.9418,"[38,37,158,211]"
Fake/1TLEDQ9U7K.jpg,FAKE,1,ONE_FACE,0.9346,"[57,55,141,195]"
Fake/1TM68OKVY5.jpg,FAKE,1,ONE_FACE,0.9346,"[83,43,152,207]"
Fake/1TMH4BW5C8.jpg,FAKE,1,ONE_FACE,0.9511,"[54,47,139,187]"
Fake/1TNG3QYSRN.jpg,FAKE,1,ONE_FACE,0.9483,"[58,47,145,185]"
Fake/1TNXMM993I.jpg,FAKE,1,ONE_FACE,0.9353,"[51,60,140,177]"
Fake/1TOIUXBK6M.jpg,FAKE,1,ONE_FACE,0.9482,"[45,38,139,196]"
Fake/1TPN22MNJD.jpg,FAKE,1,ONE_FACE,0.9509,"[54,42,144,194]"
Fake/1TQCUJ05ZR.jpg,FAKE,1,ONE_FACE,0.9391,"[59,41,149,196]"
Fake/1TQXXPZCK0.jpg,FAKE,1,ONE_FACE,0.9456,"[56,41,138,185]"
Fake/1TRCD6X89H.jpg,FAKE,1,ONE_FACE,0.9359,"[41,35,146,200]"
Fake/1TRG4EAXUL.jpg,FAKE,1,ONE_FACE,0.9423,"[73,44,148,190]"
Fake/1TS9UAPHP8.jpg,FAKE,1,ONE_FACE,0.9398,"[64,46,138,192]"
Fake/1TSX8PFORR.jpg,FAKE,1,ONE_FACE,0.9506,"[54,42,143,194]"
Fake/1TTNR12NH3.jpg,FAKE,1,ONE_FACE,0.9374,"[40,42,150,193]"
Fake/1TURDST0FO.jpg,FAKE,1,ONE_FACE,0.9407,"[50,52,145,183]"
Fake/1TUU0X4ED5.jpg,FAKE,1,ONE_FACE,0.9331,"[69,41,132,189]"
Fake/1TW81W443S.jpg,FAKE,1,ONE_FACE,0.9417,"[62,40,151,199]"
Fake/1TXB5IS9DV.jpg,FAKE,1,ONE_FACE,0.9472,"[45,61,147,173]"
Fake/1TXI9B3ONR.jpg,FAKE,1,ONE_FACE,0.9467,"[59,39,135,192]"
Fake/1TYQKESKWU.jpg,FAKE,1,ONE_FACE,0.9414,"[55,38,150,190]"
Fake/1TYSFZMQTH.jpg,FAKE,1,ONE_FACE,0.9380,"[44,38,145,194]"
Fake/1U16MY19AN.jpg,FAKE,1,ONE_FACE,0.9428,"[71,39,131,209]"
Fake/1U2IOMG6X4.jpg,FAKE,1,ONE_FACE,0.9436,"[56,57,142,184]"
Fake/1U3CIPX2U1.jpg,FAKE,1,ONE_FACE,0.9410,"[71,34,152,201]"
Fake/1U4421JX4N.jpg,FAKE,1,ONE_FACE,0.9432,"[68,49,143,199]"
Fake/1U44RSMGBH.jpg,FAKE,1,ONE_FACE,0.9330,"[48,40,145,196]"
Fake/1U63PONKXL.jpg,FAKE,1,ONE_FACE,0.9383,"[64,64,132,173]"
Fake/1U7NBXHFJF.jpg,FAKE,1,ONE_FACE,0.9456,"[52,41,143,190]"
Fake/1U839743MG.jpg,FAKE,1,ONE_FACE,0.9413,"[71,47,149,189]"
Fake/1U9BDHIVLA.jpg,FAKE,1,ONE_FACE,0.9443,"[55,40,137,192]"
Fake/1UBHS2VNQJ.jpg,FAKE,1,ONE_FACE,0.9415,"[57,45,141,187]"
Fake/1UC3O48055.jpg,FAKE,1,ONE_FACE,0.9449,"[55,44,143,198]"
Fake/1UCCCGVN7Y.jpg,FAKE,1,ONE_FACE,0.9479,"[64,57,133,175]"
Fake/1UD1AIGDPE.jpg,FAKE,1,ONE_FACE,0.9475,"[52,40,146,201]"
Fake/1UDBCUIGUN.jpg,FAKE,1,ONE_FACE,0.9465,"[48,38,144,200]"
Fake/1UE8792KUO.jpg,FAKE,1,ONE_FACE,0.9303,"[29,37,153,202]"
Fake/1UFCXKE8MC.jpg,FAKE,1,ONE_FACE,0.9418,"[73,49,162,205]"
Fake/1UH10Q9KKT.jpg,FAKE,1,ONE_FACE,0.9417,"[57,47,135,189]"
Fake/1UHJBYUJT5.jpg,FAKE,1,ONE_FACE,0.9392,"[49,45,135,191]"
Fake/1UHODM4TOO.jpg,FAKE,1,ONE_FACE,0.9492,"[77,41,143,205]"
Fake/1UKJJTCAHB.jpg,FAKE,2,MULTIPLE_FACES,"[0.935, 0.6179]","[[40, 50, 143, 189], [220, 107, 31, 44]]"
Fake/1UM89WOJFP.jpg,FAKE,1,ONE_FACE,0.9402,"[63,36,147,201]"
Fake/1UM8I0JARW.jpg,FAKE,1,ONE_FACE,0.9448,"[45,43,149,193]"
Fake/1UMXLP6LAX.jpg,FAKE,1,ONE_FACE,0.9375,"[47,36,134,189]"
Fake/1UNUEW2UPW.jpg,FAKE,1,ONE_FACE,0.9478,"[50,54,140,186]"
Fake/1UNVRPTTTY.jpg,FAKE,1,ONE_FACE,0.9443,"[37,46,155,197]"
Fake/1UNXCAPO0P.jpg,FAKE,1,ONE_FACE,0.9426,"[54,48,138,176]"
Fake/1UPZUVN3QP.jpg,FAKE,1,ONE_FACE,0.9470,"[56,45,134,186]"
Fake/1UQYYN41BE.jpg,FAKE,1,ONE_FACE,0.9423,"[69,45,130,180]"
Fake/1UR6R0XLI9.jpg,FAKE,1,ONE_FACE,0.9461,"[47,42,145,193]"
Fake/1URVCIWBUC.jpg,FAKE,1,ONE_FACE,0.9446,"[57,38,144,179]"
Fake/1USM9N17CA.jpg,FAKE,1,ONE_FACE,0.9476,"[57,52,141,177]"
Fake/1USV4V5GBT.jpg,FAKE,1,ONE_FACE,0.9227,"[74,48,164,209]"
Fake/1UTEBS23S6.jpg,FAKE,1,ONE_FACE,0.9484,"[58,41,145,203]"
Fake/1UVF43ATJW.jpg,FAKE,1,ONE_FACE,0.9425,"[57,49,139,187]"
Fake/1UXTOUV8EA.jpg,FAKE,1,ONE_FACE,0.9433,"[54,53,135,184]"
Fake/1UZ1YK43IJ.jpg,FAKE,1,ONE_FACE,0.9426,"[49,37,147,200]"
Fake/1UZP97IXLC.jpg,FAKE,1,ONE_FACE,0.9456,"[61,46,143,194]"
Fake/1V22ILIRB0.jpg,FAKE,1,ONE_FACE,0.9411,"[80,34,162,201]"
Fake/1V2WGLENIR.jpg,FAKE,1,ONE_FACE,0.9531,"[55,42,142,190]"
Fake/1V61F3L3DJ.jpg,FAKE,1,ONE_FACE,0.9271,"[65,57,134,175]"
Fake/1V6HMTORU4.jpg,FAKE,1,ONE_FACE,0.9370,"[56,57,129,170]"
Fake/1V8G3OV0TN.jpg,FAKE,1,ONE_FACE,0.9444,"[53,51,144,188]"
Fake/1V8SPR39NF.jpg,FAKE,1,ONE_FACE,0.9420,"[54,42,141,193]"
Fake/1V932WWQUV.jpg,FAKE,1,ONE_FACE,0.9414,"[46,38,144,196]"
Fake/1V9SPKTABW.jpg,FAKE,1,ONE_FACE,0.9384,"[70,47,146,199]"
Fake/1VAXNFVDWO.jpg,FAKE,1,ONE_FACE,0.9432,"[61,38,160,214]"
Fake/1VC1ZYJ0K0.jpg,FAKE,1,ONE_FACE,0.9410,"[56,42,140,195]"
Fake/1VE7XO8F36.jpg,FAKE,1,ONE_FACE,0.9455,"[56,41,140,190]"
Fake/1VFSFH2425.jpg,FAKE,1,ONE_FACE,0.9513,"[48,40,147,191]"
Fake/1VI476W7Q3.jpg,FAKE,1,ONE_FACE,0.9533,"[41,46,153,197]"
Fake/1VJHQJO7N0.jpg,FAKE,1,ONE_FACE,0.9436,"[36,48,150,193]"
Fake/1VK7LWKO97.jpg,FAKE,1,ONE_FACE,0.9422,"[31,34,155,219]"
Fake/1VKWADBJJO.jpg,FAKE,1,ONE_FACE,0.9481,"[58,42,142,190]"
Fake/1VKX6H1Y92.jpg,FAKE,1,ONE_FACE,0.9449,"[55,48,142,165]"
Fake/1VLJJXE06B.jpg,FAKE,1,ONE_FACE,0.9281,"[53,39,135,179]"
Fake/1VLUWRER55.jpg,FAKE,1,ONE_FACE,0.9484,"[54,35,150,213]"
Fake/1VN5BKLHKU.jpg,FAKE,1,ONE_FACE,0.9456,"[63,46,150,195]"
Fake/1VNMGCICED.jpg,FAKE,1,ONE_FACE,0.9372,"[77,54,139,185]"
Fake/1VNR0KI1AV.jpg,FAKE,1,ONE_FACE,0.9457,"[56,47,141,184]"
Fake/1VPN7IFRE0.jpg,FAKE,1,ONE_FACE,0.9518,"[54,41,148,208]"
Fake/1VPXL6HURE.jpg,FAKE,1,ONE_FACE,0.9402,"[56,44,144,201]"
Fake/1VQMT71ATD.jpg,FAKE,1,ONE_FACE,0.9451,"[43,36,149,203]"
Fake/1VRSCM1PIL.jpg,FAKE,1,ONE_FACE,0.9478,"[55,42,143,193]"
Fake/1VRTJGJFB6.jpg,FAKE,1,ONE_FACE,0.9469,"[64,52,123,179]"
Fake/1VRWQ8E6AB.jpg,FAKE,1,ONE_FACE,0.9440,"[58,56,132,179]"
Fake/1VSUGJ1496.jpg,FAKE,1,ONE_FACE,0.9466,"[58,46,136,188]"
Fake/1VU3HD6GEE.jpg,FAKE,1,ONE_FACE,0.9499,"[56,46,140,186]"
Fake/1VUHP5PFBN.jpg,FAKE,1,ONE_FACE,0.9401,"[59,51,146,180]"
Fake/1VWJ1SSZUT.jpg,FAKE,1,ONE_FACE,0.9471,"[39,34,155,224]"
Fake/1VX47PLZML.jpg,FAKE,1,ONE_FACE,0.9440,"[59,43,140,190]"
Fake/1VYGRR357L.jpg,FAKE,1,ONE_FACE,0.9426,"[39,48,147,193]"
Fake/1VZ3NPI2ZQ.jpg,FAKE,1,ONE_FACE,0.9463,"[62,46,144,174]"
Fake/1VZDFDCGSB.jpg,FAKE,1,ONE_FACE,0.9332,"[33,45,157,186]"
Fake/1VZRWOCVTF.jpg,FAKE,1,ONE_FACE,0.9413,"[47,47,144,188]"
Fake/1W1EKCXXN0.jpg,FAKE,1,ONE_FACE,0.9414,"[35,38,146,206]"
Fake/1W1S9PB2X0.jpg,FAKE,1,ONE_FACE,0.9428,"[66,44,137,195]"
Fake/1W2BLT2QNO.jpg,FAKE,1,ONE_FACE,0.9285,"[44,52,148,181]"
Fake/1W2BZZF9EJ.jpg,FAKE,1,ONE_FACE,0.9381,"[65,45,141,194]"
Fake/1W36HKC3FG.jpg,FAKE,1,ONE_FACE,0.9511,"[53,42,142,197]"
Fake/1W3AEBFTZA.jpg,FAKE,1,ONE_FACE,0.9312,"[61,40,115,186]"
Fake/1W7M5MDKWC.jpg,FAKE,1,ONE_FACE,0.9469,"[56,48,144,182]"
Fake/1W81B4KT9Y.jpg,FAKE,1,ONE_FACE,0.9419,"[41,42,146,189]"
Fake/1W8V7Q0W4G.jpg,FAKE,1,ONE_FACE,0.9439,"[44,50,143,187]"
Fake/1W9X487BKU.jpg,FAKE,1,ONE_FACE,0.9465,"[49,34,144,200]"
Fake/1WAV1V7GB1.jpg,FAKE,1,ONE_FACE,0.9468,"[61,49,131,184]"
Fake/1WAZP29H1E.jpg,FAKE,1,ONE_FACE,0.9416,"[48,48,146,201]"
Fake/1WB1BVZ4WC.jpg,FAKE,1,ONE_FACE,0.9474,"[53,42,139,187]"
Fake/1WBDZA86BU.jpg,FAKE,1,ONE_FACE,0.9256,"[28,41,133,191]"
Fake/1WBHL0O74P.jpg,FAKE,1,ONE_FACE,0.9443,"[43,40,147,199]"
Fake/1WDFANCJCK.jpg,FAKE,1,ONE_FACE,0.9489,"[61,48,145,194]"
Fake/1WDM7VW8LA.jpg,FAKE,1,ONE_FACE,0.9456,"[44,39,143,198]"
Fake/1WFXR0BRJP.jpg,FAKE,1,ONE_FACE,0.9489,"[57,43,142,195]"
Fake/1WG8HO8HUX.jpg,FAKE,1,ONE_FACE,0.9456,"[43,45,143,194]"
Fake/1WHXHAIUTN.jpg,FAKE,1,ONE_FACE,0.9526,"[58,50,133,189]"
Fake/1WIPD4CLBW.jpg,FAKE,1,ONE_FACE,0.9419,"[53,52,146,182]"
Fake/1WJ74KIO55.jpg,FAKE,1,ONE_FACE,0.9377,"[44,51,150,188]"
Fake/1WJUWQWY96.jpg,FAKE,2,MULTIPLE_FACES,"[0.9437, 0.6671]","[[59, 48, 159, 205], [-1, 26, 37, 57]]"
Fake/1WOJXZWLJ9.jpg,FAKE,1,ONE_FACE,0.9271,"[53,56,133,162]"
Fake/1WOL23E95G.jpg,FAKE,1,ONE_FACE,0.9457,"[76,40,150,204]"
Fake/1WOYVNFEFD.jpg,FAKE,1,ONE_FACE,0.9394,"[49,52,141,185]"
Fake/1WRBCBXFDN.jpg,FAKE,1,ONE_FACE,0.9306,"[59,61,143,171]"
Fake/1WRKPPNT4X.jpg,FAKE,1,ONE_FACE,0.9367,"[38,42,148,194]"
Fake/1WROSYZZ10.jpg,FAKE,1,ONE_FACE,0.9459,"[32,36,152,211]"
Fake/1WTEVNCLWP.jpg,FAKE,1,ONE_FACE,0.9440,"[45,40,148,201]"
Fake/1WW6XZGKTQ.jpg,FAKE,1,ONE_FACE,0.9528,"[59,48,133,176]"
Fake/1WYJPJSOC4.jpg,FAKE,1,ONE_FACE,0.9394,"[44,53,144,195]"
Fake/1WYJWA9NZ1.jpg,FAKE,1,ONE_FACE,0.9493,"[48,45,146,196]"
Fake/1WZSQGAYIY.jpg,FAKE,1,ONE_FACE,0.9456,"[46,38,146,199]"
Fake/1X0HYE3X8Z.jpg,FAKE,1,ONE_FACE,0.9447,"[30,39,147,201]"
Fake/1X1D8WTJ9X.jpg,FAKE,1,ONE_FACE,0.9535,"[54,38,145,192]"
Fake/1X1I9KEYAY.jpg,FAKE,1,ONE_FACE,0.9460,"[58,48,138,178]"
Fake/1X20OBGA4H.jpg,FAKE,1,ONE_FACE,0.9506,"[54,47,143,188]"
Fake/1X2L7F9CP0.jpg,FAKE,1,ONE_FACE,0.9440,"[57,41,137,188]"
Fake/1X2T0ZBNXN.jpg,FAKE,1,ONE_FACE,0.9357,"[54,36,140,185]"
Fake/1X3N37D0MF.jpg,FAKE,1,ONE_FACE,0.9480,"[54,48,138,186]"
Fake/1X3UV3ONE6.jpg,FAKE,1,ONE_FACE,0.9428,"[52,42,142,192]"
Fake/1X59CPDK6I.jpg,FAKE,1,ONE_FACE,0.9351,"[27,36,157,213]"
Fake/1X5JZFZN0U.jpg,FAKE,1,ONE_FACE,0.9416,"[56,51,133,172]"
Fake/1X5ML6Y9ZY.jpg,FAKE,1,ONE_FACE,0.9469,"[64,49,138,176]"
Fake/1X7OR9BMDX.jpg,FAKE,1,ONE_FACE,0.9516,"[49,37,148,199]"
Fake/1X8GQ0OKF3.jpg,FAKE,1,ONE_FACE,0.9457,"[59,43,137,195]"
Fake/1X8L55G4WP.jpg,FAKE,1,ONE_FACE,0.9421,"[48,40,139,196]"
Fake/1X9YSE04F6.jpg,FAKE,1,ONE_FACE,0.9420,"[54,39,142,192]"
Fake/1XA0UW29CG.jpg,FAKE,1,ONE_FACE,0.9490,"[50,36,142,198]"
Fake/1XAIQOFDGT.jpg,FAKE,1,ONE_FACE,0.9432,"[57,41,142,200]"
Fake/1XARY62V9I.jpg,FAKE,1,ONE_FACE,0.9404,"[36,37,153,203]"
Fake/1XBXNOZ970.jpg,FAKE,1,ONE_FACE,0.9420,"[53,47,138,178]"
Fake/1XC0MTLX3I.jpg,FAKE,1,ONE_FACE,0.9411,"[60,51,129,180]"
Fake/1XCPUUXRI2.jpg,FAKE,1,ONE_FACE,0.9409,"[52,35,146,217]"
Fake/1XDEYAR934.jpg,FAKE,1,ONE_FACE,0.9466,"[63,45,161,201]"
Fake/1XDI779T4Y.jpg,FAKE,1,ONE_FACE,0.9531,"[57,47,140,185]"
Fake/1XID7NU6TA.jpg,FAKE,1,ONE_FACE,0.9498,"[48,56,136,178]"
Fake/1XJ2RB18HY.jpg,FAKE,1,ONE_FACE,0.9451,"[54,38,139,191]"
Fake/1XJ7R68SX4.jpg,FAKE,1,ONE_FACE,0.9476,"[48,46,145,196]"
Fake/1XJCGDBMGA.jpg,FAKE,1,ONE_FACE,0.9445,"[64,48,142,192]"
Fake/1XMB9EYGAS.jpg,FAKE,1,ONE_FACE,0.9489,"[55,43,145,190]"
Fake/1XMBG0G2AV.jpg,FAKE,1,ONE_FACE,0.9476,"[46,41,148,199]"
Fake/1XMJRT2XJ3.jpg,FAKE,1,ONE_FACE,0.9435,"[38,40,148,191]"
Fake/1XML6M5TV1.jpg,FAKE,1,ONE_FACE,0.9364,"[82,41,144,192]"
Fake/1XMMG8VCR5.jpg,FAKE,1,ONE_FACE,0.9479,"[53,46,135,185]"
Fake/1XN1DHIXWJ.jpg,FAKE,1,ONE_FACE,0.9436,"[78,46,139,197]"
Fake/1XO2S877HA.jpg,FAKE,1,ONE_FACE,0.9458,"[63,50,140,193]"
Fake/1XOJ7WB238.jpg,FAKE,1,ONE_FACE,0.9550,"[63,43,135,198]"
Fake/1XOP1ZW1OL.jpg,FAKE,1,ONE_FACE,0.9417,"[54,50,135,176]"
Fake/1XS8A64DE4.jpg,FAKE,1,ONE_FACE,0.9319,"[55,43,134,188]"
Fake/1XST3BQ2H9.jpg,FAKE,1,ONE_FACE,0.9463,"[47,55,142,193]"
Fake/1XV2ZFXKIJ.jpg,FAKE,1,ONE_FACE,0.9417,"[58,49,139,187]"
Fake/1XV4HGE6PT.jpg,FAKE,1,ONE_FACE,0.9454,"[38,42,146,195]"
Fake/1XVA8BPZEY.jpg,FAKE,1,ONE_FACE,0.9386,"[54,48,142,187]"
Fake/1XVS78YYM8.jpg,FAKE,1,ONE_FACE,0.9469,"[69,33,168,222]"
Fake/1XXNM7F534.jpg,FAKE,1,ONE_FACE,0.9366,"[56,44,144,182]"
Fake/1XY0BR97VP.jpg,FAKE,1,ONE_FACE,0.9515,"[55,44,139,199]"
Fake/1Y04SUJX3J.jpg,FAKE,1,ONE_FACE,0.9420,"[52,46,136,180]"
Fake/1Y0XLSKB50.jpg,FAKE,1,ONE_FACE,0.9465,"[49,41,142,196]"
Fake/1Y38YVBKS5.jpg,FAKE,1,ONE_FACE,0.9513,"[52,39,142,195]"
Fake/1Y3QCX9S6L.jpg,FAKE,1,ONE_FACE,0.9438,"[19,36,150,209]"
Fake/1Y8FL1BC4U.jpg,FAKE,1,ONE_FACE,0.9425,"[50,60,139,162]"
Fake/1Y8M3H56XS.jpg,FAKE,1,ONE_FACE,0.9513,"[62,54,140,193]"
Fake/1YA8G21BKW.jpg,FAKE,1,ONE_FACE,0.9412,"[55,46,142,190]"
Fake/1YAA0UO330.jpg,FAKE,1,ONE_FACE,0.9358,"[51,50,141,183]"
Fake/1YCULRD1VK.jpg,FAKE,1,ONE_FACE,0.9492,"[69,34,151,207]"
Fake/1YDFGD7ITA.jpg,FAKE,1,ONE_FACE,0.9449,"[22,35,157,214]"
Fake/1YENO7FWW6.jpg,FAKE,1,ONE_FACE,0.9475,"[63,42,134,186]"
Fake/1YEWHE1VOX.jpg,FAKE,1,ONE_FACE,0.9453,"[69,41,144,201]"
Fake/1YF0TNPKDK.jpg,FAKE,1,ONE_FACE,0.9407,"[36,33,136,217]"
Fake/1YFED91YQE.jpg,FAKE,1,ONE_FACE,0.9435,"[57,42,140,192]"
Fake/1YHKDAD9MN.jpg,FAKE,1,ONE_FACE,0.9480,"[60,48,142,195]"
Fake/1YISDATJ0Q.jpg,FAKE,1,ONE_FACE,0.9474,"[33,44,149,193]"
Fake/1YJ5PMO1KR.jpg,FAKE,1,ONE_FACE,0.9414,"[84,34,143,211]"
Fake/1YLSPYRON3.jpg,FAKE,1,ONE_FACE,0.9400,"[35,39,161,214]"
Fake/1YMUDQL1H6.jpg,FAKE,1,ONE_FACE,0.9445,"[40,36,149,194]"
Fake/1YNJJDX311.jpg,FAKE,1,ONE_FACE,0.9450,"[52,39,141,192]"
Fake/1YNQZMQ7EB.jpg,FAKE,1,ONE_FACE,0.9466,"[59,46,147,187]"
Fake/1YNTE6K5OX.jpg,FAKE,1,ONE_FACE,0.9454,"[59,53,153,191]"
Fake/1YNXPVLA9B.jpg,FAKE,1,ONE_FACE,0.9472,"[59,59,129,169]"
Fake/1YO5I1L8VP.jpg,FAKE,1,ONE_FACE,0.9286,"[54,53,143,189]"
Fake/1YPGWNJL11.jpg,FAKE,1,ONE_FACE,0.9482,"[55,47,136,186]"
Fake/1YPQ0ELPQB.jpg,FAKE,1,ONE_FACE,0.9434,"[28,31,154,224]"
Fake/1YT5AZNP5R.jpg,FAKE,1,ONE_FACE,0.9490,"[64,36,150,199]"
Fake/1YXG8RBX44.jpg,FAKE,1,ONE_FACE,0.9352,"[62,43,141,191]"
Fake/1YY4K6YJU4.jpg,FAKE,1,ONE_FACE,0.9446,"[59,54,136,179]"
Fake/1Z00MR0QHD.jpg,FAKE,1,ONE_FACE,0.9492,"[60,51,138,184]"
Fake/1Z0CUD3W6X.jpg,FAKE,1,ONE_FACE,0.9478,"[47,48,147,192]"
Fake/1Z0K69E8LS.jpg,FAKE,1,ONE_FACE,0.9366,"[58,44,143,185]"
Fake/1Z1XJQVUTE.jpg,FAKE,1,ONE_FACE,0.9404,"[57,46,131,176]"
Fake/1Z2XCUU6RJ.jpg,FAKE,1,ONE_FACE,0.9528,"[59,43,143,196]"
Fake/1Z3IG7COO3.jpg,FAKE,1,ONE_FACE,0.9530,"[59,39,145,203]"
Fake/1Z4KQZ2NLO.jpg,FAKE,1,ONE_FACE,0.9431,"[62,47,135,185]"
Fake/1Z5I54EJPA.jpg,FAKE,1,ONE_FACE,0.9425,"[70,44,118,191]"
Fake/1Z6YUG3Y0M.jpg,FAKE,1,ONE_FACE,0.9431,"[50,48,139,191]"
Fake/1Z73B8V5RX.jpg,FAKE,1,ONE_FACE,0.9411,"[44,62,149,180]"
Fake/1Z7I5MBWKW.jpg,FAKE,1,ONE_FACE,0.9456,"[57,42,142,190]"
Fake/1Z8G1QG90X.jpg,FAKE,1,ONE_FACE,0.9459,"[62,49,143,192]"
Fake/1Z8WSOY712.jpg,FAKE,1,ONE_FACE,0.9388,"[52,54,134,177]"
Fake/1Z91D0E1ID.jpg,FAKE,1,ONE_FACE,0.9483,"[56,47,140,183]"
Fake/1Z930CRH3L.jpg,FAKE,1,ONE_FACE,0.9565,"[57,47,142,190]"
Fake/1Z9RWQ55QY.jpg,FAKE,1,ONE_FACE,0.9422,"[57,41,138,190]"
Fake/1ZB7TDAGPJ.jpg,FAKE,1,ONE_FACE,0.9512,"[55,37,143,196]"
Fake/1ZCDPU5DTM.jpg,FAKE,1,ONE_FACE,0.9504,"[54,44,144,189]"
Fake/1ZCG9NWPB4.jpg,FAKE,1,ONE_FACE,0.9509,"[60,39,136,187]"
Fake/1ZE2LIMGBD.jpg,FAKE,1,ONE_FACE,0.9419,"[58,41,139,171]"
Fake/1ZE80XSOG1.jpg,FAKE,1,ONE_FACE,0.9392,"[36,39,137,200]"
Fake/1ZFIJBEM8A.jpg,FAKE,1,ONE_FACE,0.9411,"[64,41,141,197]"
Fake/1ZFRLW7LYW.jpg,FAKE,1,ONE_FACE,0.9357,"[59,48,128,173]"
Fake/1ZFVS1YKB9.jpg,FAKE,1,ONE_FACE,0.9531,"[55,38,147,197]"
Fake/1ZK5RQD4RL.jpg,FAKE,1,ONE_FACE,0.9441,"[53,43,141,193]"
Fake/1ZKEKNV3DW.jpg,FAKE,1,ONE_FACE,0.9408,"[65,38,154,202]"
Fake/1ZKG0YI5NF.jpg,FAKE,1,ONE_FACE,0.9442,"[86,42,145,205]"
Fake/1ZKI8UAH0W.jpg,FAKE,1,ONE_FACE,0.9493,"[48,40,148,201]"
Fake/1ZKR9OO1E5.jpg,FAKE,1,ONE_FACE,0.9401,"[56,44,134,184]"
Fake/1ZLGEUWDHZ.jpg,FAKE,1,ONE_FACE,0.9325,"[78,46,151,202]"
Fake/1ZM963BT63.jpg,FAKE,1,ONE_FACE,0.9508,"[48,47,145,188]"
Fake/1ZMAB0QDYM.jpg,FAKE,1,ONE_FACE,0.9438,"[55,43,142,186]"
Fake/1ZMHCCJMNC.jpg,FAKE,1,ONE_FACE,0.9499,"[60,47,139,185]"
Fake/1ZPFBMA2HX.jpg,FAKE,1,ONE_FACE,0.9416,"[56,48,141,184]"
Fake/1ZRLLCR0SU.jpg,FAKE,1,ONE_FACE,0.9282,"[61,42,132,189]"
Fake/1ZRLVRD4KB.jpg,FAKE,1,ONE_FACE,0.9372,"[44,33,148,214]"
Fake/1ZRYJJBDWB.jpg,FAKE,1,ONE_FACE,0.9443,"[53,38,145,193]"
Fake/1ZRZF8HMA6.jpg,FAKE,1,ONE_FACE,0.9471,"[38,54,141,187]"
Fake/1ZSU92OAB2.jpg,FAKE,1,ONE_FACE,0.9477,"[30,41,144,198]"
Fake/1ZVTFUMHCK.jpg,FAKE,1,ONE_FACE,0.9493,"[57,48,146,188]"
Fake/1ZX9OU9UJD.jpg,FAKE,1,ONE_FACE,0.9476,"[39,36,154,208]"
Fake/1ZYGHTM3J7.jpg,FAKE,1,ONE_FACE,0.9415,"[64,47,133,183]"
Fake/2A09ZFRVYL.jpg,FAKE,1,ONE_FACE,0.9491,"[58,48,135,182]"
Fake/2A0FWVX3MD.jpg,FAKE,1,ONE_FACE,0.9361,"[74,38,160,219]"
Fake/2A0NW0EAUD.jpg,FAKE,1,ONE_FACE,0.9484,"[50,45,143,191]"
Fake/2A1JX5WO8A.jpg,FAKE,1,ONE_FACE,0.9413,"[48,34,146,198]"
Fake/2A1KB6G60I.jpg,FAKE,1,ONE_FACE,0.9447,"[63,54,145,178]"
Fake/2A2ED77FE4.jpg,FAKE,1,ONE_FACE,0.9407,"[48,48,142,182]"
Fake/2A2NWCF1K0.jpg,FAKE,1,ONE_FACE,0.9476,"[54,48,135,177]"
Fake/2A36L4WGBJ.jpg,FAKE,1,ONE_FACE,0.9374,"[31,42,155,210]"
Fake/2A3XQB3TFK.jpg,FAKE,1,ONE_FACE,0.9503,"[53,41,143,193]"
Fake/2A4ZQ9EQJ4.jpg,FAKE,1,ONE_FACE,0.9411,"[71,38,163,217]"
Fake/2A580PCPJU.jpg,FAKE,1,ONE_FACE,0.9438,"[52,43,147,181]"
Fake/2A656JUWJ7.jpg,FAKE,1,ONE_FACE,0.9482,"[57,47,142,186]"
Fake/2A6IMGLMIP.jpg,FAKE,1,ONE_FACE,0.9256,"[66,43,154,206]"
Fake/2A6KGFLD7I.jpg,FAKE,1,ONE_FACE,0.9475,"[52,43,144,191]"
Fake/2A7KJ3J0A1.jpg,FAKE,1,ONE_FACE,0.9366,"[76,36,153,212]"
Fake/2A989UK13P.jpg,FAKE,1,ONE_FACE,0.9452,"[49,46,144,185]"
Fake/2AAH2IPI69.jpg,FAKE,1,ONE_FACE,0.9440,"[54,34,149,215]"
Fake/2ABQV5K6TF.jpg,FAKE,1,ONE_FACE,0.9419,"[61,55,139,159]"
Fake/2ABZ27302P.jpg,FAKE,1,ONE_FACE,0.9446,"[61,45,158,205]"
Fake/2AD91QWAH4.jpg,FAKE,1,ONE_FACE,0.9498,"[54,49,142,185]"
Fake/2AELEYS739.jpg,FAKE,1,ONE_FACE,0.9432,"[69,42,148,200]"
Fake/2AFEDYBO0T.jpg,FAKE,1,ONE_FACE,0.9456,"[45,30,147,209]"
Fake/2AFR9L074E.jpg,FAKE,1,ONE_FACE,0.9501,"[62,52,139,176]"
Fake/2AG1QKK1XO.jpg,FAKE,1,ONE_FACE,0.9449,"[54,43,138,194]"
Fake/2AGVWQ8XBZ.jpg,FAKE,2,MULTIPLE_FACES,"[0.948, 0.6705]","[[57, 53, 135, 173], [191, -12, 71, 133]]"
Fake/2AH1TLCWCH.jpg,FAKE,1,ONE_FACE,0.9326,"[43,35,149,197]"
Fake/2AHOAE5S59.jpg,FAKE,1,ONE_FACE,0.9492,"[43,49,147,192]"
Fake/2AI5JAT9R3.jpg,FAKE,1,ONE_FACE,0.9456,"[64,39,147,205]"
Fake/2AKWU1VPE1.jpg,FAKE,1,ONE_FACE,0.9377,"[59,38,150,179]"
Fake/2AL4CAUDPU.jpg,FAKE,1,ONE_FACE,0.9393,"[46,37,146,199]"
Fake/2AL634PQ0M.jpg,FAKE,1,ONE_FACE,0.9501,"[58,49,137,193]"
Fake/2AMETFFFX0.jpg,FAKE,1,ONE_FACE,0.9528,"[54,48,142,193]"
Fake/2AN1ZV87LM.jpg,FAKE,1,ONE_FACE,0.9373,"[66,51,156,200]"
Fake/2AP56YWMFB.jpg,FAKE,1,ONE_FACE,0.9380,"[71,56,150,188]"
Fake/2AQDPRT1U1.jpg,FAKE,1,ONE_FACE,0.9477,"[55,47,134,162]"
Fake/2AQFGSSIR0.jpg,FAKE,1,ONE_FACE,0.9490,"[55,54,136,176]"
Fake/2AR40UKQD6.jpg,FAKE,1,ONE_FACE,0.9417,"[56,54,132,186]"
Fake/2ARHQVIYWF.jpg,FAKE,1,ONE_FACE,0.9432,"[39,40,149,201]"
Fake/2ARI88X1WW.jpg,FAKE,1,ONE_FACE,0.9472,"[44,48,149,191]"
Fake/2ATQBZS3B6.jpg,FAKE,1,ONE_FACE,0.9437,"[32,41,154,206]"
Fake/2AWPNLTHVW.jpg,FAKE,1,ONE_FACE,0.9386,"[22,53,161,193]"
Fake/2AZQVS9UNV.jpg,FAKE,1,ONE_FACE,0.9445,"[62,53,135,183]"
Fake/2B01QVHPNO.jpg,FAKE,1,ONE_FACE,0.9465,"[56,49,139,178]"
Fake/2B1F5T8PHP.jpg,FAKE,1,ONE_FACE,0.9400,"[68,40,146,204]"
Fake/2B2PTJGQ44.jpg,FAKE,1,ONE_FACE,0.9359,"[68,66,133,176]"
Fake/2B6YBDZUWF.jpg,FAKE,1,ONE_FACE,0.9419,"[35,42,147,197]"
Fake/2B7J82MJAB.jpg,FAKE,1,ONE_FACE,0.9366,"[62,48,134,182]"
Fake/2B8WSR1HS1.jpg,FAKE,1,ONE_FACE,0.9287,"[83,40,145,207]"
Fake/2B9REEJKPS.jpg,FAKE,1,ONE_FACE,0.9324,"[41,51,149,185]"
Fake/2BA62TT0TO.jpg,FAKE,1,ONE_FACE,0.9475,"[35,37,152,204]"
Fake/2BA72M0OBV.jpg,FAKE,1,ONE_FACE,0.9485,"[57,48,141,183]"
Fake/2BBOO2P93E.jpg,FAKE,1,ONE_FACE,0.9449,"[60,48,145,188]"
Fake/2BDFO6SMSZ.jpg,FAKE,1,ONE_FACE,0.9465,"[63,39,147,214]"
Fake/2BDRCFP2FU.jpg,FAKE,1,ONE_FACE,0.9440,"[50,41,146,188]"
Fake/2BE1UET8DL.jpg,FAKE,1,ONE_FACE,0.9479,"[43,42,141,199]"
Fake/2BKHGCSRXT.jpg,FAKE,1,ONE_FACE,0.9473,"[61,58,127,172]"
Fake/2BLIZ47HW9.jpg,FAKE,1,ONE_FACE,0.9433,"[52,42,138,190]"
Fake/2BN9Z8N76K.jpg,FAKE,1,ONE_FACE,0.9463,"[63,60,149,177]"
Fake/2BNWNB3X4P.jpg,FAKE,1,ONE_FACE,0.9432,"[44,35,150,203]"
Fake/2BP4AQLUZI.jpg,FAKE,1,ONE_FACE,0.9440,"[28,35,146,209]"
Fake/2BP5MWHK2Y.jpg,FAKE,1,ONE_FACE,0.9460,"[53,40,142,196]"
Fake/2BQHVYRZE0.jpg,FAKE,1,ONE_FACE,0.9507,"[61,48,142,192]"
Fake/2BS8GAJU0J.jpg,FAKE,1,ONE_FACE,0.9434,"[67,52,131,182]"
Fake/2BTFEUB9YF.jpg,FAKE,1,ONE_FACE,0.9475,"[51,43,141,194]"
Fake/2BU44JL12L.jpg,FAKE,1,ONE_FACE,0.9524,"[50,45,141,200]"
Fake/2BW5U5KCXY.jpg,FAKE,1,ONE_FACE,0.9452,"[68,42,147,197]"
Fake/2BZ5ZMCLNX.jpg,FAKE,1,ONE_FACE,0.9278,"[54,47,144,197]"
Fake/2BZALDH8IO.jpg,FAKE,1,ONE_FACE,0.9318,"[54,40,142,192]"
Fake/2C14CIL69T.jpg,FAKE,1,ONE_FACE,0.9348,"[53,57,145,176]"
Fake/2C4F9JX185.jpg,FAKE,1,ONE_FACE,0.9409,"[55,62,143,169]"
Fake/2C4QBBPCD5.jpg,FAKE,1,ONE_FACE,0.9443,"[61,44,136,188]"
Fake/2C4V7CTH3L.jpg,FAKE,1,ONE_FACE,0.9478,"[71,55,148,189]"
Fake/2C5KD4SRED.jpg,FAKE,1,ONE_FACE,0.9415,"[37,34,150,211]"
Fake/2C5O7MQQ0Q.jpg,FAKE,1,ONE_FACE,0.9477,"[56,56,140,177]"
Fake/2C75VYXQLJ.jpg,FAKE,1,ONE_FACE,0.9443,"[53,56,138,191]"
Fake/2C86KVEKWQ.jpg,FAKE,1,ONE_FACE,0.9452,"[59,56,132,173]"
Fake/2C8R2VGQOC.jpg,FAKE,1,ONE_FACE,0.9397,"[58,58,138,171]"
Fake/2C9FZESB7L.jpg,FAKE,1,ONE_FACE,0.9473,"[35,34,156,211]"
Fake/2C9SPOHJGR.jpg,FAKE,1,ONE_FACE,0.9379,"[58,38,138,203]"
Fake/2CA65XVZ7D.jpg,FAKE,1,ONE_FACE,0.9476,"[58,44,141,188]"
Fake/2CAEXI208X.jpg,FAKE,1,ONE_FACE,0.9421,"[49,41,142,191]"
Fake/2CD6C6CBVB.jpg,FAKE,1,ONE_FACE,0.9466,"[48,41,149,206]"
Fake/2CDJ0IVNOC.jpg,FAKE,1,ONE_FACE,0.9506,"[61,51,148,190]"
Fake/2CDKKG73N3.jpg,FAKE,1,ONE_FACE,0.9487,"[44,37,146,197]"
Fake/2CE9CL23K2.jpg,FAKE,1,ONE_FACE,0.9431,"[57,57,136,155]"
Fake/2CEHISSV1N.jpg,FAKE,1,ONE_FACE,0.9459,"[60,48,146,194]"
Fake/2CFM7X9TDE.jpg,FAKE,1,ONE_FACE,0.9379,"[51,60,137,175]"
Fake/2CGS16OQ1O.jpg,FAKE,1,ONE_FACE,0.9452,"[60,41,141,189]"
Fake/2CGSB3BGDO.jpg,FAKE,1,ONE_FACE,0.9523,"[55,49,139,187]"
Fake/2CH4T4DG2A.jpg,FAKE,1,ONE_FACE,0.9457,"[63,51,134,186]"
Fake/2CIVP8CGUS.jpg,FAKE,1,ONE_FACE,0.9542,"[59,49,132,181]"
Fake/2CJIM93QJV.jpg,FAKE,1,ONE_FACE,0.9405,"[58,43,141,177]"
Fake/2CJR364JNW.jpg,FAKE,1,ONE_FACE,0.9515,"[49,51,138,187]"
Fake/2CK6HFOHZJ.jpg,FAKE,1,ONE_FACE,0.9444,"[38,39,154,202]"
Fake/2CKGRM4ZAN.jpg,FAKE,1,ONE_FACE,0.9500,"[64,41,153,202]"
Fake/2CMFG4DYRH.jpg,FAKE,1,ONE_FACE,0.9408,"[59,48,137,189]"
Fake/2CNZ7AIOQ5.jpg,FAKE,1,ONE_FACE,0.9480,"[70,44,146,193]"
Fake/2CQE1956CG.jpg,FAKE,1,ONE_FACE,0.9485,"[52,40,145,191]"
Fake/2CRXR393QR.jpg,FAKE,1,ONE_FACE,0.9458,"[57,49,135,182]"
Fake/2CSUHQ6WLT.jpg,FAKE,1,ONE_FACE,0.9462,"[58,54,141,179]"
Fake/2CSXN6S5GA.jpg,FAKE,1,ONE_FACE,0.9491,"[59,40,140,194]"
Fake/2CTKPPB0F5.jpg,FAKE,1,ONE_FACE,0.9439,"[39,40,142,195]"
Fake/2CTZP89ZOA.jpg,FAKE,1,ONE_FACE,0.9334,"[45,46,142,182]"
Fake/2CUFQJYC3F.jpg,FAKE,1,ONE_FACE,0.9418,"[54,57,135,169]"
Fake/2CZBUD1ILX.jpg,FAKE,1,ONE_FACE,0.9245,"[57,40,140,193]"
Fake/2D13BZOP5M.jpg,FAKE,1,ONE_FACE,0.9520,"[60,54,136,175]"
Fake/2D3KAX2H0K.jpg,FAKE,1,ONE_FACE,0.9425,"[63,54,137,170]"
Fake/2D3TH1I9JX.jpg,FAKE,1,ONE_FACE,0.9310,"[33,42,139,194]"
Fake/2D3X6VVQ5O.jpg,FAKE,1,ONE_FACE,0.9397,"[48,46,141,184]"
Fake/2D4C7TRKVG.jpg,FAKE,1,ONE_FACE,0.9286,"[54,41,141,192]"
Fake/2D5JFQWA9J.jpg,FAKE,1,ONE_FACE,0.9428,"[59,41,133,173]"
Fake/2DB2BPT1QQ.jpg,FAKE,1,ONE_FACE,0.9447,"[55,42,140,171]"
Fake/2DB731CPNS.jpg,FAKE,1,ONE_FACE,0.9381,"[63,59,126,179]"
Fake/2DBB4JTENN.jpg,FAKE,1,ONE_FACE,0.9364,"[24,34,151,203]"
Fake/2DBIU6BDW4.jpg,FAKE,1,ONE_FACE,0.9406,"[48,53,136,176]"
Fake/2DBVKHGMIJ.jpg,FAKE,1,ONE_FACE,0.9439,"[64,50,153,198]"
Fake/2DC7Z4MJJI.jpg,FAKE,1,ONE_FACE,0.9440,"[49,46,144,187]"
Fake/2DD7IG3JMZ.jpg,FAKE,1,ONE_FACE,0.9261,"[68,62,149,189]"
Fake/2DDJDIR2HM.jpg,FAKE,1,ONE_FACE,0.9415,"[59,42,147,199]"
Fake/2DF6VMDKRD.jpg,FAKE,1,ONE_FACE,0.9373,"[51,54,140,164]"
Fake/2DFERB7J5Y.jpg,FAKE,1,ONE_FACE,0.9388,"[39,38,149,204]"
Fake/2DG8I6HS6R.jpg,FAKE,1,ONE_FACE,0.9445,"[56,42,143,189]"
Fake/2DGKGT0YO2.jpg,FAKE,1,ONE_FACE,0.9441,"[50,48,147,198]"
Fake/2DHR5662LE.jpg,FAKE,1,ONE_FACE,0.9471,"[51,33,145,202]"
Fake/2DIQQPK79S.jpg,FAKE,1,ONE_FACE,0.9443,"[55,43,144,198]"
Fake/2DJF83XQ4Z.jpg,FAKE,1,ONE_FACE,0.9506,"[55,48,136,192]"
Fake/2DL1LVWHNN.jpg,FAKE,1,ONE_FACE,0.9443,"[51,39,145,186]"
Fake/2DL2G7BUV4.jpg,FAKE,1,ONE_FACE,0.9421,"[40,43,153,193]"
Fake/2DLDN0EDSM.jpg,FAKE,1,ONE_FACE,0.9283,"[58,27,153,201]"
Fake/2DN94FSISL.jpg,FAKE,2,MULTIPLE_FACES,"[0.9436, 0.7104]","[[50, 45, 144, 193], [-1, 6, 59, 75]]"
Fake/2DNONDD28R.jpg,FAKE,1,ONE_FACE,0.9374,"[59,53,132,185]"
Fake/2DO0K10YWL.jpg,FAKE,1,ONE_FACE,0.9411,"[53,36,141,198]"
Fake/2DOCU85UMU.jpg,FAKE,1,ONE_FACE,0.9496,"[60,57,130,165]"
Fake/2DPD6SF6BU.jpg,FAKE,1,ONE_FACE,0.9434,"[57,34,139,198]"
Fake/2DPD98QE7D.jpg,FAKE,1,ONE_FACE,0.9471,"[71,34,165,213]"
Fake/2DPEHVAGP6.jpg,FAKE,1,ONE_FACE,0.9454,"[55,43,158,203]"
Fake/2DPPDVWD2P.jpg,FAKE,1,ONE_FACE,0.9431,"[61,45,136,192]"
Fake/2DPZWSWZJE.jpg,FAKE,1,ONE_FACE,0.9417,"[56,46,139,206]"
Fake/2DQPI6WLN4.jpg,FAKE,1,ONE_FACE,0.9394,"[58,48,137,178]"
Fake/2DRS6D5VY2.jpg,FAKE,1,ONE_FACE,0.9501,"[72,45,157,198]"
Fake/2DS1DI69IZ.jpg,FAKE,1,ONE_FACE,0.9417,"[60,43,146,190]"
Fake/2DSDBIFFZ1.jpg,FAKE,1,ONE_FACE,0.9431,"[56,48,138,189]"
Fake/2DSPQ9ZQ8C.jpg,FAKE,1,ONE_FACE,0.9497,"[56,47,146,184]"
Fake/2DSZ3H6ZYK.jpg,FAKE,1,ONE_FACE,0.9518,"[48,42,147,198]"
Fake/2DT5KEN3PF.jpg,FAKE,1,ONE_FACE,0.9431,"[67,45,155,204]"
Fake/2DTD13BXYY.jpg,FAKE,1,ONE_FACE,0.9483,"[70,51,126,183]"
Fake/2DVB8TB4K5.jpg,FAKE,1,ONE_FACE,0.9378,"[59,46,156,199]"
Fake/2DW1QOTB08.jpg,FAKE,1,ONE_FACE,0.9465,"[59,45,140,193]"
Fake/2DWU2XNOGH.jpg,FAKE,1,ONE_FACE,0.9472,"[56,49,149,195]"
Fake/2DWX1QRY75.jpg,FAKE,1,ONE_FACE,0.9467,"[37,45,141,194]"
Fake/2DXK8LW9RN.jpg,FAKE,1,ONE_FACE,0.9542,"[57,40,144,199]"
Fake/2DXL6A5O9C.jpg,FAKE,1,ONE_FACE,0.9388,"[62,38,167,215]"
Fake/2DXSDTUDKP.jpg,FAKE,1,ONE_FACE,0.9385,"[67,47,138,181]"
Fake/2DZ2FZ5DPA.jpg,FAKE,1,ONE_FACE,0.9428,"[55,40,138,192]"
Fake/2DZNZTSS8R.jpg,FAKE,1,ONE_FACE,0.9456,"[56,44,139,197]"
Fake/2E0UREPD23.jpg,FAKE,1,ONE_FACE,0.9442,"[56,61,141,172]"
Fake/2E1B63PFVT.jpg,FAKE,1,ONE_FACE,0.9451,"[34,49,152,197]"
Fake/2E3E9KESAY.jpg,FAKE,1,ONE_FACE,0.9459,"[57,39,142,199]"
Fake/2E3T6GJY5D.jpg,FAKE,1,ONE_FACE,0.9465,"[49,46,140,185]"
Fake/2E4C9P2UNU.jpg,FAKE,1,ONE_FACE,0.9349,"[70,36,152,218]"
Fake/2E4W6ON812.jpg,FAKE,1,ONE_FACE,0.9337,"[47,68,137,165]"
Fake/2E4ZT4J47I.jpg,FAKE,1,ONE_FACE,0.9508,"[61,45,140,195]"
Fake/2E5WV6NUYX.jpg,FAKE,1,ONE_FACE,0.9429,"[34,32,149,208]"
Fake/2E73CP4W6N.jpg,FAKE,1,ONE_FACE,0.9426,"[52,47,149,203]"
Fake/2E7V3HK5FW.jpg,FAKE,1,ONE_FACE,0.9486,"[53,37,139,196]"
Fake/2E7YNRWRUC.jpg,FAKE,1,ONE_FACE,0.9511,"[60,47,142,191]"
Fake/2EASFWYGQE.jpg,FAKE,1,ONE_FACE,0.9482,"[38,40,153,200]"
Fake/2EAV34QVWO.jpg,FAKE,1,ONE_FACE,0.9384,"[57,52,142,180]"
Fake/2EBF4XNTGG.jpg,FAKE,1,ONE_FACE,0.9385,"[48,45,132,194]"
Fake/2EBLTUKTWI.jpg,FAKE,1,ONE_FACE,0.9400,"[41,42,153,206]"
Fake/2EBXWXNO04.jpg,FAKE,1,ONE_FACE,0.9483,"[58,44,139,190]"
Fake/2EF6MIPI3N.jpg,FAKE,1,ONE_FACE,0.9419,"[58,57,130,171]"
Fake/2EGO8000M8.jpg,FAKE,1,ONE_FACE,0.9445,"[57,48,142,188]"
Fake/2EIJTVEF7R.jpg,FAKE,1,ONE_FACE,0.9468,"[53,42,147,194]"
Fake/2EN35CM7NB.jpg,FAKE,1,ONE_FACE,0.9465,"[59,40,140,191]"
Fake/2EO37ZAS5T.jpg,FAKE,2,MULTIPLE_FACES,"[0.9413, 0.6487]","[[51, 42, 133, 188], [220, 95, 33, 70]]"
Fake/2EOVT0ZE3E.jpg,FAKE,1,ONE_FACE,0.9402,"[52,44,140,180]"
Fake/2EOYODZTJ1.jpg,FAKE,1,ONE_FACE,0.9359,"[64,46,143,186]"
Fake/2EP07IGLNO.jpg,FAKE,1,ONE_FACE,0.9417,"[61,65,133,165]"
Fake/2EPGUMDRZ3.jpg,FAKE,1,ONE_FACE,0.9380,"[48,46,142,180]"
Fake/2EPK4E5OFW.jpg,FAKE,1,ONE_FACE,0.9383,"[67,42,155,216]"
Fake/2ESTIWO1P0.jpg,FAKE,1,ONE_FACE,0.9499,"[61,44,143,192]"
Fake/2ET4O0FIMA.jpg,FAKE,1,ONE_FACE,0.9378,"[60,44,146,209]"
Fake/2ET85FMVGC.jpg,FAKE,1,ONE_FACE,0.9396,"[70,47,149,204]"
Fake/2EV9DLPNJR.jpg,FAKE,1,ONE_FACE,0.9420,"[51,54,142,173]"
Fake/2EVOMY0UKF.jpg,FAKE,1,ONE_FACE,0.9302,"[55,38,146,192]"
Fake/2EXTT2CAKH.jpg,FAKE,1,ONE_FACE,0.9426,"[52,50,138,175]"
Fake/2EYHF1MY3X.jpg,FAKE,1,ONE_FACE,0.9517,"[56,43,140,190]"
Fake/2F0X6P64IN.jpg,FAKE,1,ONE_FACE,0.9526,"[59,54,128,183]"
Fake/2F1QMFQYO9.jpg,FAKE,1,ONE_FACE,0.9451,"[57,39,139,197]"
Fake/2F2IJ09BCY.jpg,FAKE,1,ONE_FACE,0.9452,"[61,45,143,196]"
Fake/2F2MI83VG5.jpg,FAKE,1,ONE_FACE,0.9518,"[56,37,150,197]"
Fake/2F35029J7R.jpg,FAKE,1,ONE_FACE,0.9315,"[33,56,141,180]"
Fake/2F4E0VUBIJ.jpg,FAKE,1,ONE_FACE,0.9459,"[61,46,140,187]"
Fake/2F4GI6DV3Y.jpg,FAKE,1,ONE_FACE,0.9459,"[35,41,149,201]"
Fake/2F53LUJG41.jpg,FAKE,1,ONE_FACE,0.9407,"[51,38,144,193]"
Fake/2F7RE6KZTM.jpg,FAKE,1,ONE_FACE,0.9443,"[58,44,136,178]"
Fake/2F8GMAM7ZS.jpg,FAKE,1,ONE_FACE,0.9468,"[60,38,141,193]"
Fake/2F8K9YEKV5.jpg,FAKE,1,ONE_FACE,0.9387,"[54,40,142,183]"
Fake/2F8Q7IF3JY.jpg,FAKE,1,ONE_FACE,0.9542,"[58,47,140,190]"
Fake/2F9RZQOUI5.jpg,FAKE,1,ONE_FACE,0.9428,"[46,40,149,195]"
Fake/2FAH0U1KJ5.jpg,FAKE,1,ONE_FACE,0.9398,"[74,35,166,224]"
Fake/2FAH6BP1YW.jpg,FAKE,1,ONE_FACE,0.9361,"[59,44,131,179]"
Fake/2FAIVXLT2K.jpg,FAKE,1,ONE_FACE,0.9456,"[55,46,143,193]"
Fake/2FAO08IX2F.jpg,FAKE,1,ONE_FACE,0.9345,"[58,45,141,192]"
Fake/2FBC3UQ67D.jpg,FAKE,1,ONE_FACE,0.9436,"[59,62,143,178]"
Fake/2FBZABMYRG.jpg,FAKE,1,ONE_FACE,0.9435,"[70,34,148,206]"
Fake/2FCVYK68KA.jpg,FAKE,1,ONE_FACE,0.9469,"[68,58,136,175]"
Fake/2FDGE7JX0W.jpg,FAKE,1,ONE_FACE,0.9500,"[58,46,136,192]"
Fake/2FE3VJ1GH2.jpg,FAKE,1,ONE_FACE,0.9379,"[59,36,145,203]"
Fake/2FE9PIGJQ3.jpg,FAKE,1,ONE_FACE,0.9505,"[53,41,146,191]"
Fake/2FG1S0TPZT.jpg,FAKE,1,ONE_FACE,0.9337,"[60,39,143,206]"
Fake/2FH76OJK5F.jpg,FAKE,1,ONE_FACE,0.9494,"[44,48,138,184]"
Fake/2FH8VMPSX5.jpg,FAKE,1,ONE_FACE,0.9351,"[45,38,149,196]"
Fake/2FJ1W83KJF.jpg,FAKE,1,ONE_FACE,0.9392,"[65,53,135,178]"
Fake/2FJ3AGJKZV.jpg,FAKE,1,ONE_FACE,0.9479,"[60,55,145,181]"
Fake/2FJNCS8TXW.jpg,FAKE,1,ONE_FACE,0.9499,"[64,52,130,178]"
Fake/2FKP71PQRR.jpg,FAKE,1,ONE_FACE,0.9490,"[47,44,146,193]"
Fake/2FL5KL2LHV.jpg,FAKE,1,ONE_FACE,0.9499,"[53,50,147,185]"
Fake/2FL7TBBU9F.jpg,FAKE,1,ONE_FACE,0.9478,"[60,52,140,187]"
Fake/2FLSSX4Y28.jpg,FAKE,1,ONE_FACE,0.9427,"[50,41,143,212]"
Fake/2FNNZ5RNSW.jpg,FAKE,1,ONE_FACE,0.9487,"[56,47,136,191]"
Fake/2FPOZ0J2LN.jpg,FAKE,1,ONE_FACE,0.9316,"[68,33,167,204]"
Fake/2FUT6V3WPL.jpg,FAKE,1,ONE_FACE,0.9462,"[56,40,149,203]"
Fake/2FV4HZ4U3S.jpg,FAKE,1,ONE_FACE,0.9512,"[56,37,146,204]"
Fake/2FV8PW6YV0.jpg,FAKE,1,ONE_FACE,0.9377,"[61,47,136,184]"
Fake/2FVN7PLMI1.jpg,FAKE,1,ONE_FACE,0.9506,"[53,49,142,182]"
Fake/2FX1LDX3U1.jpg,FAKE,1,ONE_FACE,0.9461,"[47,42,144,199]"
Fake/2FXD2F8EZQ.jpg,FAKE,1,ONE_FACE,0.9396,"[61,51,142,179]"
Fake/2FYDA2MS3D.jpg,FAKE,1,ONE_FACE,0.9383,"[77,31,164,214]"
Fake/2FZ4UXTXJC.jpg,FAKE,1,ONE_FACE,0.9513,"[57,37,142,196]"
Fake/2FZEK7I8VO.jpg,FAKE,1,ONE_FACE,0.9459,"[44,39,145,200]"
Fake/2FZGM67WQV.jpg,FAKE,1,ONE_FACE,0.9467,"[33,38,155,199]"
Fake/2FZT74BLG2.jpg,FAKE,1,ONE_FACE,0.9438,"[55,49,143,180]"
Fake/2G267FVCCP.jpg,FAKE,1,ONE_FACE,0.9448,"[81,39,132,200]"
Fake/2G2GRIK6HF.jpg,FAKE,1,ONE_FACE,0.9454,"[43,38,149,211]"
Fake/2G2T185V3Y.jpg,FAKE,1,ONE_FACE,0.9444,"[54,46,128,189]"
Fake/2G3DT6XO20.jpg,FAKE,1,ONE_FACE,0.9494,"[65,43,139,186]"
Fake/2G3WCNQG9D.jpg,FAKE,1,ONE_FACE,0.9427,"[63,43,134,195]"
Fake/2G55TO479R.jpg,FAKE,1,ONE_FACE,0.9419,"[63,53,141,181]"
Fake/2G5HUN26L3.jpg,FAKE,1,ONE_FACE,0.9496,"[62,41,153,194]"
Fake/2G7O2RQSIC.jpg,FAKE,1,ONE_FACE,0.9465,"[63,39,149,202]"
Fake/2G7SMOXTMQ.jpg,FAKE,1,ONE_FACE,0.9381,"[54,56,137,181]"
Fake/2G8L8O2XS5.jpg,FAKE,1,ONE_FACE,0.9434,"[47,39,143,198]"
Fake/2GA0FG0WV7.jpg,FAKE,1,ONE_FACE,0.9523,"[47,48,145,195]"
Fake/2GA4JW71MG.jpg,FAKE,1,ONE_FACE,0.9445,"[42,35,151,210]"
Fake/2GAFF6D97B.jpg,FAKE,1,ONE_FACE,0.9422,"[53,43,139,190]"
Fake/2GBKV74O2K.jpg,FAKE,1,ONE_FACE,0.9499,"[48,38,148,208]"
Fake/2GBT7ZWDTU.jpg,FAKE,1,ONE_FACE,0.9398,"[61,42,152,192]"
Fake/2GCFUV144R.jpg,FAKE,1,ONE_FACE,0.9416,"[65,51,151,195]"
Fake/2GDBKQRR4O.jpg,FAKE,1,ONE_FACE,0.9476,"[51,40,143,194]"
Fake/2GDWA5WDMM.jpg,FAKE,1,ONE_FACE,0.9395,"[71,51,139,177]"
Fake/2GE84A7HHQ.jpg,FAKE,1,ONE_FACE,0.9517,"[41,37,151,205]"
Fake/2GF7E6TCOA.jpg,FAKE,1,ONE_FACE,0.9484,"[58,52,139,177]"
Fake/2GI5OY98BU.jpg,FAKE,1,ONE_FACE,0.9410,"[44,49,144,189]"
Fake/2GJ0BV3CAY.jpg,FAKE,1,ONE_FACE,0.9466,"[60,55,149,192]"
Fake/2GJ2J81O94.jpg,FAKE,1,ONE_FACE,0.9515,"[74,48,144,192]"
Fake/2GK9DHVZUS.jpg,FAKE,1,ONE_FACE,0.9483,"[55,40,150,195]"
Fake/2GKVBIC1K1.jpg,FAKE,1,ONE_FACE,0.9418,"[51,59,136,175]"
Fake/2GLSS30C4X.jpg,FAKE,1,ONE_FACE,0.9386,"[66,44,138,187]"
Fake/2GMNDUA2N6.jpg,FAKE,1,ONE_FACE,0.9394,"[46,47,139,186]"
Fake/2GMP1VA9CJ.jpg,FAKE,1,ONE_FACE,0.9357,"[68,57,135,178]"
Fake/2GO3KUY0VZ.jpg,FAKE,1,ONE_FACE,0.9306,"[73,39,143,191]"
Fake/2GQLVBSE57.jpg,FAKE,1,ONE_FACE,0.9305,"[43,46,146,205]"
Fake/2GROF4EAS4.jpg,FAKE,1,ONE_FACE,0.9340,"[65,47,139,176]"
Fake/2GS8BI6JB3.jpg,FAKE,1,ONE_FACE,0.9470,"[41,48,139,185]"
Fake/2GTK2VD605.jpg,FAKE,1,ONE_FACE,0.9504,"[29,36,158,221]"
Fake/2GU3PWMNHZ.jpg,FAKE,1,ONE_FACE,0.9485,"[67,48,134,180]"
Fake/2GUR8UMNE5.jpg,FAKE,1,ONE_FACE,0.9443,"[41,42,150,194]"
Fake/2GUZAG2K88.jpg,FAKE,1,ONE_FACE,0.9509,"[39,39,146,200]"
Fake/2GVKFJGGQL.jpg,FAKE,1,ONE_FACE,0.9444,"[58,49,135,183]"
Fake/2GVYAO3GK0.jpg,FAKE,1,ONE_FACE,0.9418,"[81,35,155,206]"
Fake/2GX47QRCZT.jpg,FAKE,1,ONE_FACE,0.9353,"[51,48,144,195]"
Fake/2GXO22G5ZZ.jpg,FAKE,1,ONE_FACE,0.9424,"[59,51,146,184]"
Fake/2GYWSFT24X.jpg,FAKE,1,ONE_FACE,0.9433,"[38,55,155,196]"
Fake/2GZK9EFXFN.jpg,FAKE,1,ONE_FACE,0.9437,"[58,48,140,186]"
Fake/2H0E5GCZ9S.jpg,FAKE,1,ONE_FACE,0.9382,"[57,62,145,187]"
Fake/2H0G390QJ2.jpg,FAKE,1,ONE_FACE,0.9458,"[58,60,137,168]"
Fake/2H0UREAW77.jpg,FAKE,1,ONE_FACE,0.9411,"[45,45,147,197]"
Fake/2H1NJYD1YN.jpg,FAKE,1,ONE_FACE,0.9409,"[47,34,137,193]"
Fake/2H2S9ASXRB.jpg,FAKE,1,ONE_FACE,0.9368,"[56,44,133,187]"
Fake/2H3AE1MI9S.jpg,FAKE,1,ONE_FACE,0.9394,"[48,39,145,194]"
Fake/2H44O9JK0N.jpg,FAKE,1,ONE_FACE,0.9352,"[69,38,152,203]"
Fake/2H45Q2BNXI.jpg,FAKE,1,ONE_FACE,0.9379,"[60,43,148,192]"
Fake/2H54PD0NNJ.jpg,FAKE,1,ONE_FACE,0.9448,"[62,39,151,205]"
Fake/2H692LO9QE.jpg,FAKE,1,ONE_FACE,0.9486,"[58,52,144,189]"
Fake/2H6GJ2QKTC.jpg,FAKE,1,ONE_FACE,0.9343,"[66,38,143,191]"
Fake/2H6JC70HIY.jpg,FAKE,1,ONE_FACE,0.9525,"[57,48,138,180]"
Fake/2H7355MIP9.jpg,FAKE,1,ONE_FACE,0.9402,"[56,49,145,199]"
Fake/2H8ZDOFQK7.jpg,FAKE,1,ONE_FACE,0.9435,"[46,40,150,193]"
Fake/2H9IAWPMGC.jpg,FAKE,1,ONE_FACE,0.9421,"[46,53,140,179]"
Fake/2HAXQDU7YE.jpg,FAKE,1,ONE_FACE,0.9440,"[75,51,157,201]"
Fake/2HAYBXM5FZ.jpg,FAKE,1,ONE_FACE,0.9416,"[76,38,156,211]"
Fake/2HB09WJ1LE.jpg,FAKE,1,ONE_FACE,0.9342,"[26,31,149,216]"
Fake/2HBSCT2XFT.jpg,FAKE,1,ONE_FACE,0.9487,"[60,46,141,188]"
Fake/2HCJYA7Z21.jpg,FAKE,1,ONE_FACE,0.9501,"[53,41,150,209]"
Fake/2HESZZWDD8.jpg,FAKE,1,ONE_FACE,0.9328,"[65,42,136,183]"
Fake/2HGCG2W0ON.jpg,FAKE,1,ONE_FACE,0.9489,"[63,45,140,188]"
Fake/2HGZCQ9HPB.jpg,FAKE,1,ONE_FACE,0.9398,"[47,41,138,193]"
Fake/2HHM1CQMP6.jpg,FAKE,1,ONE_FACE,0.9446,"[40,43,138,195]"
Fake/2HHMYA7ZPD.jpg,FAKE,1,ONE_FACE,0.9417,"[65,48,149,195]"
Fake/2HI2B84DZW.jpg,FAKE,1,ONE_FACE,0.9446,"[59,41,142,192]"
Fake/2HI9ZHGQS9.jpg,FAKE,1,ONE_FACE,0.9396,"[41,36,143,203]"
Fake/2HIA7ASEC6.jpg,FAKE,1,ONE_FACE,0.9495,"[58,43,147,204]"
Fake/2HJVFDEIBF.jpg,FAKE,1,ONE_FACE,0.9434,"[59,46,150,195]"
Fake/2HK39J5V26.jpg,FAKE,1,ONE_FACE,0.9483,"[42,40,147,196]"
Fake/2HKGOOIJAB.jpg,FAKE,1,ONE_FACE,0.9439,"[61,63,133,163]"
Fake/2HLCGA199W.jpg,FAKE,1,ONE_FACE,0.9366,"[56,65,137,163]"
Fake/2HO62YEMEQ.jpg,FAKE,1,ONE_FACE,0.9433,"[52,52,142,193]"
Fake/2HOBA1BY5O.jpg,FAKE,1,ONE_FACE,0.9423,"[36,36,150,192]"
Fake/2HODLJ9L3K.jpg,FAKE,1,ONE_FACE,0.9424,"[61,54,144,185]"
Fake/2HQG8T7YC8.jpg,FAKE,1,ONE_FACE,0.9446,"[33,31,151,214]"
Fake/2HR08VBDHJ.jpg,FAKE,1,ONE_FACE,0.9420,"[35,52,142,194]"
Fake/2HR33U14XT.jpg,FAKE,1,ONE_FACE,0.9406,"[73,42,157,208]"
Fake/2HR9W2FW75.jpg,FAKE,1,ONE_FACE,0.9289,"[60,50,136,180]"
Fake/2HRDQI629H.jpg,FAKE,1,ONE_FACE,0.9473,"[60,37,141,197]"
Fake/2HRVJ9VV6O.jpg,FAKE,1,ONE_FACE,0.9397,"[63,47,141,190]"
Fake/2HS80OQ6X9.jpg,FAKE,1,ONE_FACE,0.9475,"[63,49,136,194]"
Fake/2HT5SWXO00.jpg,FAKE,1,ONE_FACE,0.9484,"[56,46,139,179]"
Fake/2HTD14P0K8.jpg,FAKE,1,ONE_FACE,0.9439,"[27,35,155,218]"
Fake/2HTNM45XRQ.jpg,FAKE,1,ONE_FACE,0.9446,"[52,40,144,197]"
Fake/2HV0AAD9DM.jpg,FAKE,1,ONE_FACE,0.9473,"[48,39,149,206]"
Fake/2HWBMG6NPX.jpg,FAKE,1,ONE_FACE,0.9478,"[39,39,158,203]"
Fake/2HXHHQA7ML.jpg,FAKE,1,ONE_FACE,0.9421,"[37,36,154,198]"
Fake/2HZHPCSS0N.jpg,FAKE,1,ONE_FACE,0.9406,"[75,43,151,206]"
Fake/2I02I93MKQ.jpg,FAKE,1,ONE_FACE,0.9457,"[63,48,125,170]"
Fake/2I13X91IGL.jpg,FAKE,1,ONE_FACE,0.9402,"[51,45,145,192]"
Fake/2I1CFSK63H.jpg,FAKE,1,ONE_FACE,0.9349,"[53,34,147,196]"
Fake/2I1F1L6DPV.jpg,FAKE,1,ONE_FACE,0.9381,"[40,41,149,193]"
Fake/2I24ONCU03.jpg,FAKE,1,ONE_FACE,0.9532,"[54,51,143,183]"
Fake/2I2OMGDIZ6.jpg,FAKE,1,ONE_FACE,0.9499,"[53,41,146,200]"
Fake/2I3K49DA9L.jpg,FAKE,1,ONE_FACE,0.9449,"[59,51,136,182]"
Fake/2I44AE50IR.jpg,FAKE,1,ONE_FACE,0.9464,"[53,43,140,177]"
Fake/2I4B019QWH.jpg,FAKE,1,ONE_FACE,0.9383,"[58,43,153,193]"
Fake/2I4S6U6E3P.jpg,FAKE,1,ONE_FACE,0.9498,"[71,45,153,202]"
Fake/2I4ZNN6J1T.jpg,FAKE,1,ONE_FACE,0.9387,"[57,52,137,185]"
Fake/2I73ET8ELS.jpg,FAKE,1,ONE_FACE,0.9510,"[62,45,147,196]"
Fake/2I8I0YW2CM.jpg,FAKE,1,ONE_FACE,0.9502,"[54,46,142,186]"
Fake/2IAMFKEPL1.jpg,FAKE,1,ONE_FACE,0.9465,"[58,50,140,183]"
Fake/2ICP8O4BCR.jpg,FAKE,1,ONE_FACE,0.9462,"[47,43,140,194]"
Fake/2ID26FW3FX.jpg,FAKE,1,ONE_FACE,0.9427,"[47,44,140,192]"
Fake/2ID39LULAU.jpg,FAKE,1,ONE_FACE,0.9492,"[57,39,136,190]"
Fake/2IDVN7PN0V.jpg,FAKE,1,ONE_FACE,0.9466,"[51,41,146,193]"
Fake/2IDZCHZ7R1.jpg,FAKE,1,ONE_FACE,0.9506,"[48,45,157,200]"
Fake/2IEEOY8Y2L.jpg,FAKE,1,ONE_FACE,0.9454,"[54,39,148,193]"
Fake/2IEJ2LDOJQ.jpg,FAKE,1,ONE_FACE,0.9456,"[56,40,139,190]"
Fake/2IEPYCJ7AG.jpg,FAKE,1,ONE_FACE,0.9431,"[44,39,147,196]"
Fake/2IGHQWQ5IX.jpg,FAKE,1,ONE_FACE,0.9436,"[65,36,150,215]"
Fake/2IGORTIK96.jpg,FAKE,1,ONE_FACE,0.9475,"[52,42,142,188]"
Fake/2IH4WIXCB6.jpg,FAKE,1,ONE_FACE,0.9432,"[41,46,152,192]"
Fake/2IHNGI05MK.jpg,FAKE,1,ONE_FACE,0.9389,"[55,60,141,170]"
Fake/2IJE5SZZMT.jpg,FAKE,1,ONE_FACE,0.9467,"[60,36,137,195]"
Fake/2IP2AT71Y3.jpg,FAKE,1,ONE_FACE,0.9459,"[56,46,141,188]"
Fake/2IPB57OX79.jpg,FAKE,1,ONE_FACE,0.9410,"[42,54,150,181]"
Fake/2IQ8XKRKLR.jpg,FAKE,1,ONE_FACE,0.9450,"[34,46,146,205]"
Fake/2IQV88G6BK.jpg,FAKE,1,ONE_FACE,0.9464,"[61,57,138,179]"
Fake/2IR5W6A5UJ.jpg,FAKE,2,MULTIPLE_FACES,"[0.9447, 0.6277]","[[67, 38, 142, 200], [-2, 45, 53, 116]]"
Fake/2IRC7ILB6C.jpg,FAKE,1,ONE_FACE,0.9319,"[37,32,136,216]"
Fake/2IT9VFKRVG.jpg,FAKE,1,ONE_FACE,0.9430,"[44,38,151,200]"
Fake/2ITCY9CAWG.jpg,FAKE,1,ONE_FACE,0.9483,"[54,34,153,207]"
Fake/2IU77N99V0.jpg,FAKE,1,ONE_FACE,0.9475,"[50,44,143,181]"
Fake/2IUECJC2QR.jpg,FAKE,1,ONE_FACE,0.9330,"[58,49,132,176]"
Fake/2IYWMKN6EP.jpg,FAKE,1,ONE_FACE,0.9381,"[66,42,152,193]"
Fake/2J2XGN7DVY.jpg,FAKE,1,ONE_FACE,0.9435,"[62,47,141,177]"
Fake/2J4YAOVOCT.jpg,FAKE,1,ONE_FACE,0.9530,"[61,54,140,180]"
Fake/2J5ND23MOR.jpg,FAKE,1,ONE_FACE,0.9448,"[43,40,150,192]"
Fake/2J5NRY67TM.jpg,FAKE,1,ONE_FACE,0.9524,"[52,43,142,192]"
Fake/2J692VHWX3.jpg,FAKE,1,ONE_FACE,0.9463,"[66,49,141,174]"
Fake/2J6FDSIPZR.jpg,FAKE,1,ONE_FACE,0.9414,"[58,40,143,193]"
Fake/2J6OJR0GJB.jpg,FAKE,1,ONE_FACE,0.9521,"[46,35,146,201]"
Fake/2J7DS6B1DW.jpg,FAKE,1,ONE_FACE,0.9379,"[33,47,153,189]"
Fake/2J836EKKSX.jpg,FAKE,1,ONE_FACE,0.9460,"[58,37,152,204]"
Fake/2JB52YDX74.jpg,FAKE,1,ONE_FACE,0.9453,"[54,39,140,199]"
Fake/2JBS715J5A.jpg,FAKE,1,ONE_FACE,0.9267,"[71,47,135,178]"
Fake/2JC10G69HK.jpg,FAKE,1,ONE_FACE,0.9399,"[58,45,136,182]"
Fake/2JECXS3T39.jpg,FAKE,1,ONE_FACE,0.9516,"[60,55,133,176]"
Fake/2JF7LYIPNF.jpg,FAKE,1,ONE_FACE,0.9372,"[58,56,142,187]"
Fake/2JFET1PWIC.jpg,FAKE,1,ONE_FACE,0.9475,"[58,44,138,192]"
Fake/2JG1NGQ1RF.jpg,FAKE,1,ONE_FACE,0.9399,"[45,36,150,211]"
Fake/2JGMDXGPFY.jpg,FAKE,1,ONE_FACE,0.9493,"[57,51,137,180]"
Fake/2JIIW74M8K.jpg,FAKE,1,ONE_FACE,0.9488,"[61,40,142,186]"
Fake/2JIQTKTTHY.jpg,FAKE,1,ONE_FACE,0.9443,"[68,49,153,201]"
Fake/2JJNF50PNW.jpg,FAKE,1,ONE_FACE,0.9398,"[39,40,151,194]"
Fake/2JL3UW8B66.jpg,FAKE,1,ONE_FACE,0.9490,"[57,48,142,192]"
Fake/2JMT7AJ950.jpg,FAKE,1,ONE_FACE,0.9479,"[56,42,141,200]"
Fake/2JNC3TLR5C.jpg,FAKE,1,ONE_FACE,0.9303,"[47,50,147,183]"
Fake/2JP49SZALS.jpg,FAKE,1,ONE_FACE,0.9520,"[53,39,144,193]"
Fake/2JPQCJU52P.jpg,FAKE,1,ONE_FACE,0.9471,"[61,51,140,173]"
Fake/2JQ2A0LSUX.jpg,FAKE,1,ONE_FACE,0.9367,"[62,44,136,186]"
Fake/2JQJFB1288.jpg,FAKE,1,ONE_FACE,0.9391,"[57,36,138,193]"
Fake/2JQKH0AUT0.jpg,FAKE,1,ONE_FACE,0.9492,"[54,42,143,203]"
Fake/2JR0Q9R3IA.jpg,FAKE,1,ONE_FACE,0.9388,"[45,51,141,190]"
Fake/2JSASFYCUB.jpg,FAKE,1,ONE_FACE,0.9370,"[54,52,140,182]"
Fake/2JTBXYUTLR.jpg,FAKE,1,ONE_FACE,0.9498,"[52,46,147,200]"
Fake/2JUCFOFNFI.jpg,FAKE,1,ONE_FACE,0.9441,"[46,41,143,187]"
Fake/2JX2D7G33U.jpg,FAKE,1,ONE_FACE,0.9437,"[58,50,149,193]"
Fake/2JXA4LALBJ.jpg,FAKE,1,ONE_FACE,0.9442,"[60,53,138,181]"
Fake/2JXI21VPJE.jpg,FAKE,1,ONE_FACE,0.9472,"[50,44,148,202]"
Fake/2JZWMRP0M5.jpg,FAKE,1,ONE_FACE,0.9413,"[61,48,131,184]"
Fake/2K1SQE1ZKR.jpg,FAKE,1,ONE_FACE,0.9331,"[27,34,147,212]"
Fake/2K21WFTN90.jpg,FAKE,1,ONE_FACE,0.9469,"[44,38,143,191]"
Fake/2K2M5W1PMN.jpg,FAKE,1,ONE_FACE,0.9389,"[58,42,150,204]"
Fake/2K474L54A4.jpg,FAKE,1,ONE_FACE,0.9492,"[56,54,136,184]"
Fake/2K4IB54L0W.jpg,FAKE,1,ONE_FACE,0.9476,"[55,41,139,190]"
Fake/2K98XNMTVK.jpg,FAKE,1,ONE_FACE,0.9406,"[53,47,140,184]"
Fake/2K9I8QDH0A.jpg,FAKE,1,ONE_FACE,0.9455,"[59,48,146,183]"
Fake/2KB8KOJO9F.jpg,FAKE,1,ONE_FACE,0.9449,"[64,43,150,204]"
Fake/2KCBAHAEEF.jpg,FAKE,1,ONE_FACE,0.9502,"[38,35,153,213]"
Fake/2KD2BL8EQ0.jpg,FAKE,1,ONE_FACE,0.9358,"[63,38,161,210]"
Fake/2KE418BBTN.jpg,FAKE,1,ONE_FACE,0.9493,"[50,40,147,197]"
Fake/2KF3ARXJ1T.jpg,FAKE,1,ONE_FACE,0.9489,"[57,38,153,199]"
Fake/2KGDOCDQ44.jpg,FAKE,1,ONE_FACE,0.9385,"[44,43,146,196]"
Fake/2KJJ9RANR2.jpg,FAKE,1,ONE_FACE,0.9512,"[46,51,143,189]"
Fake/2KLZSBP5CC.jpg,FAKE,1,ONE_FACE,0.9403,"[63,57,134,167]"
Fake/2KN0ZS1R7V.jpg,FAKE,1,ONE_FACE,0.9415,"[67,40,151,195]"
Fake/2KNHII58T7.jpg,FAKE,1,ONE_FACE,0.9493,"[54,57,133,169]"
Fake/2KNT0TBCD7.jpg,FAKE,1,ONE_FACE,0.9420,"[60,52,154,195]"
Fake/2KO24X40Z7.jpg,FAKE,1,ONE_FACE,0.9483,"[44,39,146,197]"
Fake/2KOGE20GME.jpg,FAKE,1,ONE_FACE,0.9372,"[59,57,136,174]"
Fake/2KONTAU4VY.jpg,FAKE,1,ONE_FACE,0.9403,"[56,42,135,191]"
Fake/2KP8QLN2GG.jpg,FAKE,1,ONE_FACE,0.9353,"[32,38,146,208]"
Fake/2KRHPYKNUT.jpg,FAKE,1,ONE_FACE,0.9400,"[63,39,158,212]"
Fake/2KRLYGY113.jpg,FAKE,1,ONE_FACE,0.9492,"[60,43,152,209]"
Fake/2KRW3CXJGG.jpg,FAKE,1,ONE_FACE,0.9475,"[63,43,144,194]"
Fake/2KSU9SROVC.jpg,FAKE,1,ONE_FACE,0.9441,"[52,38,144,194]"
Fake/2KTBX8E409.jpg,FAKE,1,ONE_FACE,0.9378,"[52,52,149,198]"
Fake/2KWCKZ0UAX.jpg,FAKE,1,ONE_FACE,0.9448,"[71,46,146,193]"
Fake/2KWEAUFWZL.jpg,FAKE,1,ONE_FACE,0.9559,"[59,55,136,187]"
Fake/2KX9B2NE0A.jpg,FAKE,1,ONE_FACE,0.9455,"[60,41,142,176]"
Fake/2KXQYVNPY4.jpg,FAKE,1,ONE_FACE,0.9418,"[59,40,153,197]"
Fake/2KZGI9TGK1.jpg,FAKE,1,ONE_FACE,0.9407,"[56,38,137,192]"
Fake/2L070XD9EB.jpg,FAKE,1,ONE_FACE,0.9444,"[49,39,145,193]"
Fake/2L1R7Z6S87.jpg,FAKE,1,ONE_FACE,0.9397,"[43,38,147,206]"
Fake/2L2B0Z051O.jpg,FAKE,1,ONE_FACE,0.9369,"[60,37,133,191]"
Fake/2L2P2BYU36.jpg,FAKE,1,ONE_FACE,0.9407,"[45,35,143,208]"
Fake/2L3N412LNM.jpg,FAKE,1,ONE_FACE,0.9472,"[37,46,149,194]"
Fake/2L593JFJMA.jpg,FAKE,1,ONE_FACE,0.9374,"[64,41,146,202]"
Fake/2L7NYW1NKI.jpg,FAKE,1,ONE_FACE,0.9517,"[60,48,135,194]"
Fake/2LB9NL1GGP.jpg,FAKE,1,ONE_FACE,0.9417,"[60,57,136,167]"
Fake/2LE303AD9A.jpg,FAKE,1,ONE_FACE,0.9446,"[63,43,142,189]"
Fake/2LEPXE45XH.jpg,FAKE,1,ONE_FACE,0.9474,"[42,35,150,203]"
Fake/2LESXJMLT3.jpg,FAKE,1,ONE_FACE,0.9417,"[56,47,140,187]"
Fake/2LG1K8HR7B.jpg,FAKE,1,ONE_FACE,0.9409,"[57,54,138,179]"
Fake/2LHTGQXMV0.jpg,FAKE,1,ONE_FACE,0.9471,"[61,39,146,215]"
Fake/2LOHL7EMGT.jpg,FAKE,1,ONE_FACE,0.9422,"[35,32,157,225]"
Fake/2LOJVLY4WB.jpg,FAKE,1,ONE_FACE,0.9393,"[59,42,144,189]"
Fake/2LPKKF5BJM.jpg,FAKE,1,ONE_FACE,0.9417,"[59,46,139,192]"
Fake/2LPZXH7OHY.jpg,FAKE,1,ONE_FACE,0.9483,"[49,35,146,198]"
Fake/2LQYZAX8FF.jpg,FAKE,1,ONE_FACE,0.9525,"[52,38,149,201]"
Fake/2LRVYKIG9Q.jpg,FAKE,1,ONE_FACE,0.9502,"[63,39,145,199]"
Fake/2LRY79A3HE.jpg,FAKE,1,ONE_FACE,0.9357,"[57,35,152,205]"
Fake/2LS3349XFW.jpg,FAKE,1,ONE_FACE,0.9463,"[46,36,151,203]"
Fake/2LSTWFKJX2.jpg,FAKE,1,ONE_FACE,0.9472,"[66,47,169,200]"
Fake/2LUDCIWJTD.jpg,FAKE,1,ONE_FACE,0.9378,"[93,48,129,195]"
Fake/2LUEM8SMAA.jpg,FAKE,1,ONE_FACE,0.9483,"[71,43,159,204]"
Fake/2LUKCKGAEV.jpg,FAKE,1,ONE_FACE,0.9405,"[55,49,140,190]"
Fake/2LVD5DR2C3.jpg,FAKE,1,ONE_FACE,0.9494,"[63,49,140,189]"
Fake/2LWHUUAP9T.jpg,FAKE,1,ONE_FACE,0.9446,"[77,44,152,198]"
Fake/2LWRAZET0T.jpg,FAKE,1,ONE_FACE,0.9456,"[61,43,144,195]"
Fake/2LWWVMN57I.jpg,FAKE,1,ONE_FACE,0.9436,"[43,38,146,199]"
Fake/2LYFU17MQZ.jpg,FAKE,1,ONE_FACE,0.9389,"[64,42,137,191]"
Fake/2LYJ0CAM0Y.jpg,FAKE,1,ONE_FACE,0.9426,"[68,55,137,185]"
Fake/2LYVKNISVJ.jpg,FAKE,1,ONE_FACE,0.9415,"[59,50,135,175]"
Fake/2LZ7VAPBYN.jpg,FAKE,1,ONE_FACE,0.9332,"[66,55,146,181]"
Fake/2M0J4722K3.jpg,FAKE,1,ONE_FACE,0.9470,"[60,56,154,187]"
Fake/2M18FFZRIX.jpg,FAKE,1,ONE_FACE,0.9461,"[58,46,140,188]"
Fake/2M2BEY375F.jpg,FAKE,1,ONE_FACE,0.9348,"[54,36,151,208]"
Fake/2M2EU0ZPS2.jpg,FAKE,1,ONE_FACE,0.9475,"[70,57,133,170]"
Fake/2M3ORNBFYV.jpg,FAKE,1,ONE_FACE,0.9499,"[60,40,146,198]"
Fake/2M3U5QPVOV.jpg,FAKE,1,ONE_FACE,0.9515,"[69,60,126,172]"
Fake/2M3VGIC85F.jpg,FAKE,1,ONE_FACE,0.9441,"[49,40,145,195]"
Fake/2M53U9XSPX.jpg,FAKE,1,ONE_FACE,0.9510,"[62,53,135,177]"
Fake/2M6AR6E5XK.jpg,FAKE,1,ONE_FACE,0.9291,"[69,46,142,202]"
Fake/2M6ENXXDH4.jpg,FAKE,1,ONE_FACE,0.9456,"[53,36,150,198]"
Fake/2M6SNIS809.jpg,FAKE,1,ONE_FACE,0.9442,"[42,37,150,203]"
Fake/2M7IO77NXE.jpg,FAKE,1,ONE_FACE,0.9271,"[60,42,133,181]"
Fake/2M85IISVWT.jpg,FAKE,1,ONE_FACE,0.9465,"[63,39,163,212]"
Fake/2M8KM2C0VZ.jpg,FAKE,1,ONE_FACE,0.9421,"[55,48,139,200]"
Fake/2M8TWFK6DY.jpg,FAKE,1,ONE_FACE,0.9374,"[46,45,142,190]"
Fake/2M90E5WLEA.jpg,FAKE,1,ONE_FACE,0.9394,"[61,60,135,168]"
Fake/2M913VBD8K.jpg,FAKE,1,ONE_FACE,0.9387,"[41,46,150,190]"
Fake/2M97UX7FZD.jpg,FAKE,1,ONE_FACE,0.9424,"[50,43,145,191]"
Fake/2M9KVGENDG.jpg,FAKE,1,ONE_FACE,0.9439,"[69,31,155,222]"
Fake/2MA26HR0G8.jpg,FAKE,1,ONE_FACE,0.9491,"[52,38,155,201]"
Fake/2MAH8P98IB.jpg,FAKE,1,ONE_FACE,0.9338,"[71,52,146,187]"
Fake/2ME32MSID8.jpg,FAKE,1,ONE_FACE,0.9468,"[58,57,139,174]"
Fake/2ME5EBJ81K.jpg,FAKE,1,ONE_FACE,0.9436,"[59,43,143,191]"
Fake/2MENKQWTRI.jpg,FAKE,1,ONE_FACE,0.9471,"[33,51,151,198]"
Fake/2MFNLQFYH8.jpg,FAKE,1,ONE_FACE,0.9382,"[56,48,136,178]"
Fake/2MFOXYDBRT.jpg,FAKE,1,ONE_FACE,0.9482,"[64,50,142,189]"
Fake/2MFQ9EGN4N.jpg,FAKE,1,ONE_FACE,0.9442,"[57,47,142,183]"
Fake/2MGX1QNGID.jpg,FAKE,1,ONE_FACE,0.9413,"[75,44,151,189]"
Fake/2MHX5OSPJZ.jpg,FAKE,1,ONE_FACE,0.9464,"[44,49,143,190]"
Fake/2MI1MQCWDC.jpg,FAKE,1,ONE_FACE,0.9435,"[66,60,130,171]"
Fake/2MI3ARST3T.jpg,FAKE,1,ONE_FACE,0.9377,"[47,50,138,182]"
Fake/2MINZWCHTA.jpg,FAKE,1,ONE_FACE,0.9431,"[43,55,136,182]"
Fake/2MIVUQ1R1G.jpg,FAKE,1,ONE_FACE,0.9499,"[53,43,147,197]"
Fake/2MJ718DTJT.jpg,FAKE,1,ONE_FACE,0.9495,"[46,39,148,200]"
Fake/2MK23YERUF.jpg,FAKE,1,ONE_FACE,0.9447,"[61,44,164,202]"
Fake/2MKF5NUT65.jpg,FAKE,1,ONE_FACE,0.9446,"[56,52,141,180]"
Fake/2ML2MA7OCH.jpg,FAKE,1,ONE_FACE,0.9443,"[47,49,143,169]"
Fake/2MLQZKQA06.jpg,FAKE,1,ONE_FACE,0.9460,"[41,41,146,200]"
Fake/2MLZA2MY6M.jpg,FAKE,1,ONE_FACE,0.9344,"[68,35,139,186]"
Fake/2MN3MWC2RX.jpg,FAKE,1,ONE_FACE,0.9471,"[39,39,157,200]"
Fake/2MQHZVJQA9.jpg,FAKE,1,ONE_FACE,0.9478,"[55,38,149,201]"
Fake/2MRMPF8MCP.jpg,FAKE,1,ONE_FACE,0.9526,"[59,52,144,194]"
Fake/2MRSSPBUIH.jpg,FAKE,1,ONE_FACE,0.9439,"[64,54,147,181]"
Fake/2MRU6PV9NY.jpg,FAKE,1,ONE_FACE,0.9475,"[60,42,143,191]"
Fake/2MRZ5SFHJV.jpg,FAKE,1,ONE_FACE,0.9448,"[49,38,141,188]"
Fake/2MTIQC5AGA.jpg,FAKE,1,ONE_FACE,0.9508,"[56,42,140,191]"
Fake/2MTLDD1X4Q.jpg,FAKE,1,ONE_FACE,0.9457,"[66,49,149,194]"
Fake/2MTNA7KC7E.jpg,FAKE,1,ONE_FACE,0.9460,"[60,48,139,184]"
Fake/2MV2AS76N1.jpg,FAKE,1,ONE_FACE,0.9398,"[72,51,144,182]"
Fake/2MV5WKZUUH.jpg,FAKE,1,ONE_FACE,0.9432,"[34,38,155,205]"
Fake/2MVO4XLEB9.jpg,FAKE,1,ONE_FACE,0.9340,"[60,44,148,204]"
Fake/2MXV9LLS1H.jpg,FAKE,1,ONE_FACE,0.9424,"[54,43,148,199]"
Fake/2MYLBLJTML.jpg,FAKE,1,ONE_FACE,0.9310,"[65,38,138,197]"
Fake/2MZNJL7S2Q.jpg,FAKE,1,ONE_FACE,0.9434,"[62,40,148,206]"
Fake/2MZOUNJ2YJ.jpg,FAKE,1,ONE_FACE,0.9335,"[58,49,143,189]"
Fake/2N1MLF1PF9.jpg,FAKE,1,ONE_FACE,0.9477,"[58,44,137,184]"
Fake/2N22OWWH0A.jpg,FAKE,1,ONE_FACE,0.9311,"[68,37,152,202]"
Fake/2N2Z0IN2X8.jpg,FAKE,1,ONE_FACE,0.9495,"[51,45,142,185]"
Fake/2N38I6CY4S.jpg,FAKE,1,ONE_FACE,0.9307,"[43,37,153,188]"
Fake/2N3NJMLGGM.jpg,FAKE,1,ONE_FACE,0.9334,"[43,45,146,184]"
Fake/2N4A4DI4LF.jpg,FAKE,1,ONE_FACE,0.9393,"[55,51,148,184]"
Fake/2N5AGQNOKK.jpg,FAKE,1,ONE_FACE,0.9379,"[57,54,139,185]"
Fake/2N5SMT8BZX.jpg,FAKE,1,ONE_FACE,0.9342,"[55,61,132,168]"
Fake/2N6PTXGUPB.jpg,FAKE,1,ONE_FACE,0.9509,"[55,47,138,186]"
Fake/2N7X2TGENV.jpg,FAKE,1,ONE_FACE,0.9390,"[51,62,136,169]"
Fake/2N8VDHTHAN.jpg,FAKE,1,ONE_FACE,0.9445,"[52,37,143,201]"
Fake/2N97N39CH3.jpg,FAKE,1,ONE_FACE,0.9371,"[71,40,146,189]"
Fake/2N9HR2L2SM.jpg,FAKE,1,ONE_FACE,0.9442,"[50,37,147,205]"
Fake/2N9LAZLW6W.jpg,FAKE,1,ONE_FACE,0.9457,"[55,36,145,198]"
Fake/2NBGLAY1CG.jpg,FAKE,1,ONE_FACE,0.9505,"[72,38,160,212]"
Fake/2NBKWCL65O.jpg,FAKE,1,ONE_FACE,0.9354,"[67,39,142,210]"
Fake/2NBOOSMHJR.jpg,FAKE,1,ONE_FACE,0.9424,"[60,51,143,180]"
Fake/2NBQDQDCLW.jpg,FAKE,1,ONE_FACE,0.9430,"[62,42,144,191]"
Fake/2NCAXPZAN3.jpg,FAKE,1,ONE_FACE,0.9319,"[50,54,141,180]"
Fake/2NCWMZIVJY.jpg,FAKE,1,ONE_FACE,0.9503,"[57,54,134,178]"
Fake/2NCXCA53OH.jpg,FAKE,1,ONE_FACE,0.9316,"[78,50,132,184]"
Fake/2NDVVD7IIX.jpg,FAKE,1,ONE_FACE,0.9383,"[51,45,138,182]"
Fake/2NE8KRL8B9.jpg,FAKE,1,ONE_FACE,0.9423,"[59,39,141,192]"
Fake/2NFDBQQPVQ.jpg,FAKE,1,ONE_FACE,0.9490,"[52,47,143,190]"
Fake/2NH9PH5SVO.jpg,FAKE,1,ONE_FACE,0.9445,"[51,53,142,189]"
Fake/2NI752MNCI.jpg,FAKE,1,ONE_FACE,0.9422,"[56,54,140,187]"
Fake/2NJDPICCIW.jpg,FAKE,1,ONE_FACE,0.9320,"[21,38,150,200]"
Fake/2NJQR1S59Y.jpg,FAKE,1,ONE_FACE,0.9508,"[50,44,145,189]"
Fake/2NL0GZOBRA.jpg,FAKE,1,ONE_FACE,0.9305,"[62,63,126,176]"
Fake/2NLDT06TLB.jpg,FAKE,1,ONE_FACE,0.9459,"[63,47,148,193]"
Fake/2NMBCOBNSM.jpg,FAKE,1,ONE_FACE,0.9453,"[38,38,147,196]"
Fake/2NMXFXIHUJ.jpg,FAKE,1,ONE_FACE,0.9485,"[65,50,142,187]"
Fake/2NN94K842L.jpg,FAKE,1,ONE_FACE,0.9282,"[82,54,129,183]"
Fake/2NNSL4B8DO.jpg,FAKE,1,ONE_FACE,0.9454,"[45,41,146,196]"
Fake/2NON3A13VG.jpg,FAKE,1,ONE_FACE,0.9329,"[61,58,135,161]"
Fake/2NONGFBQGE.jpg,FAKE,1,ONE_FACE,0.9435,"[56,46,145,192]"
Fake/2NPZX9X6LQ.jpg,FAKE,1,ONE_FACE,0.9418,"[41,49,132,189]"
Fake/2NQHLLC46R.jpg,FAKE,1,ONE_FACE,0.9428,"[50,25,145,216]"
Fake/2NQNGBH25U.jpg,FAKE,1,ONE_FACE,0.9447,"[41,43,141,186]"
Fake/2NR411WYUB.jpg,FAKE,1,ONE_FACE,0.9470,"[61,46,139,178]"
Fake/2NU82C5DJK.jpg,FAKE,1,ONE_FACE,0.9400,"[60,58,152,188]"
Fake/2NULPRIGG8.jpg,FAKE,1,ONE_FACE,0.9455,"[48,41,141,196]"
Fake/2NVA2VRSQM.jpg,FAKE,1,ONE_FACE,0.9399,"[63,40,144,184]"
Fake/2NYECANYFN.jpg,FAKE,1,ONE_FACE,0.9522,"[86,42,134,195]"
Fake/2NZAYUWLNU.jpg,FAKE,1,ONE_FACE,0.9535,"[52,45,147,194]"
Fake/2O2S0R8X63.jpg,FAKE,1,ONE_FACE,0.9401,"[26,31,153,212]"
Fake/2O3G9M97BK.jpg,FAKE,1,ONE_FACE,0.9401,"[44,53,143,184]"
Fake/2O3KOQOPSB.jpg,FAKE,1,ONE_FACE,0.9488,"[61,47,146,189]"
Fake/2O4Y2V3BG4.jpg,FAKE,1,ONE_FACE,0.9503,"[53,40,142,194]"
Fake/2O6C0UY6BB.jpg,FAKE,1,ONE_FACE,0.9461,"[51,52,133,178]"
Fake/2O6EYTCP4J.jpg,FAKE,1,ONE_FACE,0.9419,"[41,52,145,179]"
Fake/2O6ITX1Z51.jpg,FAKE,1,ONE_FACE,0.9393,"[15,23,174,226]"
Fake/2O6L9MJEB4.jpg,FAKE,1,ONE_FACE,0.9376,"[54,45,145,201]"
Fake/2O7ZP9YXJ4.jpg,FAKE,1,ONE_FACE,0.9407,"[55,40,144,187]"
Fake/2O91HIRJNV.jpg,FAKE,1,ONE_FACE,0.9384,"[51,49,142,183]"
Fake/2O920Z93QU.jpg,FAKE,1,ONE_FACE,0.9505,"[59,46,137,187]"
Fake/2OAHYH8ZLY.jpg,FAKE,1,ONE_FACE,0.9458,"[42,38,141,208]"
Fake/2OAJXAJ2JV.jpg,FAKE,1,ONE_FACE,0.9455,"[36,31,151,209]"
Fake/2OASZSZOVC.jpg,FAKE,1,ONE_FACE,0.9463,"[55,36,147,205]"
Fake/2OBGFKVXP2.jpg,FAKE,1,ONE_FACE,0.9428,"[49,37,145,195]"
Fake/2OBVE5P1OO.jpg,FAKE,1,ONE_FACE,0.9424,"[62,41,142,188]"
Fake/2OD24J9G31.jpg,FAKE,1,ONE_FACE,0.9486,"[63,46,145,200]"
Fake/2ODKYH1KVU.jpg,FAKE,1,ONE_FACE,0.9456,"[62,46,141,185]"
Fake/2OE120I8CO.jpg,FAKE,1,ONE_FACE,0.9445,"[69,44,156,201]"
Fake/2OIULIW7ZV.jpg,FAKE,1,ONE_FACE,0.9428,"[64,53,143,189]"
Fake/2OKZK2NL1J.jpg,FAKE,1,ONE_FACE,0.9443,"[58,46,148,200]"
Fake/2OL97QP15H.jpg,FAKE,1,ONE_FACE,0.9361,"[45,44,145,197]"
Fake/2OLP78GJIK.jpg,FAKE,1,ONE_FACE,0.9502,"[49,40,148,196]"
Fake/2OLXUMBOY3.jpg,FAKE,1,ONE_FACE,0.9344,"[38,39,152,199]"
Fake/2OMGGB38EV.jpg,FAKE,1,ONE_FACE,0.9421,"[42,43,151,205]"
Fake/2OMJVTN248.jpg,FAKE,1,ONE_FACE,0.9502,"[57,47,134,185]"
Fake/2ON73Y52IK.jpg,FAKE,1,ONE_FACE,0.9380,"[59,45,142,184]"
Fake/2ON9X4D3GU.jpg,FAKE,1,ONE_FACE,0.9465,"[46,36,148,200]"
Fake/2OO9AEH2W7.jpg,FAKE,1,ONE_FACE,0.9432,"[46,45,140,178]"
Fake/2OOTW565MI.jpg,FAKE,1,ONE_FACE,0.6951,"[80,80,109,135]"
Fake/2OPBRG4SV2.jpg,FAKE,1,ONE_FACE,0.9498,"[57,53,142,181]"
Fake/2OPNQFFRAC.jpg,FAKE,1,ONE_FACE,0.9423,"[73,51,150,191]"
Fake/2OQ6LZCYP7.jpg,FAKE,1,ONE_FACE,0.9410,"[48,38,146,195]"
Fake/2OQ8DA9MU3.jpg,FAKE,1,ONE_FACE,0.9458,"[67,43,151,195]"
Fake/2OQZ7I4L8W.jpg,FAKE,1,ONE_FACE,0.9539,"[53,54,137,182]"
Fake/2ORNYEPM9Q.jpg,FAKE,1,ONE_FACE,0.9417,"[52,41,142,190]"
Fake/2OS8C32G4H.jpg,FAKE,1,ONE_FACE,0.9496,"[54,43,142,200]"
Fake/2OSH43RQ6Y.jpg,FAKE,1,ONE_FACE,0.9334,"[66,52,138,178]"
Fake/2OSP4U41HO.jpg,FAKE,1,ONE_FACE,0.9371,"[58,58,147,180]"
Fake/2OSTTHMRCD.jpg,FAKE,1,ONE_FACE,0.9402,"[46,38,142,187]"
Fake/2OTP29IH21.jpg,FAKE,1,ONE_FACE,0.9481,"[67,56,128,162]"
Fake/2OUY6RBZ8H.jpg,FAKE,1,ONE_FACE,0.9386,"[71,42,144,189]"
Fake/2OVS9L2O26.jpg,FAKE,1,ONE_FACE,0.9394,"[48,44,140,187]"
Fake/2OWJGGO4U2.jpg,FAKE,1,ONE_FACE,0.9433,"[56,49,139,184]"
Fake/2OXUZHUWPA.jpg,FAKE,1,ONE_FACE,0.9465,"[54,43,137,188]"
Fake/2OYC3ZJIXG.jpg,FAKE,1,ONE_FACE,0.9528,"[66,45,162,200]"
Fake/2OYO5P31TS.jpg,FAKE,1,ONE_FACE,0.9491,"[58,48,136,174]"
Fake/2OYRBX9066.jpg,FAKE,1,ONE_FACE,0.9457,"[49,43,136,175]"
Fake/2OZ0XFJHK1.jpg,FAKE,1,ONE_FACE,0.9463,"[59,45,147,194]"
Fake/2OZ93LX0WN.jpg,FAKE,1,ONE_FACE,0.9435,"[55,40,144,182]"
Fake/2OZR095NAN.jpg,FAKE,1,ONE_FACE,0.9527,"[35,48,145,195]"
Fake/2OZUECG01U.jpg,FAKE,1,ONE_FACE,0.9480,"[54,47,148,187]"
Fake/2P0U0UWIAY.jpg,FAKE,1,ONE_FACE,0.9412,"[76,38,159,208]"
Fake/2P0UFMQHN6.jpg,FAKE,1,ONE_FACE,0.9382,"[60,34,154,211]"
Fake/2P24C9EZBD.jpg,FAKE,1,ONE_FACE,0.9549,"[52,46,145,199]"
Fake/2P267FSQHM.jpg,FAKE,1,ONE_FACE,0.9440,"[44,42,144,185]"
Fake/2P2L5WT4BU.jpg,FAKE,1,ONE_FACE,0.9444,"[48,53,154,191]"
Fake/2P3TZSQWJM.jpg,FAKE,1,ONE_FACE,0.9475,"[57,61,139,173]"
Fake/2P47A79C25.jpg,FAKE,1,ONE_FACE,0.9280,"[69,40,143,201]"
Fake/2P4C0DJWP4.jpg,FAKE,1,ONE_FACE,0.9495,"[49,39,147,196]"
Fake/2P4CCH8UC8.jpg,FAKE,1,ONE_FACE,0.9423,"[52,33,146,208]"
Fake/2P5SKBJ775.jpg,FAKE,1,ONE_FACE,0.9413,"[52,43,142,189]"
Fake/2P7AJI5442.jpg,FAKE,1,ONE_FACE,0.9396,"[66,51,146,192]"
Fake/2P7G245M33.jpg,FAKE,1,ONE_FACE,0.9498,"[54,36,143,199]"
Fake/2P8HX4HF1W.jpg,FAKE,1,ONE_FACE,0.9477,"[49,43,149,199]"
Fake/2PB84R81YQ.jpg,FAKE,1,ONE_FACE,0.9383,"[47,43,143,190]"
Fake/2PBWBLJIK9.jpg,FAKE,1,ONE_FACE,0.9426,"[57,47,141,187]"
Fake/2PBXV0T4CC.jpg,FAKE,1,ONE_FACE,0.9526,"[61,46,150,202]"
Fake/2PCHLD7LWB.jpg,FAKE,1,ONE_FACE,0.9472,"[58,39,148,188]"
Fake/2PEBY6F5P9.jpg,FAKE,2,MULTIPLE_FACES,"[0.9415, 0.8166]","[[21, 37, 160, 204], [184, 0, 74, 93]]"
Fake/2PEZTGHIY0.jpg,FAKE,1,ONE_FACE,0.9518,"[52,42,144,192]"
Fake/2PFOGG9Z8R.jpg,FAKE,1,ONE_FACE,0.9405,"[31,39,151,203]"
Fake/2PG1BRG77U.jpg,FAKE,1,ONE_FACE,0.9469,"[53,36,143,197]"
Fake/2PG6UOO49R.jpg,FAKE,1,ONE_FACE,0.9507,"[61,44,140,190]"
Fake/2PMBB6O9QL.jpg,FAKE,1,ONE_FACE,0.9288,"[56,56,147,176]"
Fake/2PNCG3ZUSG.jpg,FAKE,1,ONE_FACE,0.9427,"[46,36,143,200]"
Fake/2POBOXIHIU.jpg,FAKE,1,ONE_FACE,0.9460,"[37,42,132,194]"
Fake/2PPNU3X4P1.jpg,FAKE,1,ONE_FACE,0.9471,"[59,47,139,185]"
Fake/2PUQANEQHV.jpg,FAKE,1,ONE_FACE,0.9497,"[57,50,140,189]"
Fake/2PV6JCWXQW.jpg,FAKE,1,ONE_FACE,0.9465,"[50,44,138,183]"
Fake/2PVS08XDVG.jpg,FAKE,1,ONE_FACE,0.9438,"[60,54,140,190]"
Fake/2PW1OE0VYD.jpg,FAKE,1,ONE_FACE,0.9384,"[44,43,143,187]"
Fake/2PY5PR2OS4.jpg,FAKE,1,ONE_FACE,0.9420,"[62,36,151,210]"
Fake/2PYKKNPXMP.jpg,FAKE,1,ONE_FACE,0.9492,"[59,54,137,178]"
Fake/2Q5FHKOKYL.jpg,FAKE,1,ONE_FACE,0.9373,"[60,47,146,190]"
Fake/2Q5IJXUFV6.jpg,FAKE,1,ONE_FACE,0.9450,"[61,48,142,177]"
Fake/2Q5NE8R1SY.jpg,FAKE,1,ONE_FACE,0.9448,"[64,44,155,195]"
Fake/2Q789400UI.jpg,FAKE,1,ONE_FACE,0.9452,"[66,51,137,186]"
Fake/2Q9AIIBMMS.jpg,FAKE,1,ONE_FACE,0.9415,"[21,34,158,215]"
Fake/2Q9NA486P4.jpg,FAKE,1,ONE_FACE,0.9481,"[68,46,154,198]"
Fake/2QAO8FNT68.jpg,FAKE,1,ONE_FACE,0.9452,"[51,40,137,180]"
Fake/2QD2IQ5Z18.jpg,FAKE,1,ONE_FACE,0.9437,"[52,46,140,193]"
Fake/2QE0AE2DOY.jpg,FAKE,1,ONE_FACE,0.9496,"[52,46,143,187]"
Fake/2QF4VNEAC1.jpg,FAKE,1,ONE_FACE,0.9489,"[52,36,144,197]"
Fake/2QGDAWEFLV.jpg,FAKE,1,ONE_FACE,0.9433,"[49,42,141,197]"
Fake/2QII0W7NKS.jpg,FAKE,1,ONE_FACE,0.9459,"[60,54,135,180]"
Fake/2QIJNVM9SX.jpg,FAKE,1,ONE_FACE,0.9400,"[58,49,136,182]"
Fake/2QJ4XQBX13.jpg,FAKE,1,ONE_FACE,0.9512,"[64,41,148,207]"
Fake/2QJBIWATYQ.jpg,FAKE,1,ONE_FACE,0.9386,"[54,48,135,187]"
Fake/2QJZR1AFCL.jpg,FAKE,1,ONE_FACE,0.9392,"[47,54,132,176]"
Fake/2QKIIE0MO4.jpg,FAKE,1,ONE_FACE,0.9481,"[58,44,136,183]"
Fake/2QLS1YF79C.jpg,FAKE,1,ONE_FACE,0.9367,"[59,49,122,172]"
Fake/2QLUG2Q3YE.jpg,FAKE,1,ONE_FACE,0.9442,"[53,48,159,199]"
Fake/2QLUVJSQXT.jpg,FAKE,1,ONE_FACE,0.9439,"[71,42,151,195]"
Fake/2QPH2U2AAK.jpg,FAKE,1,ONE_FACE,0.9524,"[58,48,140,185]"
Fake/2QQ7NXFZS6.jpg,FAKE,1,ONE_FACE,0.9426,"[50,49,142,188]"
Fake/2QQC12OXYD.jpg,FAKE,1,ONE_FACE,0.9457,"[66,47,147,195]"
Fake/2QQWP5GMRV.jpg,FAKE,1,ONE_FACE,0.9500,"[49,50,142,183]"
Fake/2QS1219FQ6.jpg,FAKE,1,ONE_FACE,0.9453,"[70,44,150,199]"
Fake/2QT8QV3JE9.jpg,FAKE,1,ONE_FACE,0.9440,"[35,45,148,197]"
Fake/2QTKQJQ8W3.jpg,FAKE,1,ONE_FACE,0.9420,"[57,48,137,179]"
Fake/2QTNLKPBMC.jpg,FAKE,1,ONE_FACE,0.9377,"[50,41,148,194]"
Fake/2QU3YK6D2X.jpg,FAKE,1,ONE_FACE,0.9388,"[67,48,155,208]"
Fake/2QUOA4T2P2.jpg,FAKE,1,ONE_FACE,0.9545,"[51,44,146,192]"
Fake/2QUQXEP11P.jpg,FAKE,1,ONE_FACE,0.9365,"[62,54,135,168]"
Fake/2QVCJHDDMS.jpg,FAKE,1,ONE_FACE,0.9414,"[50,53,147,193]"
Fake/2QWBU5N3PC.jpg,FAKE,1,ONE_FACE,0.9451,"[53,47,145,188]"
Fake/2QWWLQL0RB.jpg,FAKE,1,ONE_FACE,0.9466,"[67,45,138,196]"
Fake/2QX8D4NYE2.jpg,FAKE,1,ONE_FACE,0.9519,"[52,44,146,198]"
Fake/2QZMFD489V.jpg,FAKE,1,ONE_FACE,0.9462,"[56,42,138,196]"
Fake/2R05IFPUPB.jpg,FAKE,1,ONE_FACE,0.9428,"[58,34,156,213]"
Fake/2R7FXFG3LT.jpg,FAKE,1,ONE_FACE,0.9348,"[56,47,135,176]"
Fake/2R7NVJ9ZVU.jpg,FAKE,1,ONE_FACE,0.9386,"[57,56,140,162]"
Fake/2R7ODDKKYH.jpg,FAKE,1,ONE_FACE,0.9414,"[39,42,141,199]"
Fake/2R9EIHDFH0.jpg,FAKE,1,ONE_FACE,0.9396,"[65,54,147,186]"
Fake/2R9LE9K69P.jpg,FAKE,1,ONE_FACE,0.9439,"[58,43,139,191]"
Fake/2RC8LRGX6R.jpg,FAKE,1,ONE_FACE,0.9471,"[57,38,136,192]"
Fake/2RDA8RCGQZ.jpg,FAKE,1,ONE_FACE,0.9499,"[67,53,140,187]"
Fake/2RGATBNW2E.jpg,FAKE,1,ONE_FACE,0.9519,"[48,35,161,217]"
Fake/2RGZCSMO0L.jpg,FAKE,1,ONE_FACE,0.9426,"[52,49,138,176]"
Fake/2RHYGT58KH.jpg,FAKE,1,ONE_FACE,0.9418,"[36,41,156,203]"
Fake/2RKBWRK2MG.jpg,FAKE,1,ONE_FACE,0.9468,"[52,62,134,147]"
Fake/2RKUK1U8E4.jpg,FAKE,1,ONE_FACE,0.9445,"[54,53,144,181]"
Fake/2RL7QYXZEY.jpg,FAKE,1,ONE_FACE,0.9445,"[51,53,136,184]"
Fake/2RM31GSYV6.jpg,FAKE,1,ONE_FACE,0.9266,"[69,38,158,199]"
Fake/2RN7OUSJXW.jpg,FAKE,1,ONE_FACE,0.9492,"[57,35,143,200]"
Fake/2RNVMYZXFR.jpg,FAKE,1,ONE_FACE,0.9476,"[44,34,152,216]"
Fake/2ROZTYLLHS.jpg,FAKE,1,ONE_FACE,0.9489,"[64,41,167,209]"
Fake/2RPJCXQCNB.jpg,FAKE,1,ONE_FACE,0.9388,"[65,45,135,194]"
Fake/2RQ4PGW0O1.jpg,FAKE,1,ONE_FACE,0.9372,"[67,51,138,180]"
Fake/2RQ5167O09.jpg,FAKE,1,ONE_FACE,0.9461,"[63,59,129,176]"
Fake/2RQPEGNE1Z.jpg,FAKE,1,ONE_FACE,0.9466,"[57,42,142,194]"
Fake/2RQZOS1Y9R.jpg,FAKE,1,ONE_FACE,0.9323,"[57,48,140,176]"
Fake/2RS7OOOPP4.jpg,FAKE,1,ONE_FACE,0.9259,"[42,49,147,179]"
Fake/2RSM0AHUZ3.jpg,FAKE,1,ONE_FACE,0.9461,"[56,43,143,192]"
Fake/2RTVG3JY7B.jpg,FAKE,1,ONE_FACE,0.9351,"[54,51,135,180]"
Fake/2RUF1V05NB.jpg,FAKE,1,ONE_FACE,0.9390,"[47,39,149,195]"
Fake/2RUX6YQD09.jpg,FAKE,1,ONE_FACE,0.9455,"[67,38,146,200]"
Fake/2RW3SKD9MQ.jpg,FAKE,1,ONE_FACE,0.9450,"[55,44,141,185]"
Fake/2S0NT07S63.jpg,FAKE,1,ONE_FACE,0.9446,"[40,43,147,194]"
Fake/2S0OGVGW4N.jpg,FAKE,1,ONE_FACE,0.9450,"[52,48,142,185]"
Fake/2S13C60Y1M.jpg,FAKE,1,ONE_FACE,0.9306,"[36,47,155,194]"
Fake/2S2PMY2ALL.jpg,FAKE,1,ONE_FACE,0.9476,"[63,59,129,174]"
Fake/2S3189NZC7.jpg,FAKE,1,ONE_FACE,0.9405,"[61,44,138,188]"
Fake/2S39VGOT4E.jpg,FAKE,1,ONE_FACE,0.9462,"[46,40,147,194]"
Fake/2S3FBN0G54.jpg,FAKE,1,ONE_FACE,0.9448,"[61,48,130,179]"
Fake/2S4RX5UPJR.jpg,FAKE,1,ONE_FACE,0.9452,"[51,44,138,196]"
Fake/2S4Y39URLE.jpg,FAKE,1,ONE_FACE,0.9463,"[55,46,136,184]"
Fake/2S7AKQK7EK.jpg,FAKE,1,ONE_FACE,0.9478,"[57,46,150,203]"
Fake/2SAQ00AP5N.jpg,FAKE,1,ONE_FACE,0.9452,"[65,35,143,199]"
Fake/2SB5WVINAL.jpg,FAKE,1,ONE_FACE,0.9444,"[66,44,160,205]"
Fake/2SCD8Y5EYM.jpg,FAKE,1,ONE_FACE,0.9439,"[42,43,148,196]"
Fake/2SE7GQW0KV.jpg,FAKE,1,ONE_FACE,0.9362,"[86,45,122,194]"
Fake/2SFFGHSESS.jpg,FAKE,1,ONE_FACE,0.9426,"[54,36,143,200]"
Fake/2SHAOZ313P.jpg,FAKE,1,ONE_FACE,0.9483,"[50,52,138,184]"
Fake/2SHB73CKKD.jpg,FAKE,1,ONE_FACE,0.9416,"[57,46,144,194]"
Fake/2SIQN950SA.jpg,FAKE,1,ONE_FACE,0.9517,"[60,46,139,190]"
Fake/2SIVQESM7R.jpg,FAKE,1,ONE_FACE,0.9521,"[58,50,138,179]"
Fake/2SJ9RNAC1P.jpg,FAKE,1,ONE_FACE,0.9487,"[57,52,139,186]"
Fake/2SJPYLV3QQ.jpg,FAKE,1,ONE_FACE,0.9397,"[45,45,141,182]"
Fake/2SJRZ7N487.jpg,FAKE,1,ONE_FACE,0.9414,"[75,44,138,188]"
Fake/2SJXVVNWVL.jpg,FAKE,1,ONE_FACE,0.9395,"[42,38,149,195]"
Fake/2SK40CGG5V.jpg,FAKE,1,ONE_FACE,0.9452,"[58,45,148,193]"
Fake/2SKM3HUCMC.jpg,FAKE,1,ONE_FACE,0.9460,"[64,39,155,198]"
Fake/2SKSV0EPLO.jpg,FAKE,1,ONE_FACE,0.9425,"[77,58,137,186]"
Fake/2SM5KXY6GH.jpg,FAKE,1,ONE_FACE,0.9358,"[61,46,144,194]"
Fake/2SMEDVICGC.jpg,FAKE,1,ONE_FACE,0.9410,"[49,43,144,193]"
Fake/2SNAS1GVNO.jpg,FAKE,1,ONE_FACE,0.9371,"[49,45,142,170]"
Fake/2SNBN15T9O.jpg,FAKE,1,ONE_FACE,0.9354,"[31,40,149,192]"
Fake/2SPEVTMER8.jpg,FAKE,1,ONE_FACE,0.9376,"[59,43,138,196]"
Fake/2SQ6VBTX5N.jpg,FAKE,1,ONE_FACE,0.9494,"[46,40,146,198]"
Fake/2SQFTVHTJ6.jpg,FAKE,1,ONE_FACE,0.9420,"[27,36,154,216]"
Fake/2SR2RQKO6V.jpg,FAKE,1,ONE_FACE,0.9424,"[67,48,150,193]"
Fake/2SR2Z43JIQ.jpg,FAKE,1,ONE_FACE,0.9462,"[33,33,156,206]"
Fake/2SRQSEOS9U.jpg,FAKE,1,ONE_FACE,0.9449,"[53,46,137,187]"
Fake/2SSXO09UIF.jpg,FAKE,1,ONE_FACE,0.9405,"[46,39,136,192]"
Fake/2SU4OWBC7V.jpg,FAKE,1,ONE_FACE,0.9351,"[47,65,137,177]"
Fake/2SUTLAQ0KT.jpg,FAKE,1,ONE_FACE,0.9461,"[67,51,148,188]"
Fake/2SV43WHM1E.jpg,FAKE,1,ONE_FACE,0.9282,"[66,33,154,205]"
Fake/2SVEHMHG8W.jpg,FAKE,1,ONE_FACE,0.9464,"[76,35,147,209]"
Fake/2SYVC12VY8.jpg,FAKE,1,ONE_FACE,0.9430,"[57,53,132,187]"
Fake/2SZAHDJBM1.jpg,FAKE,1,ONE_FACE,0.9363,"[52,48,146,182]"
Fake/2T13E2DYNX.jpg,FAKE,1,ONE_FACE,0.9439,"[55,33,145,195]"
Fake/2T1JH2S25Y.jpg,FAKE,1,ONE_FACE,0.9484,"[44,46,149,192]"
Fake/2T1U1H1NS5.jpg,FAKE,1,ONE_FACE,0.9488,"[34,39,147,201]"
Fake/2T1WR40C6R.jpg,FAKE,1,ONE_FACE,0.9445,"[59,45,133,179]"
Fake/2T2VJT116N.jpg,FAKE,1,ONE_FACE,0.9345,"[48,46,143,190]"
Fake/2T46IOVBQ2.jpg,FAKE,1,ONE_FACE,0.9491,"[54,47,151,204]"
Fake/2T5AA5Y2JA.jpg,FAKE,1,ONE_FACE,0.9532,"[59,40,145,201]"
Fake/2T8975NF2M.jpg,FAKE,1,ONE_FACE,0.9443,"[73,45,159,208]"
Fake/2T8ZLO5JTN.jpg,FAKE,1,ONE_FACE,0.9444,"[59,49,138,162]"
Fake/2T9F48G7YA.jpg,FAKE,1,ONE_FACE,0.9462,"[54,42,139,191]"
Fake/2TB4SNAXFW.jpg,FAKE,1,ONE_FACE,0.9441,"[53,41,148,203]"
Fake/2TEA14VK59.jpg,FAKE,1,ONE_FACE,0.9422,"[42,35,148,202]"
Fake/2TFD5NIRZQ.jpg,FAKE,1,ONE_FACE,0.9475,"[60,37,138,195]"
Fake/2TG4LHBFI0.jpg,FAKE,1,ONE_FACE,0.9421,"[70,37,157,207]"
Fake/2TGFY9O5I8.jpg,FAKE,1,ONE_FACE,0.9385,"[45,61,146,173]"
Fake/2TGMGXYENT.jpg,FAKE,1,ONE_FACE,0.9396,"[57,39,136,193]"
Fake/2TIOF9QINA.jpg,FAKE,1,ONE_FACE,0.9477,"[48,45,150,189]"
Fake/2TIRRZA7ZP.jpg,FAKE,1,ONE_FACE,0.9495,"[56,45,142,193]"
Fake/2TITNSH8YJ.jpg,FAKE,1,ONE_FACE,0.9464,"[75,42,147,195]"
Fake/2TJK3XUFDS.jpg,FAKE,1,ONE_FACE,0.9461,"[56,49,139,182]"
Fake/2TKNF8ZO0J.jpg,FAKE,2,MULTIPLE_FACES,"[0.9379, 0.7374]","[[56, 39, 137, 196], [209, 115, 39, 46]]"
Fake/2TLURDDL2R.jpg,FAKE,1,ONE_FACE,0.9402,"[47,32,145,201]"
Fake/2TLWLZPLG4.jpg,FAKE,1,ONE_FACE,0.9410,"[63,42,143,189]"
Fake/2TNBUSPXC0.jpg,FAKE,1,ONE_FACE,0.9324,"[33,42,140,192]"
Fake/2TNI4E6PL3.jpg,FAKE,1,ONE_FACE,0.9506,"[59,42,146,196]"
Fake/2TOCMQKPQM.jpg,FAKE,1,ONE_FACE,0.9510,"[40,44,149,199]"
Fake/2TOEBH43PL.jpg,FAKE,1,ONE_FACE,0.9409,"[64,43,151,204]"
Fake/2TQ40ELPSK.jpg,FAKE,1,ONE_FACE,0.9487,"[59,46,141,192]"
Fake/2TQ7Z3VDXN.jpg,FAKE,1,ONE_FACE,0.9308,"[46,52,145,178]"
Fake/2TQUI1C1IF.jpg,FAKE,1,ONE_FACE,0.9377,"[36,39,152,198]"
Fake/2TS3BMCWXI.jpg,FAKE,1,ONE_FACE,0.9541,"[51,52,141,185]"
Fake/2TS3M9G888.jpg,FAKE,1,ONE_FACE,0.9470,"[43,38,147,199]"
Fake/2TSVE42PCX.jpg,FAKE,1,ONE_FACE,0.9507,"[47,43,146,202]"
Fake/2TXA9VWEW0.jpg,FAKE,1,ONE_FACE,0.9453,"[49,44,143,193]"
Fake/2TY9TYSA79.jpg,FAKE,1,ONE_FACE,0.9469,"[64,59,128,175]"
Fake/2TYJ67MYN8.jpg,FAKE,1,ONE_FACE,0.9397,"[40,43,140,201]"
Fake/2TYSYJEDAS.jpg,FAKE,1,ONE_FACE,0.9408,"[49,45,141,184]"
Fake/2TZTRIP4OM.jpg,FAKE,1,ONE_FACE,0.9450,"[60,42,147,194]"
Fake/2U0H4YQ1RU.jpg,FAKE,1,ONE_FACE,0.9351,"[58,37,141,207]"
Fake/2U0JGJI9JI.jpg,FAKE,1,ONE_FACE,0.9469,"[51,43,143,194]"
Fake/2U1A7VR4KV.jpg,FAKE,1,ONE_FACE,0.9478,"[62,46,136,193]"
Fake/2U1R18FLIQ.jpg,FAKE,1,ONE_FACE,0.9487,"[52,61,136,183]"
Fake/2U1X8743AW.jpg,FAKE,1,ONE_FACE,0.9482,"[57,67,138,164]"
Fake/2U2ALQAU75.jpg,FAKE,1,ONE_FACE,0.9391,"[57,51,139,191]"
Fake/2U46NM3FJW.jpg,FAKE,1,ONE_FACE,0.9441,"[58,46,140,180]"
Fake/2U4DTN5VEZ.jpg,FAKE,1,ONE_FACE,0.9481,"[69,39,142,199]"
Fake/2U578HKB8Z.jpg,FAKE,1,ONE_FACE,0.9498,"[39,39,153,206]"
Fake/2U5HPFAO2Z.jpg,FAKE,1,ONE_FACE,0.9383,"[40,34,147,201]"
Fake/2U5Q9XLNGK.jpg,FAKE,1,ONE_FACE,0.9417,"[40,39,137,199]"
Fake/2U5S7ACFLT.jpg,FAKE,1,ONE_FACE,0.9401,"[71,41,152,196]"
Fake/2U6GORM5R0.jpg,FAKE,2,MULTIPLE_FACES,"[0.9403, 0.7089]","[[57, 44, 147, 183], [1, -1, 62, 66]]"
Fake/2U92GJAR7Y.jpg,FAKE,1,ONE_FACE,0.9510,"[47,41,149,193]"
Fake/2U9JT67VJ0.jpg,FAKE,1,ONE_FACE,0.9465,"[57,45,141,190]"
Fake/2U9V2TZ6NL.jpg,FAKE,1,ONE_FACE,0.9443,"[69,48,139,189]"
Fake/2UA1V04TG9.jpg,FAKE,1,ONE_FACE,0.9403,"[65,39,142,183]"
Fake/2UD5K75IO0.jpg,FAKE,1,ONE_FACE,0.9412,"[68,48,149,188]"
Fake/2UDSBIIXXD.jpg,FAKE,1,ONE_FACE,0.9476,"[55,45,136,170]"
Fake/2UG8I8QNTG.jpg,FAKE,1,ONE_FACE,0.9469,"[48,47,139,176]"
Fake/2UGE69CV0K.jpg,FAKE,1,ONE_FACE,0.9449,"[50,42,139,195]"
Fake/2UGSKAM2U1.jpg,FAKE,1,ONE_FACE,0.9512,"[54,37,142,197]"
Fake/2UJYZFLQIQ.jpg,FAKE,1,ONE_FACE,0.9374,"[51,33,150,215]"
Fake/2UKBV92UOL.jpg,FAKE,1,ONE_FACE,0.9435,"[57,49,137,179]"
Fake/2UKQN0SDTC.jpg,FAKE,1,ONE_FACE,0.9460,"[53,58,133,173]"
Fake/2ULQ4FCHQY.jpg,FAKE,1,ONE_FACE,0.9455,"[44,45,142,193]"
Fake/2UMSF1CWMP.jpg,FAKE,1,ONE_FACE,0.9520,"[56,43,147,192]"
Fake/2UNDTIY9KB.jpg,FAKE,1,ONE_FACE,0.9365,"[55,37,135,193]"
Fake/2UP6HIYSNL.jpg,FAKE,1,ONE_FACE,0.9481,"[58,44,138,191]"
Fake/2UT45LHP0B.jpg,FAKE,1,ONE_FACE,0.9478,"[47,51,145,184]"
Fake/2UTKR5ZPR1.jpg,FAKE,1,ONE_FACE,0.9423,"[55,41,147,210]"
Fake/2UUDT8BP8U.jpg,FAKE,1,ONE_FACE,0.9506,"[53,35,142,202]"
Fake/2V0J35MSVG.jpg,FAKE,1,ONE_FACE,0.9402,"[55,43,143,188]"
Fake/2V17DHBFKE.jpg,FAKE,1,ONE_FACE,0.9460,"[58,41,143,192]"
Fake/2V1I4X2CEQ.jpg,FAKE,1,ONE_FACE,0.9479,"[55,37,150,195]"
Fake/2V2AX4G3DN.jpg,FAKE,1,ONE_FACE,0.9453,"[63,41,146,185]"
Fake/2V2FQAUUXH.jpg,FAKE,1,ONE_FACE,0.9473,"[49,41,147,196]"
Fake/2V3J1U2AU1.jpg,FAKE,1,ONE_FACE,0.9406,"[58,51,143,179]"
Fake/2V3TR4HHMR.jpg,FAKE,1,ONE_FACE,0.9414,"[69,33,154,202]"
Fake/2V6DMJLA6U.jpg,FAKE,1,ONE_FACE,0.9390,"[60,54,144,180]"
Fake/2V741FM9M5.jpg,FAKE,1,ONE_FACE,0.9511,"[56,44,139,191]"
Fake/2V7ZWHWBQC.jpg,FAKE,1,ONE_FACE,0.9400,"[53,52,140,180]"
Fake/2V9F4IMT9U.jpg,FAKE,1,ONE_FACE,0.9360,"[48,38,139,193]"
Fake/2VAAA7KOYV.jpg,FAKE,1,ONE_FACE,0.9491,"[49,42,147,196]"
Fake/2VACW9ZJL0.jpg,FAKE,1,ONE_FACE,0.9403,"[59,43,141,174]"
Fake/2VAD4A42YV.jpg,FAKE,1,ONE_FACE,0.9500,"[51,31,154,215]"
Fake/2VBN0L0TA6.jpg,FAKE,1,ONE_FACE,0.9417,"[41,48,153,196]"
Fake/2VBORSCV3B.jpg,FAKE,1,ONE_FACE,0.9399,"[60,45,144,173]"
Fake/2VD0WL8X2I.jpg,FAKE,1,ONE_FACE,0.9365,"[55,50,136,181]"
Fake/2VDHYYCSQH.jpg,FAKE,1,ONE_FACE,0.9375,"[46,37,140,203]"
Fake/2VEKP0TFG8.jpg,FAKE,1,ONE_FACE,0.9400,"[30,40,147,191]"
Fake/2VFPHQ9TSB.jpg,FAKE,1,ONE_FACE,0.9468,"[51,46,143,189]"
Fake/2VFTWAYIFE.jpg,FAKE,1,ONE_FACE,0.9467,"[30,35,147,212]"
Fake/2VI3WN37N5.jpg,FAKE,1,ONE_FACE,0.9444,"[64,61,149,182]"
Fake/2VJ6A134N1.jpg,FAKE,1,ONE_FACE,0.9481,"[59,41,135,191]"
Fake/2VK76EDKJ8.jpg,FAKE,1,ONE_FACE,0.9478,"[42,42,152,201]"
Fake/2VKJRZF40K.jpg,FAKE,1,ONE_FACE,0.9409,"[55,42,139,199]"
Fake/2VLCHIFDJZ.jpg,FAKE,1,ONE_FACE,0.9418,"[65,44,144,189]"
Fake/2VMJ0AS3QW.jpg,FAKE,1,ONE_FACE,0.9496,"[63,42,141,190]"
Fake/2VMWVDAEDJ.jpg,FAKE,1,ONE_FACE,0.9403,"[23,39,160,200]"
Fake/2VMXHX1LWM.jpg,FAKE,1,ONE_FACE,0.9483,"[57,38,151,200]"
Fake/2VNF4LGYD6.jpg,FAKE,1,ONE_FACE,0.9418,"[67,32,154,212]"
Fake/2VNPKOZWKN.jpg,FAKE,1,ONE_FACE,0.9439,"[42,39,143,199]"
Fake/2VOO2FGL9K.jpg,FAKE,1,ONE_FACE,0.9453,"[53,45,140,190]"
Fake/2VPF6NY7DB.jpg,FAKE,1,ONE_FACE,0.9478,"[63,59,132,170]"
Fake/2VQC8ZBIAQ.jpg,FAKE,1,ONE_FACE,0.9494,"[43,53,147,178]"
Fake/2VR6LZC5B7.jpg,FAKE,1,ONE_FACE,0.9471,"[58,43,146,196]"
Fake/2VRGHA0YN8.jpg,FAKE,1,ONE_FACE,0.9441,"[58,42,148,193]"
Fake/2VRGHRTPGZ.jpg,FAKE,1,ONE_FACE,0.9387,"[64,45,135,180]"
Fake/2VSZ68F8L0.jpg,FAKE,1,ONE_FACE,0.9448,"[58,49,134,179]"
Fake/2VTSY6LA58.jpg,FAKE,1,ONE_FACE,0.9480,"[56,49,141,191]"
Fake/2VVMGPELPD.jpg,FAKE,1,ONE_FACE,0.9412,"[60,45,145,200]"
Fake/2VWME0BOB4.jpg,FAKE,1,ONE_FACE,0.9269,"[61,59,130,174]"
Fake/2VWPAUBSIQ.jpg,FAKE,1,ONE_FACE,0.9478,"[57,36,147,203]"
Fake/2VWTKAPAL3.jpg,FAKE,1,ONE_FACE,0.9372,"[65,56,141,170]"
Fake/2VZEKHDFJT.jpg,FAKE,1,ONE_FACE,0.9523,"[62,39,151,208]"
Fake/2W05KH1FS9.jpg,FAKE,1,ONE_FACE,0.9358,"[59,49,144,173]"
Fake/2W07G2A0TE.jpg,FAKE,1,ONE_FACE,0.9396,"[66,43,135,165]"
Fake/2W1CY5V7RG.jpg,FAKE,1,ONE_FACE,0.9395,"[47,41,154,213]"
Fake/2W1J0NW02N.jpg,FAKE,1,ONE_FACE,0.9510,"[62,39,139,196]"
Fake/2W1M4G2QC2.jpg,FAKE,1,ONE_FACE,0.9344,"[49,36,144,197]"
Fake/2W1Q8QQAZV.jpg,FAKE,1,ONE_FACE,0.9433,"[64,57,149,185]"
Fake/2W25SVBTNB.jpg,FAKE,1,ONE_FACE,0.9416,"[58,47,136,179]"
Fake/2W3YD70EQV.jpg,FAKE,1,ONE_FACE,0.9533,"[58,49,144,196]"
Fake/2W4MDMEFH7.jpg,FAKE,1,ONE_FACE,0.9394,"[51,58,145,196]"
Fake/2W4YMJMD7Z.jpg,FAKE,1,ONE_FACE,0.9461,"[40,41,145,203]"
Fake/2W56V3IEM1.jpg,FAKE,1,ONE_FACE,0.9363,"[44,40,148,196]"
Fake/2W64K67JBG.jpg,FAKE,1,ONE_FACE,0.9225,"[72,41,130,190]"
Fake/2W6DBT0QP3.jpg,FAKE,1,ONE_FACE,0.9417,"[55,45,134,186]"
Fake/2W76ODTLAM.jpg,FAKE,1,ONE_FACE,0.9489,"[48,37,149,202]"
Fake/2W8WQC10LF.jpg,FAKE,1,ONE_FACE,0.9466,"[50,43,143,193]"
Fake/2W9A5KFY1V.jpg,FAKE,1,ONE_FACE,0.9439,"[66,44,143,193]"
Fake/2W9RRDE1JU.jpg,FAKE,1,ONE_FACE,0.9504,"[54,36,149,213]"
Fake/2WAJYDVTSO.jpg,FAKE,1,ONE_FACE,0.9428,"[40,40,150,199]"
Fake/2WAMOEGQ5Y.jpg,FAKE,1,ONE_FACE,0.9393,"[70,42,138,189]"
Fake/2WCCDUAI4I.jpg,FAKE,1,ONE_FACE,0.9492,"[51,39,145,203]"
Fake/2WCK6XQB3F.jpg,FAKE,1,ONE_FACE,0.9392,"[44,55,144,182]"
Fake/2WCRE95KIH.jpg,FAKE,1,ONE_FACE,0.9417,"[67,42,147,201]"
Fake/2WFFQSYULQ.jpg,FAKE,1,ONE_FACE,0.9436,"[62,46,142,189]"
Fake/2WG6GJID5L.jpg,FAKE,1,ONE_FACE,0.9420,"[63,53,140,195]"
Fake/2WGL52JQFW.jpg,FAKE,1,ONE_FACE,0.9394,"[74,51,164,201]"
Fake/2WGMDW50PO.jpg,FAKE,1,ONE_FACE,0.9410,"[49,53,143,186]"
Fake/2WJ6U3DOR8.jpg,FAKE,1,ONE_FACE,0.9493,"[56,50,141,181]"
Fake/2WJACLMJM0.jpg,FAKE,1,ONE_FACE,0.9472,"[36,38,158,204]"
Fake/2WJRIFCFAI.jpg,FAKE,1,ONE_FACE,0.9417,"[61,55,143,183]"
Fake/2WK0IUKK97.jpg,FAKE,1,ONE_FACE,0.9485,"[57,46,137,183]"
Fake/2WK12NFN09.jpg,FAKE,1,ONE_FACE,0.9483,"[56,45,144,188]"
Fake/2WK6DQW8EW.jpg,FAKE,1,ONE_FACE,0.9320,"[47,57,130,177]"
Fake/2WKBBMF1U8.jpg,FAKE,1,ONE_FACE,0.9414,"[45,45,148,191]"
Fake/2WKUHN1NF3.jpg,FAKE,1,ONE_FACE,0.9401,"[67,37,135,207]"
Fake/2WLEVTA7Y7.jpg,FAKE,1,ONE_FACE,0.9394,"[69,51,131,173]"
Fake/2WMJ7H7QU5.jpg,FAKE,1,ONE_FACE,0.9497,"[49,50,138,184]"
Fake/2WN709UQ5O.jpg,FAKE,1,ONE_FACE,0.9416,"[44,53,138,193]"
Fake/2WNHTPZON7.jpg,FAKE,1,ONE_FACE,0.9451,"[55,38,148,196]"
Fake/2WO4K754EU.jpg,FAKE,1,ONE_FACE,0.9519,"[49,46,150,193]"
Fake/2WOG6CT55I.jpg,FAKE,1,ONE_FACE,0.9453,"[60,44,138,190]"
Fake/2WOQ223DVN.jpg,FAKE,1,ONE_FACE,0.9432,"[52,44,141,178]"
Fake/2WT9NW5AYL.jpg,FAKE,1,ONE_FACE,0.9411,"[67,37,141,189]"
Fake/2WTQZ47XKV.jpg,FAKE,1,ONE_FACE,0.9516,"[61,49,141,193]"
Fake/2WUB4ERAUR.jpg,FAKE,1,ONE_FACE,0.9515,"[60,46,134,187]"
Fake/2WUGXOMY8U.jpg,FAKE,1,ONE_FACE,0.9491,"[62,56,133,174]"
Fake/2WUXXI19IC.jpg,FAKE,1,ONE_FACE,0.9502,"[51,40,146,194]"
Fake/2WWAU5WTDY.jpg,FAKE,1,ONE_FACE,0.9375,"[62,40,137,177]"
Fake/2WXSHZ9W2F.jpg,FAKE,1,ONE_FACE,0.9454,"[63,49,150,192]"
Fake/2WXZ1BXUOZ.jpg,FAKE,1,ONE_FACE,0.9415,"[49,49,143,193]"
Fake/2WXZFSNKTY.jpg,FAKE,1,ONE_FACE,0.9355,"[33,32,157,223]"
Fake/2WZ8IHHPYY.jpg,FAKE,1,ONE_FACE,0.9405,"[44,48,139,189]"
Fake/2X0E75PWF9.jpg,FAKE,2,MULTIPLE_FACES,"[0.9308, 0.7503]","[[50, 46, 144, 187], [183, 1, 77, 73]]"
Fake/2X0KSH3313.jpg,FAKE,1,ONE_FACE,0.9390,"[74,42,148,198]"
Fake/2X0YWTT39F.jpg,FAKE,1,ONE_FACE,0.9366,"[69,55,138,181]"
Fake/2X1B6Y2KSP.jpg,FAKE,1,ONE_FACE,0.9450,"[36,39,149,206]"
Fake/2X1U038826.jpg,FAKE,1,ONE_FACE,0.9310,"[58,50,135,170]"
Fake/2X1YP8855F.jpg,FAKE,1,ONE_FACE,0.9488,"[55,42,145,192]"
Fake/2X2N94YW6D.jpg,FAKE,1,ONE_FACE,0.9499,"[56,43,141,190]"
Fake/2X4EGB0H4R.jpg,FAKE,1,ONE_FACE,0.9499,"[60,53,136,180]"
Fake/2X7R1C8DDA.jpg,FAKE,1,ONE_FACE,0.9330,"[49,38,143,202]"
Fake/2X8HK50YSJ.jpg,FAKE,1,ONE_FACE,0.9376,"[35,41,144,198]"
Fake/2X8NPXPJ8A.jpg,FAKE,1,ONE_FACE,0.9437,"[34,33,154,206]"
Fake/2XCDLQ5KJD.jpg,FAKE,1,ONE_FACE,0.9479,"[44,50,143,183]"
Fake/2XCLP2FIBY.jpg,FAKE,1,ONE_FACE,0.9424,"[32,39,152,202]"
Fake/2XDSKHS6I3.jpg,FAKE,1,ONE_FACE,0.9399,"[56,56,139,174]"
Fake/2XFGE9SGSG.jpg,FAKE,1,ONE_FACE,0.9491,"[54,42,143,195]"
Fake/2XH4NJ9NA6.jpg,FAKE,1,ONE_FACE,0.9487,"[56,58,155,189]"
Fake/2XHAXMGUUQ.jpg,FAKE,1,ONE_FACE,0.9391,"[52,48,148,187]"
Fake/2XIPRILSMU.jpg,FAKE,1,ONE_FACE,0.9385,"[62,65,142,171]"
Fake/2XJXRQ0AFJ.jpg,FAKE,1,ONE_FACE,0.9414,"[67,33,166,216]"
Fake/2XKG7B1IL0.jpg,FAKE,1,ONE_FACE,0.9474,"[55,46,160,203]"
Fake/2XKWXVS1NM.jpg,FAKE,1,ONE_FACE,0.9424,"[62,45,135,181]"
Fake/2XLO3XY1F3.jpg,FAKE,1,ONE_FACE,0.9453,"[47,40,144,202]"
Fake/2XQCC68T9O.jpg,FAKE,1,ONE_FACE,0.9418,"[53,49,142,181]"
Fake/2XQIK4VW7P.jpg,FAKE,1,ONE_FACE,0.9279,"[52,44,139,181]"
Fake/2XRL67R2WX.jpg,FAKE,1,ONE_FACE,0.9356,"[77,58,136,184]"
Fake/2XSAMOAHDI.jpg,FAKE,1,ONE_FACE,0.9396,"[47,54,136,182]"
Fake/2XTNJE94DJ.jpg,FAKE,1,ONE_FACE,0.9445,"[66,51,133,179]"
Fake/2XTVOKCXQH.jpg,FAKE,1,ONE_FACE,0.9329,"[68,40,151,203]"
Fake/2XU7DLBNWW.jpg,FAKE,1,ONE_FACE,0.9401,"[51,41,146,193]"
Fake/2XUJJU9KQB.jpg,FAKE,1,ONE_FACE,0.9452,"[62,52,134,183]"
Fake/2XUNP2BVAN.jpg,FAKE,1,ONE_FACE,0.9370,"[56,51,133,174]"
Fake/2XVHY45IO7.jpg,FAKE,1,ONE_FACE,0.9422,"[31,38,155,206]"
Fake/2XVOCO0SDS.jpg,FAKE,1,ONE_FACE,0.9221,"[74,51,129,168]"
Fake/2XZA93HYT0.jpg,FAKE,1,ONE_FACE,0.9444,"[56,55,141,179]"
Fake/2XZPKTJETM.jpg,FAKE,1,ONE_FACE,0.9367,"[35,41,157,192]"
Fake/2XZTGJK68M.jpg,FAKE,1,ONE_FACE,0.9445,"[53,43,145,197]"
Fake/2Y1L9QVZ9D.jpg,FAKE,1,ONE_FACE,0.9534,"[52,47,143,190]"
Fake/2Y21KRPSHM.jpg,FAKE,1,ONE_FACE,0.9426,"[68,50,151,192]"
Fake/2Y22SWPR67.jpg,FAKE,1,ONE_FACE,0.9402,"[62,64,132,157]"
Fake/2Y2GDMG6QV.jpg,FAKE,1,ONE_FACE,0.9496,"[59,43,137,188]"
Fake/2Y2LC0ZZEO.jpg,FAKE,1,ONE_FACE,0.9368,"[49,48,151,196]"
Fake/2Y3KT0RJKJ.jpg,FAKE,1,ONE_FACE,0.9509,"[43,42,144,199]"
Fake/2Y43LXPBJN.jpg,FAKE,1,ONE_FACE,0.9384,"[66,43,142,207]"
Fake/2Y4JB4TYDF.jpg,FAKE,1,ONE_FACE,0.9481,"[53,42,141,193]"
Fake/2Y5O6OI604.jpg,FAKE,1,ONE_FACE,0.9445,"[55,40,144,194]"
Fake/2Y5QW9NYWH.jpg,FAKE,1,ONE_FACE,0.9396,"[46,38,141,194]"
Fake/2Y6IQATU8T.jpg,FAKE,1,ONE_FACE,0.9440,"[54,46,144,174]"
Fake/2Y7PCZJQVA.jpg,FAKE,1,ONE_FACE,0.9446,"[58,51,142,189]"
Fake/2YA6CKPJF1.jpg,FAKE,1,ONE_FACE,0.9287,"[55,66,139,169]"
Fake/2YAOYT613Q.jpg,FAKE,1,ONE_FACE,0.9410,"[53,49,129,180]"
Fake/2YAQ0L77AA.jpg,FAKE,1,ONE_FACE,0.9427,"[58,58,138,176]"
Fake/2YEFI1F27Q.jpg,FAKE,1,ONE_FACE,0.9441,"[47,36,146,195]"
Fake/2YEHME7TEV.jpg,FAKE,1,ONE_FACE,0.9381,"[53,34,147,210]"
Fake/2YF8IU1GQZ.jpg,FAKE,1,ONE_FACE,0.9538,"[62,51,141,196]"
Fake/2YFPJ0DZ08.jpg,FAKE,1,ONE_FACE,0.9481,"[62,51,154,202]"
Fake/2YGRGQF167.jpg,FAKE,1,ONE_FACE,0.9488,"[61,55,135,185]"
Fake/2YI9KYO93C.jpg,FAKE,1,ONE_FACE,0.9473,"[62,53,139,181]"
Fake/2YIUQZV96D.jpg,FAKE,1,ONE_FACE,0.9508,"[53,43,144,195]"
Fake/2YJA4HWIIM.jpg,FAKE,1,ONE_FACE,0.9517,"[62,47,143,191]"
Fake/2YJBC3C984.jpg,FAKE,1,ONE_FACE,0.9390,"[62,43,145,187]"
Fake/2YL1IQAHQ1.jpg,FAKE,1,ONE_FACE,0.9500,"[55,40,148,193]"
Fake/2YMJ07A2XV.jpg,FAKE,1,ONE_FACE,0.9423,"[61,44,136,187]"
Fake/2YOFAIIT6X.jpg,FAKE,1,ONE_FACE,0.9393,"[32,41,148,195]"
Fake/2YPG9ZCQF2.jpg,FAKE,1,ONE_FACE,0.9367,"[46,41,146,199]"
Fake/2YPL156EQ9.jpg,FAKE,1,ONE_FACE,0.9424,"[44,48,138,186]"
Fake/2YPP5C3LA5.jpg,FAKE,1,ONE_FACE,0.9381,"[52,64,145,180]"
Fake/2YQEPWO67J.jpg,FAKE,1,ONE_FACE,0.9437,"[56,39,137,173]"
Fake/2YQOW2ZXHS.jpg,FAKE,1,ONE_FACE,0.9473,"[42,37,145,192]"
Fake/2YQWUA5C12.jpg,FAKE,1,ONE_FACE,0.9436,"[36,33,154,204]"
Fake/2YU3EVAHO9.jpg,FAKE,1,ONE_FACE,0.9448,"[62,45,137,179]"
Fake/2YVO5MSUXB.jpg,FAKE,1,ONE_FACE,0.9468,"[58,54,158,194]"
Fake/2YVSD98UVU.jpg,FAKE,1,ONE_FACE,0.9407,"[46,49,151,187]"
Fake/2YW3S907MZ.jpg,FAKE,1,ONE_FACE,0.9407,"[55,45,142,184]"
Fake/2YZ125GTAB.jpg,FAKE,1,ONE_FACE,0.9537,"[56,62,130,168]"
Fake/2Z02V550J5.jpg,FAKE,1,ONE_FACE,0.9419,"[34,36,155,202]"
Fake/2Z0CVZMIAO.jpg,FAKE,1,ONE_FACE,0.9469,"[52,38,140,194]"
Fake/2Z21TFO99K.jpg,FAKE,1,ONE_FACE,0.9375,"[43,41,150,196]"
Fake/2Z4OJJQ1WM.jpg,FAKE,1,ONE_FACE,0.9476,"[74,40,145,192]"
Fake/2Z4S7DWZS6.jpg,FAKE,1,ONE_FACE,0.9437,"[51,39,145,196]"
Fake/2Z4YIE4XW3.jpg,FAKE,1,ONE_FACE,0.9369,"[65,51,134,181]"
Fake/2Z7I2E73MZ.jpg,FAKE,1,ONE_FACE,0.9399,"[44,61,138,180]"
Fake/2Z8BN0H5TO.jpg,FAKE,1,ONE_FACE,0.9448,"[39,42,147,199]"
Fake/2Z92GWL180.jpg,FAKE,1,ONE_FACE,0.9430,"[69,36,152,208]"
Fake/2ZA0WA3TAT.jpg,FAKE,1,ONE_FACE,0.9421,"[57,38,147,210]"
Fake/2ZAZEGX1N2.jpg,FAKE,1,ONE_FACE,0.9348,"[52,47,129,183]"
Fake/2ZB38MH2TQ.jpg,FAKE,1,ONE_FACE,0.9309,"[59,24,143,206]"
Fake/2ZBK5LPB5M.jpg,FAKE,1,ONE_FACE,0.9477,"[48,46,143,184]"
Fake/2ZBV6912IV.jpg,FAKE,1,ONE_FACE,0.9419,"[67,47,145,194]"
Fake/2ZC8A8KG9W.jpg,FAKE,1,ONE_FACE,0.9293,"[69,41,139,197]"
Fake/2ZEQYIRJ2W.jpg,FAKE,1,ONE_FACE,0.9413,"[69,40,143,195]"
Fake/2ZFDILX8IB.jpg,FAKE,1,ONE_FACE,0.9461,"[63,47,135,184]"
Fake/2ZFEBBYAFR.jpg,FAKE,1,ONE_FACE,0.9464,"[55,49,133,185]"
Fake/2ZFTNS1DMQ.jpg,FAKE,1,ONE_FACE,0.9403,"[55,46,140,179]"
Fake/2ZIKFVGG2E.jpg,FAKE,1,ONE_FACE,0.9366,"[55,49,136,187]"
Fake/2ZIQJK2SN5.jpg,FAKE,1,ONE_FACE,0.9415,"[58,39,156,212]"
Fake/2ZK1U3TC20.jpg,FAKE,1,ONE_FACE,0.9471,"[53,40,143,193]"
Fake/2ZK4AVD0ZX.jpg,FAKE,1,ONE_FACE,0.9461,"[47,43,142,190]"
Fake/2ZKXBNM0LL.jpg,FAKE,1,ONE_FACE,0.9487,"[54,42,143,190]"
Fake/2ZLRAV75WG.jpg,FAKE,1,ONE_FACE,0.9408,"[59,42,136,187]"
Fake/2ZNPDIHJHM.jpg,FAKE,1,ONE_FACE,0.9502,"[62,46,143,191]"
Fake/2ZNWZ9N5Y8.jpg,FAKE,1,ONE_FACE,0.9456,"[25,31,153,221]"
Fake/2ZO5I04QUL.jpg,FAKE,1,ONE_FACE,0.9473,"[57,49,135,188]"
Fake/2ZOX2UG642.jpg,FAKE,1,ONE_FACE,0.9376,"[51,45,137,191]"
Fake/2ZQBZB4REN.jpg,FAKE,1,ONE_FACE,0.9386,"[36,39,151,195]"
Fake/2ZQDRN7HFE.jpg,FAKE,1,ONE_FACE,0.9499,"[51,40,145,195]"
Fake/2ZRCGTYPY3.jpg,FAKE,1,ONE_FACE,0.9404,"[58,65,137,167]"
Fake/2ZRYNMF558.jpg,FAKE,1,ONE_FACE,0.9454,"[56,53,147,186]"
Fake/2ZSJ3EDRHE.jpg,FAKE,1,ONE_FACE,0.9512,"[53,49,136,176]"
Fake/2ZT7ECR87G.jpg,FAKE,1,ONE_FACE,0.9491,"[43,41,150,208]"
Fake/2ZX0J2B9U7.jpg,FAKE,1,ONE_FACE,0.9443,"[59,47,139,193]"
Fake/3A0DFSY7IP.jpg,FAKE,1,ONE_FACE,0.9443,"[55,43,146,194]"
Fake/3A0XKYJIXC.jpg,FAKE,1,ONE_FACE,0.9407,"[65,69,131,163]"
Fake/3A1J3HTI3O.jpg,FAKE,1,ONE_FACE,0.9499,"[51,42,160,207]"
Fake/3A1Y8YSU66.jpg,FAKE,1,ONE_FACE,0.9357,"[59,42,143,200]"
Fake/3A3KZ0YBGI.jpg,FAKE,1,ONE_FACE,0.9515,"[54,52,142,182]"
Fake/3A5YFDTDRI.jpg,FAKE,1,ONE_FACE,0.9467,"[54,45,140,195]"
Fake/3A62N5HO18.jpg,FAKE,1,ONE_FACE,0.9434,"[71,35,162,205]"
Fake/3A78YFNJEA.jpg,FAKE,1,ONE_FACE,0.9397,"[53,50,142,179]"
Fake/3A90F7DBD2.jpg,FAKE,1,ONE_FACE,0.9463,"[73,41,147,198]"
Fake/3A9EHJP9YX.jpg,FAKE,1,ONE_FACE,0.9426,"[38,38,147,203]"
Fake/3AATYAM601.jpg,FAKE,1,ONE_FACE,0.9410,"[59,42,142,194]"
Fake/3AB6BEUG26.jpg,FAKE,1,ONE_FACE,0.9472,"[46,36,147,197]"
Fake/3ABFKUFYX8.jpg,FAKE,1,ONE_FACE,0.9512,"[57,45,143,199]"
Fake/3ABLTXN5YU.jpg,FAKE,1,ONE_FACE,0.9387,"[55,39,141,199]"
Fake/3ABZAZWQTW.jpg,FAKE,1,ONE_FACE,0.9294,"[61,67,128,158]"
Fake/3AC1TL3CQ0.jpg,FAKE,1,ONE_FACE,0.9320,"[75,53,142,181]"
Fake/3ADUPQXXLA.jpg,FAKE,1,ONE_FACE,0.9466,"[56,44,140,183]"
Fake/3AF6WJ9ZXY.jpg,FAKE,1,ONE_FACE,0.9483,"[33,36,164,220]"
Fake/3AH2QXN0FO.jpg,FAKE,1,ONE_FACE,0.9484,"[50,41,148,191]"
Fake/3AH41F9RR6.jpg,FAKE,1,ONE_FACE,0.9419,"[34,38,155,203]"
Fake/3AJ7EGZUYW.jpg,FAKE,1,ONE_FACE,0.9438,"[55,44,143,193]"
Fake/3AJK35JJG0.jpg,FAKE,1,ONE_FACE,0.9455,"[56,47,146,193]"
Fake/3AK0XEL3U0.jpg,FAKE,1,ONE_FACE,0.9404,"[75,41,146,190]"
Fake/3AKBOB9AUI.jpg,FAKE,1,ONE_FACE,0.9422,"[60,53,144,176]"
Fake/3ALKZ3SK54.jpg,FAKE,1,ONE_FACE,0.9377,"[61,51,133,181]"
Fake/3AM69ERU3M.jpg,FAKE,1,ONE_FACE,0.9430,"[52,46,138,177]"
Fake/3AN7SLLN7Q.jpg,FAKE,1,ONE_FACE,0.9308,"[48,48,131,195]"
Fake/3AOZATXYC8.jpg,FAKE,1,ONE_FACE,0.9450,"[54,43,153,196]"
Fake/3ARWQR3P36.jpg,FAKE,1,ONE_FACE,0.9320,"[51,47,136,179]"
Fake/3ASH8YU4I7.jpg,FAKE,1,ONE_FACE,0.9413,"[61,56,135,180]"
Fake/3AYFR9FOU7.jpg,FAKE,1,ONE_FACE,0.9391,"[53,58,129,154]"
Fake/3AYSWM7BN7.jpg,FAKE,1,ONE_FACE,0.9484,"[50,43,144,191]"
Fake/3AYVVTYSW6.jpg,FAKE,1,ONE_FACE,0.9304,"[47,57,146,184]"
Fake/3AZI179992.jpg,FAKE,1,ONE_FACE,0.9513,"[58,42,145,191]"
Fake/3B0FJOTFCL.jpg,FAKE,1,ONE_FACE,0.9489,"[48,41,146,196]"
Fake/3B0FMKVX12.jpg,FAKE,1,ONE_FACE,0.9366,"[65,46,147,187]"
Fake/3B2JV6E550.jpg,FAKE,1,ONE_FACE,0.9397,"[62,54,139,185]"
Fake/3B5I6ON44I.jpg,FAKE,1,ONE_FACE,0.9429,"[67,43,130,196]"
Fake/3B6QRBYU5E.jpg,FAKE,1,ONE_FACE,0.9419,"[72,60,136,175]"
Fake/3B77QKH7OX.jpg,FAKE,1,ONE_FACE,0.9409,"[72,41,147,207]"
Fake/3BBB2XKDR4.jpg,FAKE,1,ONE_FACE,0.9508,"[55,43,139,187]"
Fake/3BBH50X9FA.jpg,FAKE,1,ONE_FACE,0.9303,"[66,42,155,203]"
Fake/3BBMA764Z8.jpg,FAKE,1,ONE_FACE,0.9348,"[38,45,147,195]"
Fake/3BBQCF7SLZ.jpg,FAKE,1,ONE_FACE,0.9467,"[57,52,138,188]"
Fake/3BCR53JJ7M.jpg,FAKE,1,ONE_FACE,0.9537,"[47,43,140,193]"
Fake/3BCTS77X5W.jpg,FAKE,1,ONE_FACE,0.9318,"[59,49,138,191]"
Fake/3BD6JMZ71N.jpg,FAKE,1,ONE_FACE,0.9457,"[58,55,134,170]"
Fake/3BDD8C6UG1.jpg,FAKE,1,ONE_FACE,0.9419,"[56,53,141,165]"
Fake/3BF62D280Y.jpg,FAKE,1,ONE_FACE,0.9530,"[40,38,152,200]"
Fake/3BHNAT90DZ.jpg,FAKE,1,ONE_FACE,0.9432,"[49,40,143,203]"
Fake/3BHZEABAXN.jpg,FAKE,1,ONE_FACE,0.9525,"[54,44,152,199]"
Fake/3BIX19UHXQ.jpg,FAKE,1,ONE_FACE,0.9507,"[43,35,152,203]"
Fake/3BJMSQ923M.jpg,FAKE,1,ONE_FACE,0.9441,"[71,45,146,193]"
Fake/3BK48KB8KX.jpg,FAKE,1,ONE_FACE,0.9436,"[48,36,144,211]"
Fake/3BK6ELB3JE.jpg,FAKE,1,ONE_FACE,0.9401,"[36,43,152,196]"
Fake/3BMHAVVXTE.jpg,FAKE,1,ONE_FACE,0.9482,"[54,39,145,188]"
Fake/3BMJHMESXA.jpg,FAKE,1,ONE_FACE,0.9494,"[59,40,144,195]"
Fake/3BQ4EJO8OM.jpg,FAKE,1,ONE_FACE,0.9496,"[48,40,147,202]"
Fake/3BSBSRQ753.jpg,FAKE,1,ONE_FACE,0.9427,"[50,43,144,187]"
Fake/3BSCGWP17A.jpg,FAKE,1,ONE_FACE,0.9436,"[62,49,152,193]"
Fake/3BSLV4BOPE.jpg,FAKE,1,ONE_FACE,0.9415,"[70,42,145,186]"
Fake/3BSRU8K5H2.jpg,FAKE,1,ONE_FACE,0.9469,"[64,43,146,202]"
Fake/3BSV12J0DT.jpg,FAKE,1,ONE_FACE,0.9525,"[64,44,139,194]"
Fake/3BT6QT7X77.jpg,FAKE,1,ONE_FACE,0.9407,"[41,28,153,208]"
Fake/3BUDAT03SP.jpg,FAKE,1,ONE_FACE,0.9396,"[47,40,144,192]"
Fake/3BVDUN45BP.jpg,FAKE,1,ONE_FACE,0.9420,"[84,49,143,183]"
Fake/3BWBPDDRU8.jpg,FAKE,1,ONE_FACE,0.9361,"[47,58,138,178]"
Fake/3BWI6C193T.jpg,FAKE,1,ONE_FACE,0.9230,"[55,55,130,168]"
Fake/3BXNDP1MFH.jpg,FAKE,1,ONE_FACE,0.9508,"[60,46,138,185]"
Fake/3BYQMDPQWX.jpg,FAKE,1,ONE_FACE,0.9339,"[66,53,136,175]"
Fake/3BZACPH9UC.jpg,FAKE,1,ONE_FACE,0.9362,"[71,49,152,199]"
Fake/3BZLMD7PPU.jpg,FAKE,1,ONE_FACE,0.9450,"[52,46,144,189]"
Fake/3BZT4W6FLI.jpg,FAKE,1,ONE_FACE,0.9432,"[47,55,145,187]"
Fake/3C0BQTYKSY.jpg,FAKE,1,ONE_FACE,0.9446,"[56,52,136,171]"
Fake/3C0QVGZ3M4.jpg,FAKE,1,ONE_FACE,0.9379,"[48,38,141,198]"
Fake/3C12H11SXH.jpg,FAKE,1,ONE_FACE,0.9395,"[34,36,154,205]"
Fake/3C17Q5WVAI.jpg,FAKE,1,ONE_FACE,0.9502,"[50,36,144,197]"
Fake/3C6EHMKF4Y.jpg,FAKE,1,ONE_FACE,0.9413,"[46,39,145,200]"
Fake/3C6N6UWMNZ.jpg,FAKE,1,ONE_FACE,0.9530,"[57,58,133,185]"
Fake/3C7AMB1U18.jpg,FAKE,1,ONE_FACE,0.9225,"[44,47,139,190]"
Fake/3C7BYBYB95.jpg,FAKE,1,ONE_FACE,0.9505,"[45,37,151,208]"
Fake/3C7XBPT9AZ.jpg,FAKE,1,ONE_FACE,0.9502,"[56,35,147,181]"
Fake/3C8UP7V420.jpg,FAKE,1,ONE_FACE,0.9404,"[56,42,143,189]"
Fake/3CBILF4HN5.jpg,FAKE,1,ONE_FACE,0.9432,"[62,42,137,190]"
Fake/3CCHPHB4F2.jpg,FAKE,1,ONE_FACE,0.9415,"[58,46,142,189]"
Fake/3CCMENA7V9.jpg,FAKE,1,ONE_FACE,0.9493,"[50,56,136,185]"
Fake/3CDBN5JMDC.jpg,FAKE,1,ONE_FACE,0.9367,"[58,40,140,188]"
Fake/3CDCMQ6L1V.jpg,FAKE,1,ONE_FACE,0.9339,"[55,57,135,168]"
Fake/3CF2DA6S4K.jpg,FAKE,1,ONE_FACE,0.9498,"[58,51,138,180]"
Fake/3CFGVW2OVR.jpg,FAKE,1,ONE_FACE,0.9459,"[53,45,141,189]"
Fake/3CI6B4JXMY.jpg,FAKE,1,ONE_FACE,0.9493,"[54,44,142,192]"
Fake/3CJTHK2H2N.jpg,FAKE,1,ONE_FACE,0.9399,"[61,54,142,181]"
Fake/3CLDCY75DW.jpg,FAKE,1,ONE_FACE,0.9467,"[60,48,137,164]"
Fake/3CLLCCPN1X.jpg,FAKE,1,ONE_FACE,0.9451,"[72,43,137,204]"
Fake/3CN898CCWP.jpg,FAKE,1,ONE_FACE,0.9464,"[60,42,151,203]"
Fake/3CNROSH8ZR.jpg,FAKE,1,ONE_FACE,0.9465,"[34,42,155,194]"
Fake/3CO7JMKQTY.jpg,FAKE,1,ONE_FACE,0.9464,"[54,55,141,178]"
Fake/3COLD6UG2G.jpg,FAKE,1,ONE_FACE,0.9273,"[54,37,146,192]"
Fake/3CQ91OJCDU.jpg,FAKE,1,ONE_FACE,0.9520,"[57,45,140,193]"
Fake/3CS10FNYG5.jpg,FAKE,1,ONE_FACE,0.9493,"[38,39,154,200]"
Fake/3CT3VBQBQ6.jpg,FAKE,1,ONE_FACE,0.9458,"[54,40,139,196]"
Fake/3CU69IOALA.jpg,FAKE,1,ONE_FACE,0.9483,"[57,61,132,166]"
Fake/3CV3XZHQIZ.jpg,FAKE,1,ONE_FACE,0.9451,"[57,53,129,174]"
Fake/3D27NDCEEW.jpg,FAKE,1,ONE_FACE,0.9467,"[59,52,139,193]"
Fake/3D3091CSTF.jpg,FAKE,1,ONE_FACE,0.9355,"[62,49,141,183]"
Fake/3D30FJCL4B.jpg,FAKE,1,ONE_FACE,0.9403,"[64,48,123,179]"
Fake/3D3G8GA3EU.jpg,FAKE,1,ONE_FACE,0.9405,"[52,65,144,163]"
Fake/3D476RF1NK.jpg,FAKE,1,ONE_FACE,0.9432,"[56,41,140,193]"
Fake/3D5R8FA2B1.jpg,FAKE,1,ONE_FACE,0.9499,"[59,47,133,186]"
Fake/3D5V2PJMIF.jpg,FAKE,1,ONE_FACE,0.9479,"[57,43,142,190]"
Fake/3D5XA3R52W.jpg,FAKE,1,ONE_FACE,0.9482,"[54,44,140,192]"
Fake/3D6G5W9E6Z.jpg,FAKE,1,ONE_FACE,0.9433,"[36,37,158,204]"
Fake/3D9EHCVDPI.jpg,FAKE,1,ONE_FACE,0.9437,"[67,48,145,188]"
Fake/3DBHEALXAC.jpg,FAKE,1,ONE_FACE,0.9336,"[44,65,135,165]"
Fake/3DCAI1AJMD.jpg,FAKE,1,ONE_FACE,0.9437,"[36,37,149,202]"
Fake/3DD3428MCN.jpg,FAKE,1,ONE_FACE,0.9357,"[53,56,139,178]"
Fake/3DEC7RDNP5.jpg,FAKE,1,ONE_FACE,0.9440,"[25,36,164,210]"
Fake/3DI06I70E3.jpg,FAKE,1,ONE_FACE,0.9510,"[55,46,144,184]"
Fake/3DJ7SCM6VT.jpg,FAKE,1,ONE_FACE,0.9394,"[62,45,147,199]"
Fake/3DJ9PVU2DW.jpg,FAKE,1,ONE_FACE,0.9469,"[57,62,138,173]"
Fake/3DKET62KE7.jpg,FAKE,1,ONE_FACE,0.9416,"[56,37,146,191]"
Fake/3DKW4FIMW0.jpg,FAKE,1,ONE_FACE,0.9397,"[59,43,138,196]"
Fake/3DLCJQNTNX.jpg,FAKE,1,ONE_FACE,0.9481,"[63,50,139,184]"
Fake/3DMLOFJLGY.jpg,FAKE,1,ONE_FACE,0.9448,"[68,48,137,174]"
Fake/3DND60SD25.jpg,FAKE,1,ONE_FACE,0.9510,"[58,44,140,189]"
Fake/3DNEQ5IIOQ.jpg,FAKE,1,ONE_FACE,0.9426,"[62,44,137,191]"
Fake/3DNV2CRW85.jpg,FAKE,1,ONE_FACE,0.9539,"[50,43,146,193]"
Fake/3DO9ELZ779.jpg,FAKE,1,ONE_FACE,0.9327,"[73,33,163,221]"
Fake/3DOPS5VQSZ.jpg,FAKE,1,ONE_FACE,0.9420,"[44,40,149,197]"
Fake/3DPHQF2R53.jpg,FAKE,1,ONE_FACE,0.9426,"[58,38,142,195]"
Fake/3DPLFEP2KF.jpg,FAKE,1,ONE_FACE,0.9361,"[58,55,134,170]"
Fake/3DQ86TM51N.jpg,FAKE,1,ONE_FACE,0.9445,"[32,40,155,208]"
Fake/3DQM55A88C.jpg,FAKE,1,ONE_FACE,0.9441,"[71,52,135,184]"
Fake/3DR8TBF2EA.jpg,FAKE,1,ONE_FACE,0.9467,"[60,47,136,190]"
Fake/3DTECHY2A2.jpg,FAKE,1,ONE_FACE,0.9423,"[37,58,131,175]"
Fake/3DU75Z1520.jpg,FAKE,1,ONE_FACE,0.9426,"[57,44,135,183]"
Fake/3DW20ORK6Z.jpg,FAKE,1,ONE_FACE,0.9404,"[62,33,152,210]"
Fake/3DW80ZIV8J.jpg,FAKE,1,ONE_FACE,0.9272,"[58,40,143,193]"
Fake/3DXLKOLB3Y.jpg,FAKE,1,ONE_FACE,0.9298,"[71,36,161,213]"
Fake/3DY5P4JEHK.jpg,FAKE,1,ONE_FACE,0.9480,"[54,35,141,198]"
Fake/3E3CX0HDJI.jpg,FAKE,1,ONE_FACE,0.9447,"[79,50,133,191]"
Fake/3E67SNJ8IW.jpg,FAKE,1,ONE_FACE,0.9371,"[50,43,137,186]"
Fake/3E6C7CZ8IB.jpg,FAKE,1,ONE_FACE,0.9414,"[71,42,147,204]"
Fake/3E6GC3I11I.jpg,FAKE,1,ONE_FACE,0.9432,"[56,55,136,177]"
Fake/3E6MX23SZE.jpg,FAKE,1,ONE_FACE,0.9493,"[52,42,140,191]"
Fake/3E7MIYLUP0.jpg,FAKE,1,ONE_FACE,0.9406,"[81,27,162,216]"
Fake/3E8PJZT5WC.jpg,FAKE,1,ONE_FACE,0.9456,"[49,53,131,181]"
Fake/3EAKWJTCJW.jpg,FAKE,1,ONE_FACE,0.9362,"[64,53,135,176]"
Fake/3EBHDVJZTV.jpg,FAKE,1,ONE_FACE,0.9456,"[50,39,143,195]"
Fake/3ED4NBX1JY.jpg,FAKE,1,ONE_FACE,0.9501,"[63,38,161,207]"
Fake/3ED9FT7HSO.jpg,FAKE,1,ONE_FACE,0.9484,"[64,49,135,186]"
Fake/3EDP022JVL.jpg,FAKE,1,ONE_FACE,0.9404,"[45,45,141,188]"
Fake/3EEKOQX08R.jpg,FAKE,1,ONE_FACE,0.9486,"[70,57,132,177]"
Fake/3EF0OBXGFS.jpg,FAKE,1,ONE_FACE,0.9504,"[60,50,137,182]"
Fake/3EIEGRU7YB.jpg,FAKE,1,ONE_FACE,0.9457,"[61,48,133,180]"
Fake/3EJ9BCGFUD.jpg,FAKE,1,ONE_FACE,0.9518,"[58,53,136,191]"
Fake/3EJA8NJK6G.jpg,FAKE,1,ONE_FACE,0.9426,"[47,51,138,183]"
Fake/3EJWH1GWGJ.jpg,FAKE,1,ONE_FACE,0.9369,"[53,51,141,188]"
Fake/3EM8EZ99ZZ.jpg,FAKE,1,ONE_FACE,0.9448,"[56,54,141,184]"
Fake/3EMO8QL860.jpg,FAKE,1,ONE_FACE,0.9479,"[60,42,143,193]"
Fake/3ENIF024ZS.jpg,FAKE,1,ONE_FACE,0.9458,"[69,46,138,191]"
Fake/3ENZNS9F05.jpg,FAKE,1,ONE_FACE,0.9408,"[56,49,140,180]"
Fake/3EO2YT5MFK.jpg,FAKE,1,ONE_FACE,0.9539,"[53,41,144,195]"
Fake/3ETIT9B5E6.jpg,FAKE,1,ONE_FACE,0.9444,"[56,42,139,193]"
Fake/3EVGB9KJ3H.jpg,FAKE,1,ONE_FACE,0.9462,"[58,47,133,183]"
Fake/3EWUV5UPP0.jpg,FAKE,1,ONE_FACE,0.9474,"[56,40,150,196]"
Fake/3EYD9KFAQB.jpg,FAKE,1,ONE_FACE,0.9483,"[59,52,135,186]"
Fake/3EZK015B0H.jpg,FAKE,1,ONE_FACE,0.9289,"[66,53,147,190]"
Fake/3F0VOA4H5W.jpg,FAKE,1,ONE_FACE,0.9419,"[59,49,149,194]"
Fake/3F16NSME2D.jpg,FAKE,1,ONE_FACE,0.9484,"[39,43,150,199]"
Fake/3F1LG7XV3J.jpg,FAKE,1,ONE_FACE,0.9437,"[58,45,135,188]"
Fake/3F34T2I98C.jpg,FAKE,1,ONE_FACE,0.9290,"[49,53,143,184]"
Fake/3F3E66LWEY.jpg,FAKE,1,ONE_FACE,0.9321,"[58,40,132,188]"
Fake/3F5K40P282.jpg,FAKE,1,ONE_FACE,0.9481,"[55,51,140,178]"
Fake/3F6BBHE1ZH.jpg,FAKE,1,ONE_FACE,0.9510,"[59,48,136,182]"
Fake/3F6F9BU45C.jpg,FAKE,1,ONE_FACE,0.9443,"[58,43,147,188]"
Fake/3F6KKJJZIP.jpg,FAKE,1,ONE_FACE,0.9487,"[58,48,138,186]"
Fake/3F6RZ10TP2.jpg,FAKE,1,ONE_FACE,0.9444,"[58,56,137,160]"
Fake/3F6ZR40DT0.jpg,FAKE,1,ONE_FACE,0.9524,"[50,42,143,192]"
Fake/3F7LB936RY.jpg,FAKE,1,ONE_FACE,0.9469,"[57,46,144,187]"
Fake/3F7VJ72XEQ.jpg,FAKE,1,ONE_FACE,0.9497,"[55,48,141,182]"
Fake/3F8JXOUP7Z.jpg,FAKE,1,ONE_FACE,0.9407,"[62,48,140,185]"
Fake/3F9HWFBR10.jpg,FAKE,1,ONE_FACE,0.9463,"[65,33,159,224]"
Fake/3F9YE5VVSW.jpg,FAKE,1,ONE_FACE,0.9391,"[45,58,141,185]"
Fake/3FAWJO8TFO.jpg,FAKE,1,ONE_FACE,0.9482,"[63,42,150,210]"
Fake/3FAWZ789UU.jpg,FAKE,1,ONE_FACE,0.9437,"[64,56,144,188]"
Fake/3FB36X43G5.jpg,FAKE,1,ONE_FACE,0.9446,"[52,37,143,202]"
Fake/3FB3HRJPQD.jpg,FAKE,1,ONE_FACE,0.9466,"[56,53,142,180]"
Fake/3FCE2QLMAR.jpg,FAKE,1,ONE_FACE,0.9137,"[54,50,135,180]"
Fake/3FCLA689RF.jpg,FAKE,1,ONE_FACE,0.9393,"[48,36,151,218]"
Fake/3FCP5WT3CE.jpg,FAKE,1,ONE_FACE,0.9463,"[65,63,130,165]"
Fake/3FF1ZU6YKD.jpg,FAKE,1,ONE_FACE,0.9512,"[59,62,130,169]"
Fake/3FG6U99F74.jpg,FAKE,1,ONE_FACE,0.9505,"[58,47,138,177]"
Fake/3FHUOUVJTL.jpg,FAKE,1,ONE_FACE,0.9354,"[36,61,145,184]"
Fake/3FJHZ71L0A.jpg,FAKE,1,ONE_FACE,0.9329,"[49,52,137,179]"
Fake/3FKGN8DQFH.jpg,FAKE,1,ONE_FACE,0.9434,"[47,42,149,204]"
Fake/3FKMF0L2VX.jpg,FAKE,1,ONE_FACE,0.9432,"[64,58,126,158]"
Fake/3FLOLS9EKE.jpg,FAKE,1,ONE_FACE,0.9370,"[52,52,142,177]"
Fake/3FLZ80UPQ4.jpg,FAKE,1,ONE_FACE,0.9476,"[61,51,137,192]"
Fake/3FN1PVVUU5.jpg,FAKE,1,ONE_FACE,0.9396,"[69,46,154,201]"
Fake/3FOFG0LN3A.jpg,FAKE,1,ONE_FACE,0.9105,"[49,46,135,179]"
Fake/3FOQOVYKRT.jpg,FAKE,1,ONE_FACE,0.9519,"[55,38,141,196]"
Fake/3FPW1L5JH5.jpg,FAKE,1,ONE_FACE,0.9499,"[54,43,141,187]"
Fake/3FQJHGGAYE.jpg,FAKE,1,ONE_FACE,0.9421,"[38,43,153,197]"
Fake/3FQPM991PM.jpg,FAKE,1,ONE_FACE,0.9441,"[53,43,143,186]"
Fake/3FR2LBNQKL.jpg,FAKE,1,ONE_FACE,0.9444,"[55,41,146,177]"
Fake/3FRMG92VOH.jpg,FAKE,1,ONE_FACE,0.9473,"[44,40,147,195]"
Fake/3FRVRL4XK9.jpg,FAKE,1,ONE_FACE,0.9351,"[51,49,148,181]"
Fake/3FRZJV3483.jpg,FAKE,1,ONE_FACE,0.9427,"[53,54,136,177]"
Fake/3FSJDNDHIV.jpg,FAKE,1,ONE_FACE,0.9458,"[59,41,138,189]"
Fake/3FT53HCNGN.jpg,FAKE,1,ONE_FACE,0.9414,"[56,44,151,196]"
Fake/3FTNE32HWN.jpg,FAKE,1,ONE_FACE,0.9300,"[40,44,152,201]"
Fake/3FVV65V0SI.jpg,FAKE,1,ONE_FACE,0.9404,"[62,46,136,193]"
Fake/3FWIM15LSI.jpg,FAKE,1,ONE_FACE,0.9490,"[33,40,147,192]"
Fake/3FZ0KJZH92.jpg,FAKE,1,ONE_FACE,0.9427,"[72,36,173,221]"
Fake/3FZRXZGECZ.jpg,FAKE,1,ONE_FACE,0.9539,"[63,43,144,196]"
Fake/3G1V200SM8.jpg,FAKE,1,ONE_FACE,0.9407,"[66,39,152,216]"
Fake/3G231U0M6Z.jpg,FAKE,1,ONE_FACE,0.9465,"[66,51,138,182]"
Fake/3G2B24NYXG.jpg,FAKE,1,ONE_FACE,0.9464,"[56,39,143,192]"
Fake/3G453G8UKT.jpg,FAKE,1,ONE_FACE,0.9436,"[63,43,151,202]"
Fake/3G55PC5EWG.jpg,FAKE,1,ONE_FACE,0.9484,"[48,47,142,185]"
Fake/3G5YQ2HVUM.jpg,FAKE,1,ONE_FACE,0.9308,"[51,43,145,187]"
Fake/3G688TBK6T.jpg,FAKE,1,ONE_FACE,0.9435,"[42,54,146,192]"
Fake/3G6DMD5L8J.jpg,FAKE,1,ONE_FACE,0.9429,"[73,36,154,217]"
Fake/3G6HF4C5DQ.jpg,FAKE,1,ONE_FACE,0.9454,"[66,55,125,180]"
Fake/3G6MZSC4DA.jpg,FAKE,1,ONE_FACE,0.9383,"[55,50,140,187]"
Fake/3G6SQ5OTBU.jpg,FAKE,1,ONE_FACE,0.9458,"[52,45,143,188]"
Fake/3G6TI1GENF.jpg,FAKE,1,ONE_FACE,0.9451,"[61,48,131,172]"
Fake/3G8857YH8J.jpg,FAKE,1,ONE_FACE,0.9430,"[60,47,147,196]"
Fake/3G8BOKUETP.jpg,FAKE,1,ONE_FACE,0.9466,"[59,46,139,186]"
Fake/3G8MB0B1LV.jpg,FAKE,1,ONE_FACE,0.9387,"[54,50,139,181]"
Fake/3G8UA2LLOU.jpg,FAKE,1,ONE_FACE,0.9451,"[53,50,134,182]"
Fake/3G9GOD5QXK.jpg,FAKE,1,ONE_FACE,0.9428,"[70,32,163,215]"
Fake/3G9RBNGWD6.jpg,FAKE,1,ONE_FACE,0.9278,"[62,49,151,192]"
Fake/3GAF69GYEG.jpg,FAKE,1,ONE_FACE,0.9377,"[67,49,139,178]"
Fake/3GC5U94AU6.jpg,FAKE,1,ONE_FACE,0.9409,"[53,70,140,163]"
Fake/3GC8Q48S3X.jpg,FAKE,1,ONE_FACE,0.9461,"[57,56,130,166]"
Fake/3GCDG9HSG1.jpg,FAKE,1,ONE_FACE,0.9474,"[56,49,154,195]"
Fake/3GCV5XJO87.jpg,FAKE,1,ONE_FACE,0.9452,"[49,47,143,188]"
Fake/3GE41CEGHI.jpg,FAKE,1,ONE_FACE,0.9411,"[55,48,136,180]"
Fake/3GE8YEU3H2.jpg,FAKE,1,ONE_FACE,0.9379,"[47,46,139,184]"
Fake/3GEMMMHOAU.jpg,FAKE,1,ONE_FACE,0.9450,"[48,38,147,199]"
Fake/3GEPYQGWX7.jpg,FAKE,1,ONE_FACE,0.9392,"[79,34,149,209]"
Fake/3GH983LMNP.jpg,FAKE,1,ONE_FACE,0.9488,"[44,41,147,195]"
Fake/3GJBJ623I6.jpg,FAKE,1,ONE_FACE,0.9478,"[60,48,135,182]"
Fake/3GJEJU7SFC.jpg,FAKE,1,ONE_FACE,0.9445,"[61,44,143,199]"
Fake/3GJLBLC9KC.jpg,FAKE,1,ONE_FACE,0.9425,"[66,50,138,184]"
Fake/3GJND0ETHT.jpg,FAKE,1,ONE_FACE,0.9322,"[57,43,143,185]"
Fake/3GJOY3FZ5I.jpg,FAKE,1,ONE_FACE,0.9554,"[56,40,146,196]"
Fake/3GK75Q6QPC.jpg,FAKE,1,ONE_FACE,0.9489,"[54,39,145,203]"
Fake/3GKLLLBW29.jpg,FAKE,1,ONE_FACE,0.9409,"[56,43,143,191]"
Fake/3GKVSHPWPE.jpg,FAKE,1,ONE_FACE,0.9386,"[69,41,162,211]"
Fake/3GLZ0T80FZ.jpg,FAKE,1,ONE_FACE,0.9372,"[45,42,130,198]"
Fake/3GM03JS11Z.jpg,FAKE,1,ONE_FACE,0.9499,"[54,53,132,182]"
Fake/3GM24O240O.jpg,FAKE,1,ONE_FACE,0.9354,"[64,40,145,201]"
Fake/3GNS8NPHDE.jpg,FAKE,1,ONE_FACE,0.9433,"[56,35,143,195]"
Fake/3GNWHXYUYK.jpg,FAKE,1,ONE_FACE,0.9431,"[53,46,146,191]"
Fake/3GOCGQI12S.jpg,FAKE,1,ONE_FACE,0.9429,"[55,38,147,195]"
Fake/3GPA9KYX90.jpg,FAKE,1,ONE_FACE,0.9476,"[70,47,149,196]"
Fake/3GPUEWW6B9.jpg,FAKE,1,ONE_FACE,0.9499,"[71,35,158,214]"
Fake/3GQ3797I6R.jpg,FAKE,1,ONE_FACE,0.9351,"[60,51,149,195]"
Fake/3GQC030GLN.jpg,FAKE,1,ONE_FACE,0.9414,"[51,44,136,191]"
Fake/3GQDE0AS50.jpg,FAKE,1,ONE_FACE,0.9480,"[53,38,141,195]"
Fake/3GQMKQ12VH.jpg,FAKE,1,ONE_FACE,0.9454,"[71,44,144,187]"
Fake/3GQZAH3IF3.jpg,FAKE,1,ONE_FACE,0.9448,"[56,56,142,181]"
Fake/3GS4HU8VB0.jpg,FAKE,1,ONE_FACE,0.9488,"[47,38,152,206]"
Fake/3GVPIH5HNW.jpg,FAKE,1,ONE_FACE,0.9512,"[45,45,145,193]"
Fake/3GVR1XMM84.jpg,FAKE,1,ONE_FACE,0.9481,"[71,37,156,202]"
Fake/3GXR4M3KZE.jpg,FAKE,1,ONE_FACE,0.9442,"[51,44,145,194]"
Fake/3GYNVVV6VV.jpg,FAKE,1,ONE_FACE,0.9509,"[60,46,140,195]"
Fake/3GYQNSC7AQ.jpg,FAKE,1,ONE_FACE,0.9420,"[40,36,151,205]"
Fake/3GZ2T7OKY4.jpg,FAKE,1,ONE_FACE,0.9383,"[52,52,138,170]"
Fake/3H1U60MAU4.jpg,FAKE,1,ONE_FACE,0.9474,"[41,41,144,201]"
Fake/3H2II77EMO.jpg,FAKE,1,ONE_FACE,0.9378,"[70,43,151,190]"
Fake/3H2P8RPMGZ.jpg,FAKE,1,ONE_FACE,0.9462,"[56,48,140,175]"
Fake/3H482QDXFC.jpg,FAKE,1,ONE_FACE,0.9473,"[58,40,148,191]"
Fake/3H5LUV2X41.jpg,FAKE,1,ONE_FACE,0.9361,"[48,41,143,189]"
Fake/3H5Q3MKMB7.jpg,FAKE,1,ONE_FACE,0.9408,"[76,33,156,215]"
Fake/3H5X5BQIIO.jpg,FAKE,1,ONE_FACE,0.9452,"[57,48,138,182]"
Fake/3H6FMZJP83.jpg,FAKE,1,ONE_FACE,0.9442,"[58,43,136,190]"
Fake/3H7DYVV4NM.jpg,FAKE,1,ONE_FACE,0.9450,"[53,40,155,214]"
Fake/3H7FZ7HDYX.jpg,FAKE,1,ONE_FACE,0.9411,"[46,46,149,190]"
Fake/3H7ZG8KAEF.jpg,FAKE,1,ONE_FACE,0.9446,"[55,39,138,194]"
Fake/3HBAI0Z3UP.jpg,FAKE,1,ONE_FACE,0.9363,"[67,42,138,189]"
Fake/3HBB275YK4.jpg,FAKE,1,ONE_FACE,0.9378,"[36,45,146,198]"
Fake/3HE9903K8P.jpg,FAKE,1,ONE_FACE,0.9458,"[43,40,155,201]"
Fake/3HEQETRWSR.jpg,FAKE,1,ONE_FACE,0.9386,"[58,52,142,181]"
Fake/3HFLWBAM0W.jpg,FAKE,1,ONE_FACE,0.9472,"[64,56,133,179]"
Fake/3HG0IDYQEE.jpg,FAKE,1,ONE_FACE,0.9439,"[44,44,143,201]"
Fake/3HJ4TRF55Z.jpg,FAKE,1,ONE_FACE,0.9508,"[56,43,137,194]"
Fake/3HK59VWSES.jpg,FAKE,1,ONE_FACE,0.9393,"[70,42,140,214]"
Fake/3HLA31NQ8L.jpg,FAKE,1,ONE_FACE,0.9448,"[48,44,145,188]"
Fake/3HLV3PAFIM.jpg,FAKE,1,ONE_FACE,0.9347,"[68,46,134,172]"
Fake/3HN5A1ZYGL.jpg,FAKE,1,ONE_FACE,0.9380,"[34,43,154,199]"
Fake/3HNHHXN5XG.jpg,FAKE,1,ONE_FACE,0.9417,"[37,41,151,199]"
Fake/3HOE67FEHM.jpg,FAKE,1,ONE_FACE,0.9435,"[58,54,130,167]"
Fake/3HUJIP7YB3.jpg,FAKE,1,ONE_FACE,0.9518,"[54,41,144,198]"
Fake/3HUV2Q4X1I.jpg,FAKE,1,ONE_FACE,0.9419,"[59,44,150,198]"
Fake/3HV2AKB5PO.jpg,FAKE,1,ONE_FACE,0.9469,"[58,40,146,189]"
Fake/3HV2DU0PDU.jpg,FAKE,1,ONE_FACE,0.9435,"[59,42,142,191]"
Fake/3HV7QWL60E.jpg,FAKE,1,ONE_FACE,0.9444,"[52,49,136,181]"
Fake/3HVY18KLR7.jpg,FAKE,1,ONE_FACE,0.9461,"[56,47,138,188]"
Fake/3HWSDA960R.jpg,FAKE,1,ONE_FACE,0.9516,"[58,52,142,187]"
Fake/3HX7RQELRJ.jpg,FAKE,1,ONE_FACE,0.9516,"[58,41,142,197]"
Fake/3HY00J4ZV3.jpg,FAKE,1,ONE_FACE,0.9479,"[50,40,143,196]"
Fake/3HYNVTAGLG.jpg,FAKE,1,ONE_FACE,0.9341,"[72,32,160,214]"
Fake/3HZ0UQ2RZ9.jpg,FAKE,1,ONE_FACE,0.9388,"[60,54,134,171]"
Fake/3I1G4ZC5LZ.jpg,FAKE,1,ONE_FACE,0.9436,"[58,44,149,198]"
Fake/3I2YPSQ1ZI.jpg,FAKE,1,ONE_FACE,0.9426,"[55,48,144,199]"
Fake/3I3OWZYH9J.jpg,FAKE,1,ONE_FACE,0.9469,"[44,38,149,199]"
Fake/3I434GPJ1V.jpg,FAKE,1,ONE_FACE,0.9378,"[71,48,139,191]"
Fake/3I4V7R2QOA.jpg,FAKE,1,ONE_FACE,0.9434,"[71,42,154,201]"
Fake/3I5KQKC69N.jpg,FAKE,1,ONE_FACE,0.9496,"[33,48,162,194]"
Fake/3I5XU9UKYY.jpg,FAKE,1,ONE_FACE,0.9450,"[49,37,147,197]"
Fake/3I8BXGQGAI.jpg,FAKE,1,ONE_FACE,0.9366,"[42,53,146,185]"
Fake/3IA32997DL.jpg,FAKE,1,ONE_FACE,0.9453,"[57,42,139,192]"
Fake/3IA8NI7P9A.jpg,FAKE,1,ONE_FACE,0.9432,"[36,54,157,187]"
Fake/3IALNRV5GY.jpg,FAKE,1,ONE_FACE,0.9480,"[61,52,143,187]"
Fake/3IB82YH8F7.jpg,FAKE,1,ONE_FACE,0.9432,"[48,42,145,192]"
Fake/3IBMHFJXBS.jpg,FAKE,1,ONE_FACE,0.9464,"[56,42,142,173]"
Fake/3IBMQBJ7DS.jpg,FAKE,1,ONE_FACE,0.9437,"[44,40,151,198]"
Fake/3IECYKRREA.jpg,FAKE,1,ONE_FACE,0.9400,"[58,47,140,173]"
Fake/3IFH62KWCG.jpg,FAKE,1,ONE_FACE,0.9396,"[59,41,138,190]"
Fake/3IH3T06G3Z.jpg,FAKE,1,ONE_FACE,0.9427,"[35,45,142,191]"
Fake/3IHAKJLPOT.jpg,FAKE,1,ONE_FACE,0.9406,"[55,44,144,189]"
Fake/3IKAOJPGA0.jpg,FAKE,1,ONE_FACE,0.9424,"[68,50,134,169]"
Fake/3IKG01USOB.jpg,FAKE,1,ONE_FACE,0.9476,"[61,43,142,195]"
Fake/3IKM2T3V94.jpg,FAKE,1,ONE_FACE,0.9434,"[58,51,140,182]"
Fake/3INLO142I8.jpg,FAKE,1,ONE_FACE,0.9439,"[38,39,146,207]"
Fake/3INO1L976H.jpg,FAKE,1,ONE_FACE,0.9405,"[55,48,139,183]"
Fake/3IO2VC49AL.jpg,FAKE,1,ONE_FACE,0.9468,"[46,44,140,190]"
Fake/3IO8PHKWS7.jpg,FAKE,1,ONE_FACE,0.9517,"[56,56,139,184]"
Fake/3IOEA7OR3T.jpg,FAKE,1,ONE_FACE,0.9390,"[60,48,138,188]"
Fake/3IP6CF906Y.jpg,FAKE,1,ONE_FACE,0.9413,"[62,56,137,183]"
Fake/3IPWU9G5YW.jpg,FAKE,1,ONE_FACE,0.9407,"[40,36,150,203]"
Fake/3IQHV6H6GC.jpg,FAKE,1,ONE_FACE,0.9294,"[71,43,136,195]"
Fake/3IQJ7YA2W1.jpg,FAKE,1,ONE_FACE,0.9510,"[63,58,133,171]"
Fake/3IQTRPYZ4B.jpg,FAKE,1,ONE_FACE,0.9507,"[52,38,154,201]"
Fake/3IRFAZYSYE.jpg,FAKE,1,ONE_FACE,0.9326,"[38,29,152,226]"
Fake/3IRO24VPDY.jpg,FAKE,1,ONE_FACE,0.9417,"[62,37,152,202]"
Fake/3IRP68R9SV.jpg,FAKE,1,ONE_FACE,0.9391,"[63,43,131,187]"
Fake/3ISOQGEV6U.jpg,FAKE,1,ONE_FACE,0.9455,"[58,41,146,198]"
Fake/3ITTNSVC2E.jpg,FAKE,1,ONE_FACE,0.9522,"[59,43,143,198]"
Fake/3IW54K7RKL.jpg,FAKE,1,ONE_FACE,0.9326,"[43,32,147,222]"
Fake/3IWWHWYSY1.jpg,FAKE,1,ONE_FACE,0.9453,"[58,44,152,200]"
Fake/3IXD9NAKPV.jpg,FAKE,1,ONE_FACE,0.9413,"[38,49,157,183]"
Fake/3J07HGRFD6.jpg,FAKE,1,ONE_FACE,0.9460,"[57,49,133,179]"
Fake/3J1FOK3JD6.jpg,FAKE,1,ONE_FACE,0.9276,"[60,37,143,191]"
Fake/3J1J1HHCCE.jpg,FAKE,1,ONE_FACE,0.9462,"[51,58,151,185]"
Fake/3J321C0HGP.jpg,FAKE,1,ONE_FACE,0.9480,"[72,33,158,210]"
Fake/3J33PIM1QT.jpg,FAKE,1,ONE_FACE,0.9353,"[60,50,141,180]"
Fake/3J4P0SDJ70.jpg,FAKE,1,ONE_FACE,0.9459,"[61,53,137,183]"
Fake/3J4ZJ5KSZB.jpg,FAKE,1,ONE_FACE,0.9513,"[57,57,143,177]"
Fake/3J6UQU1DOK.jpg,FAKE,1,ONE_FACE,0.9514,"[50,33,150,214]"
Fake/3J7RN6PSTU.jpg,FAKE,1,ONE_FACE,0.9465,"[60,40,144,206]"
Fake/3J7WLP4BGO.jpg,FAKE,1,ONE_FACE,0.9424,"[62,57,131,168]"
Fake/3J7WRW20PE.jpg,FAKE,1,ONE_FACE,0.9491,"[47,39,144,196]"
Fake/3J87ZU9T9R.jpg,FAKE,1,ONE_FACE,0.9439,"[59,41,147,205]"
Fake/3J8TMX9CL4.jpg,FAKE,1,ONE_FACE,0.9407,"[59,48,134,195]"
Fake/3J9A0TW42F.jpg,FAKE,1,ONE_FACE,0.9362,"[45,48,143,185]"
Fake/3JAPJ1YRY9.jpg,FAKE,1,ONE_FACE,0.9340,"[51,37,136,181]"
Fake/3JC0CTQAMJ.jpg,FAKE,1,ONE_FACE,0.9293,"[74,57,152,179]"
Fake/3JDMH9VQM8.jpg,FAKE,1,ONE_FACE,0.9468,"[68,39,140,191]"
Fake/3JEQGNWJTJ.jpg,FAKE,1,ONE_FACE,0.9389,"[56,49,145,179]"
Fake/3JFC0BA3SJ.jpg,FAKE,1,ONE_FACE,0.9509,"[63,51,143,188]"
Fake/3JIA7PRFP6.jpg,FAKE,1,ONE_FACE,0.9516,"[61,46,140,192]"
Fake/3JIN1DF96G.jpg,FAKE,1,ONE_FACE,0.9393,"[48,37,152,205]"
Fake/3JINFW5D91.jpg,FAKE,1,ONE_FACE,0.9477,"[60,47,146,187]"
Fake/3JINXL2L3N.jpg,FAKE,1,ONE_FACE,0.9464,"[49,44,143,185]"
Fake/fake_100_aug_0.jpg,FAKE,1,ONE_FACE,0.9466,"[59,52,172,217]"
Fake/fake_100_aug_1.jpg,FAKE,1,ONE_FACE,0.8934,"[86,55,179,208]"
Fake/fake_100_aug_2.jpg,FAKE,1,ONE_FACE,0.8966,"[92,52,188,205]"
Fake/fake_100_aug_3.jpg,FAKE,1,ONE_FACE,0.9470,"[54,49,171,209]"
Fake/fake_100_aug_4.jpg,FAKE,1,ONE_FACE,0.9482,"[1,9,160,218]"
Fake/fake_101_aug_0.jpg,FAKE,1,ONE_FACE,0.9096,"[44,4,169,222]"
Fake/fake_101_aug_1.jpg,FAKE,1,ONE_FACE,0.8717,"[59,56,195,210]"
Fake/fake_101_aug_2.jpg,FAKE,1,ONE_FACE,0.8927,"[87,44,161,221]"
Fake/fake_101_aug_3.jpg,FAKE,1,ONE_FACE,0.9146,"[36,18,171,217]"
Fake/fake_101_aug_4.jpg,FAKE,1,ONE_FACE,0.8941,"[89,49,163,204]"
Fake/fake_102_aug_0.jpg,FAKE,1,ONE_FACE,0.8973,"[15,59,180,222]"
Fake/fake_102_aug_1.jpg,FAKE,1,ONE_FACE,0.8976,"[122,34,161,225]"
Fake/fake_102_aug_2.jpg,FAKE,1,ONE_FACE,0.9565,"[56,59,176,242]"
Fake/fake_102_aug_3.jpg,FAKE,1,ONE_FACE,0.9533,"[51,22,173,233]"
Fake/fake_102_aug_4.jpg,FAKE,1,ONE_FACE,0.9162,"[70,29,169,222]"
Fake/fake_103_aug_0.jpg,FAKE,1,ONE_FACE,0.9442,"[58,87,169,215]"
Fake/fake_103_aug_1.jpg,FAKE,1,ONE_FACE,0.9030,"[58,20,175,200]"
Fake/fake_103_aug_2.jpg,FAKE,1,ONE_FACE,0.8649,"[49,48,180,205]"
Fake/fake_103_aug_3.jpg,FAKE,1,ONE_FACE,0.8868,"[77,30,180,192]"
Fake/fake_103_aug_4.jpg,FAKE,1,ONE_FACE,0.9494,"[68,7,168,215]"
Fake/fake_104_aug_0.jpg,FAKE,1,ONE_FACE,0.8652,"[56,28,184,250]"
Fake/fake_104_aug_1.jpg,FAKE,1,ONE_FACE,0.8652,"[56,28,184,250]"
Fake/fake_104_aug_2.jpg,FAKE,1,ONE_FACE,0.8666,"[0,23,169,205]"
Fake/fake_104_aug_3.jpg,FAKE,1,ONE_FACE,0.8622,"[52,50,208,262]"
Fake/fake_104_aug_4.jpg,FAKE,1,ONE_FACE,0.8753,"[30,28,192,242]"
Fake/fake_105_aug_0.jpg,FAKE,1,ONE_FACE,0.9433,"[68,66,163,207]"
Fake/fake_105_aug_1.jpg,FAKE,1,ONE_FACE,0.8613,"[63,19,175,164]"
Fake/fake_105_aug_2.jpg,FAKE,1,ONE_FACE,0.8156,"[70,22,155,199]"
Fake/fake_105_aug_3.jpg,FAKE,1,ONE_FACE,0.9416,"[14,36,168,219]"
Fake/fake_105_aug_4.jpg,FAKE,1,ONE_FACE,0.9451,"[63,61,161,218]"
Fake/fake_106_aug_0.jpg,FAKE,1,ONE_FACE,0.8791,"[24,12,168,213]"
Fake/fake_106_aug_1.jpg,FAKE,1,ONE_FACE,0.8748,"[49,54,171,220]"
Fake/fake_106_aug_2.jpg,FAKE,1,ONE_FACE,0.8771,"[49,12,169,213]"
Fake/fake_106_aug_3.jpg,FAKE,1,ONE_FACE,0.9429,"[5,21,165,222]"
Fake/fake_106_aug_4.jpg,FAKE,1,ONE_FACE,0.9536,"[55,40,170,229]"
Fake/fake_107_aug_0.jpg,FAKE,1,ONE_FACE,0.9516,"[39,21,167,214]"
Fake/fake_107_aug_1.jpg,FAKE,1,ONE_FACE,0.8702,"[17,2,191,169]"
Fake/fake_107_aug_2.jpg,FAKE,1,ONE_FACE,0.9351,"[115,97,180,223]"
Fake/fake_107_aug_3.jpg,FAKE,1,ONE_FACE,0.9454,"[72,67,170,226]"
Fake/fake_107_aug_4.jpg,FAKE,1,ONE_FACE,0.8422,"[28,27,182,215]"
Fake/fake_108_aug_0.jpg,FAKE,1,ONE_FACE,0.8828,"[64,51,186,187]"
Fake/fake_108_aug_1.jpg,FAKE,1,ONE_FACE,0.9585,"[41,30,169,231]"
Fake/fake_108_aug_2.jpg,FAKE,1,ONE_FACE,0.9501,"[0,3,184,190]"
Fake/fake_108_aug_3.jpg,FAKE,1,ONE_FACE,0.9436,"[39,19,185,237]"
Fake/fake_108_aug_4.jpg,FAKE,1,ONE_FACE,0.8993,"[18,54,179,212]"
Fake/fake_109_aug_0.jpg,FAKE,1,ONE_FACE,0.9370,"[52,44,171,222]"
Fake/fake_109_aug_1.jpg,FAKE,1,ONE_FACE,0.8880,"[18,14,184,249]"
Fake/fake_109_aug_2.jpg,FAKE,1,ONE_FACE,0.8835,"[76,58,195,236]"
Fake/fake_109_aug_3.jpg,FAKE,1,ONE_FACE,0.9241,"[62,50,166,215]"
Fake/fake_109_aug_4.jpg,FAKE,1,ONE_FACE,0.8610,"[56,31,186,207]"
Fake/fake_10_aug_0.jpg,FAKE,1,ONE_FACE,0.8750,"[65,48,186,212]"
Fake/fake_10_aug_1.jpg,FAKE,1,ONE_FACE,0.9118,"[13,15,191,233]"
Fake/fake_10_aug_2.jpg,FAKE,1,ONE_FACE,0.9514,"[26,19,185,247]"
Fake/fake_10_aug_3.jpg,FAKE,1,ONE_FACE,0.9093,"[44,28,187,248]"
Fake/fake_10_aug_4.jpg,FAKE,1,ONE_FACE,0.8943,"[5,13,172,253]"
Fake/fake_110_aug_0.jpg,FAKE,1,ONE_FACE,0.9460,"[90,110,164,200]"
Fake/fake_110_aug_1.jpg,FAKE,1,ONE_FACE,0.8901,"[48,55,198,227]"
Fake/fake_110_aug_2.jpg,FAKE,1,ONE_FACE,0.9502,"[70,66,165,205]"
Fake/fake_110_aug_3.jpg,FAKE,1,ONE_FACE,0.9067,"[86,23,167,216]"
Fake/fake_110_aug_4.jpg,FAKE,1,ONE_FACE,0.9067,"[29,32,190,200]"
Fake/fake_111_aug_0.jpg,FAKE,1,ONE_FACE,0.8304,"[27,27,170,173]"
Fake/fake_111_aug_1.jpg,FAKE,1,ONE_FACE,0.8302,"[26,30,178,204]"
Fake/fake_111_aug_2.jpg,FAKE,1,ONE_FACE,0.9434,"[54,55,159,208]"
Fake/fake_111_aug_3.jpg,FAKE,1,ONE_FACE,0.9386,"[69,114,160,191]"
Fake/fake_111_aug_4.jpg,FAKE,1,ONE_FACE,0.8836,"[28,8,185,196]"
Fake/fake_112_aug_0.jpg,FAKE,1,ONE_FACE,0.8953,"[2,1,176,188]"
Fake/fake_112_aug_1.jpg,FAKE,1,ONE_FACE,0.8502,"[13,20,198,215]"
Fake/fake_112_aug_2.jpg,FAKE,1,ONE_FACE,0.9106,"[76,5,191,192]"
Fake/fake_112_aug_3.jpg,FAKE,1,ONE_FACE,0.9296,"[29,26,169,213]"
Fake/fake_112_aug_4.jpg,FAKE,1,ONE_FACE,0.9428,"[16,32,184,234]"
Fake/fake_113_aug_0.jpg,FAKE,1,ONE_FACE,0.8684,"[66,12,203,215]"
Fake/fake_113_aug_1.jpg,FAKE,1,ONE_FACE,0.9440,"[35,34,190,237]"
Fake/fake_113_aug_2.jpg,FAKE,1,ONE_FACE,0.9456,"[83,8,165,225]"
Fake/fake_113_aug_3.jpg,FAKE,1,ONE_FACE,0.9481,"[25,34,178,231]"
Fake/fake_113_aug_4.jpg,FAKE,1,ONE_FACE,0.9473,"[52,24,184,227]"
Fake/fake_114_aug_0.jpg,FAKE,1,ONE_FACE,0.9582,"[78,12,171,237]"
Fake/fake_114_aug_1.jpg,FAKE,1,ONE_FACE,0.9106,"[44,21,180,208]"
Fake/fake_114_aug_2.jpg,FAKE,1,ONE_FACE,0.9082,"[52,66,178,216]"
Fake/fake_114_aug_3.jpg,FAKE,1,ONE_FACE,0.9523,"[47,15,164,229]"
Fake/fake_114_aug_4.jpg,FAKE,1,ONE_FACE,0.8961,"[87,38,168,215]"
Fake/fake_115_aug_0.jpg,FAKE,1,ONE_FACE,0.8744,"[44,5,191,242]"
Fake/fake_115_aug_1.jpg,FAKE,1,ONE_FACE,0.9430,"[45,45,168,202]"
Fake/fake_115_aug_2.jpg,FAKE,1,ONE_FACE,0.9492,"[86,89,166,207]"
Fake/fake_115_aug_3.jpg,FAKE,1,ONE_FACE,0.8011,"[19,21,180,177]"
Fake/fake_115_aug_4.jpg,FAKE,1,ONE_FACE,0.8363,"[85,4,207,195]"
Fake/fake_116_aug_0.jpg,FAKE,1,ONE_FACE,0.8300,"[28,9,219,275]"
Fake/fake_116_aug_1.jpg,FAKE,1,ONE_FACE,0.9332,"[72,92,182,216]"
Fake/fake_116_aug_2.jpg,FAKE,1,ONE_FACE,0.9507,"[44,40,172,237]"
Fake/fake_116_aug_3.jpg,FAKE,1,ONE_FACE,0.9463,"[13,1,181,219]"
Fake/fake_116_aug_4.jpg,FAKE,1,ONE_FACE,0.8531,"[33,-2,207,219]"
Fake/fake_117_aug_0.jpg,FAKE,1,ONE_FACE,0.8401,"[54,27,183,225]"
Fake/fake_117_aug_1.jpg,FAKE,1,ONE_FACE,0.8910,"[63,36,164,218]"
Fake/fake_117_aug_2.jpg,FAKE,1,ONE_FACE,0.9525,"[80,2,160,236]"
Fake/fake_117_aug_3.jpg,FAKE,1,ONE_FACE,0.9554,"[65,-1,162,231]"
Fake/fake_117_aug_4.jpg,FAKE,1,ONE_FACE,0.8788,"[96,53,171,205]"
Fake/fake_118_aug_0.jpg,FAKE,1,ONE_FACE,0.9399,"[75,35,163,232]"
Fake/fake_118_aug_1.jpg,FAKE,1,ONE_FACE,0.8157,"[56,10,195,215]"
Fake/fake_118_aug_2.jpg,FAKE,1,ONE_FACE,0.7764,"[65,15,167,212]"
Fake/fake_118_aug_3.jpg,FAKE,1,ONE_FACE,0.9377,"[24,30,160,221]"
Fake/fake_118_aug_4.jpg,FAKE,1,ONE_FACE,0.9362,"[112,81,166,239]"
Fake/fake_119_aug_0.jpg,FAKE,1,ONE_FACE,0.8801,"[36,23,190,213]"
Fake/fake_119_aug_1.jpg,FAKE,1,ONE_FACE,0.9378,"[10,55,172,207]"
Fake/fake_119_aug_2.jpg,FAKE,1,ONE_FACE,0.9457,"[82,59,176,213]"
Fake/fake_119_aug_3.jpg,FAKE,1,ONE_FACE,0.8841,"[24,6,201,210]"
Fake/fake_119_aug_4.jpg,FAKE,1,ONE_FACE,0.8886,"[6,6,186,220]"
Fake/fake_11_aug_0.jpg,FAKE,1,ONE_FACE,0.8385,"[1,28,190,203]"
Fake/fake_11_aug_1.jpg,FAKE,1,ONE_FACE,0.8822,"[64,11,190,202]"
Fake/fake_11_aug_2.jpg,FAKE,1,ONE_FACE,0.9403,"[38,58,200,220]"
Fake/fake_11_aug_3.jpg,FAKE,1,ONE_FACE,0.8784,"[61,20,196,201]"
Fake/fake_11_aug_4.jpg,FAKE,1,ONE_FACE,0.9557,"[9,19,186,225]"
Fake/fake_120_aug_0.jpg,FAKE,1,ONE_FACE,0.8801,"[26,7,207,202]"
Fake/fake_120_aug_1.jpg,FAKE,1,ONE_FACE,0.9410,"[71,20,180,224]"
Fake/fake_120_aug_2.jpg,FAKE,1,ONE_FACE,0.8789,"[11,2,201,199]"
Fake/fake_120_aug_3.jpg,FAKE,1,ONE_FACE,0.9356,"[93,71,173,228]"
Fake/fake_120_aug_4.jpg,FAKE,1,ONE_FACE,0.8894,"[35,19,195,233]"
Fake/fake_121_aug_0.jpg,FAKE,1,ONE_FACE,0.8932,"[65,42,190,215]"
Fake/fake_121_aug_1.jpg,FAKE,1,ONE_FACE,0.9499,"[35,91,169,211]"
Fake/fake_121_aug_2.jpg,FAKE,1,ONE_FACE,0.9458,"[99,12,178,220]"
Fake/fake_121_aug_3.jpg,FAKE,1,ONE_FACE,0.8978,"[19,55,173,200]"
Fake/fake_121_aug_4.jpg,FAKE,1,ONE_FACE,0.9450,"[37,34,169,211]"
Fake/fake_122_aug_0.jpg,FAKE,1,ONE_FACE,0.9119,"[61,50,180,233]"
Fake/fake_122_aug_1.jpg,FAKE,1,ONE_FACE,0.9487,"[6,58,161,208]"
Fake/fake_122_aug_2.jpg,FAKE,1,ONE_FACE,0.9546,"[79,19,176,220]"
Fake/fake_122_aug_3.jpg,FAKE,1,ONE_FACE,0.9351,"[14,25,186,217]"
Fake/fake_122_aug_4.jpg,FAKE,1,ONE_FACE,0.8768,"[12,41,178,215]"
Fake/fake_123_aug_0.jpg,FAKE,1,ONE_FACE,0.9502,"[59,48,165,250]"
Fake/fake_123_aug_1.jpg,FAKE,1,ONE_FACE,0.8975,"[81,65,174,234]"
Fake/fake_123_aug_2.jpg,FAKE,1,ONE_FACE,0.8873,"[65,28,192,232]"
Fake/fake_123_aug_3.jpg,FAKE,1,ONE_FACE,0.9518,"[77,48,166,240]"
Fake/fake_123_aug_4.jpg,FAKE,1,ONE_FACE,0.8895,"[87,60,175,213]"
Fake/fake_124_aug_0.jpg,FAKE,1,ONE_FACE,0.9425,"[55,39,180,237]"
Fake/fake_124_aug_1.jpg,FAKE,1,ONE_FACE,0.8933,"[23,45,177,228]"
Fake/fake_124_aug_2.jpg,FAKE,1,ONE_FACE,0.9423,"[50,56,176,232]"
Fake/fake_124_aug_3.jpg,FAKE,1,ONE_FACE,0.9374,"[33,75,173,236]"
Fake/fake_124_aug_4.jpg,FAKE,1,ONE_FACE,0.9425,"[42,49,188,239]"
Fake/fake_125_aug_0.jpg,FAKE,1,ONE_FACE,0.8965,"[41,5,166,187]"
Fake/fake_125_aug_1.jpg,FAKE,1,ONE_FACE,0.8873,"[46,15,169,206]"
Fake/fake_125_aug_2.jpg,FAKE,1,ONE_FACE,0.9502,"[59,42,166,235]"
Fake/fake_125_aug_3.jpg,FAKE,1,ONE_FACE,0.9097,"[125,39,168,232]"
Fake/fake_125_aug_4.jpg,FAKE,1,ONE_FACE,0.9519,"[48,7,172,236]"
Fake/fake_126_aug_0.jpg,FAKE,1,ONE_FACE,0.8412,"[46,20,165,184]"
Fake/fake_126_aug_1.jpg,FAKE,1,ONE_FACE,0.8639,"[50,6,189,199]"
Fake/fake_126_aug_2.jpg,FAKE,1,ONE_FACE,0.9246,"[61,53,174,216]"
Fake/fake_126_aug_3.jpg,FAKE,1,ONE_FACE,0.9415,"[56,70,169,207]"
Fake/fake_126_aug_4.jpg,FAKE,1,ONE_FACE,0.9425,"[71,32,166,200]"
Fake/fake_127_aug_0.jpg,FAKE,1,ONE_FACE,0.8972,"[54,16,179,228]"
Fake/fake_127_aug_1.jpg,FAKE,1,ONE_FACE,0.8916,"[90,77,170,199]"
Fake/fake_127_aug_2.jpg,FAKE,1,ONE_FACE,0.9381,"[67,52,161,204]"
Fake/fake_127_aug_3.jpg,FAKE,1,ONE_FACE,0.9442,"[52,37,166,209]"
Fake/fake_127_aug_4.jpg,FAKE,1,ONE_FACE,0.8842,"[45,17,167,215]"
Fake/fake_128_aug_0.jpg,FAKE,1,ONE_FACE,0.9541,"[60,45,183,244]"
Fake/fake_128_aug_1.jpg,FAKE,1,ONE_FACE,0.9118,"[42,20,182,219]"
Fake/fake_128_aug_2.jpg,FAKE,1,ONE_FACE,0.9544,"[32,20,176,230]"
Fake/fake_128_aug_3.jpg,FAKE,1,ONE_FACE,0.9188,"[57,22,172,234]"
Fake/fake_128_aug_4.jpg,FAKE,1,ONE_FACE,0.9082,"[81,50,184,235]"
Fake/fake_129_aug_0.jpg,FAKE,1,ONE_FACE,0.9093,"[11,7,187,215]"
Fake/fake_129_aug_1.jpg,FAKE,1,ONE_FACE,0.9488,"[81,46,181,233]"
Fake/fake_129_aug_2.jpg,FAKE,1,ONE_FACE,0.9518,"[76,42,186,231]"
Fake/fake_129_aug_3.jpg,FAKE,1,ONE_FACE,0.9025,"[45,63,178,205]"
Fake/fake_129_aug_4.jpg,FAKE,1,ONE_FACE,0.9508,"[73,27,178,236]"
Fake/fake_12_aug_0.jpg,FAKE,1,ONE_FACE,0.9499,"[84,82,153,220]"
Fake/fake_12_aug_1.jpg,FAKE,1,ONE_FACE,0.8841,"[129,30,168,186]"
Fake/fake_12_aug_2.jpg,FAKE,1,ONE_FACE,0.9444,"[67,53,157,218]"
Fake/fake_12_aug_3.jpg,FAKE,1,ONE_FACE,0.9482,"[97,82,156,219]"
Fake/fake_12_aug_4.jpg,FAKE,1,ONE_FACE,0.9491,"[76,54,150,225]"
Fake/fake_130_aug_0.jpg,FAKE,1,ONE_FACE,0.8913,"[65,44,198,198]"
Fake/fake_130_aug_1.jpg,FAKE,1,ONE_FACE,0.8878,"[60,50,172,203]"
Fake/fake_130_aug_2.jpg,FAKE,1,ONE_FACE,0.9496,"[59,105,170,209]"
Fake/fake_130_aug_3.jpg,FAKE,1,ONE_FACE,0.8795,"[41,26,168,188]"
Fake/fake_130_aug_4.jpg,FAKE,1,ONE_FACE,0.8830,"[66,34,170,205]"
Fake/fake_131_aug_0.jpg,FAKE,1,ONE_FACE,0.9483,"[71,92,170,222]"
Fake/fake_131_aug_1.jpg,FAKE,1,ONE_FACE,0.9536,"[98,8,164,228]"
Fake/fake_131_aug_2.jpg,FAKE,1,ONE_FACE,0.8693,"[112,22,190,225]"
Fake/fake_131_aug_3.jpg,FAKE,1,ONE_FACE,0.8777,"[42,27,188,225]"
Fake/fake_131_aug_4.jpg,FAKE,1,ONE_FACE,0.9528,"[53,59,177,227]"
Fake/fake_132_aug_0.jpg,FAKE,1,ONE_FACE,0.9522,"[59,36,158,234]"
Fake/fake_132_aug_1.jpg,FAKE,1,ONE_FACE,0.9528,"[29,35,168,216]"
Fake/fake_132_aug_2.jpg,FAKE,1,ONE_FACE,0.9566,"[4,10,160,231]"
Fake/fake_132_aug_3.jpg,FAKE,1,ONE_FACE,0.8748,"[22,-2,186,237]"
Fake/fake_132_aug_4.jpg,FAKE,1,ONE_FACE,0.9063,"[84,0,178,190]"
Fake/fake_133_aug_0.jpg,FAKE,1,ONE_FACE,0.9470,"[19,91,174,204]"
Fake/fake_133_aug_1.jpg,FAKE,1,ONE_FACE,0.9151,"[17,8,182,180]"
Fake/fake_133_aug_2.jpg,FAKE,1,ONE_FACE,0.9512,"[35,64,162,216]"
Fake/fake_133_aug_3.jpg,FAKE,1,ONE_FACE,0.9090,"[23,15,172,195]"
Fake/fake_133_aug_4.jpg,FAKE,1,ONE_FACE,0.9004,"[3,11,175,182]"
Fake/fake_134_aug_0.jpg,FAKE,1,ONE_FACE,0.9374,"[76,58,192,215]"
Fake/fake_134_aug_1.jpg,FAKE,1,ONE_FACE,0.9460,"[45,46,184,215]"
Fake/fake_134_aug_2.jpg,FAKE,1,ONE_FACE,0.9481,"[77,81,177,213]"
Fake/fake_134_aug_3.jpg,FAKE,1,ONE_FACE,0.8853,"[73,54,196,228]"
Fake/fake_134_aug_4.jpg,FAKE,1,ONE_FACE,0.9346,"[62,40,180,210]"
Fake/fake_135_aug_0.jpg,FAKE,1,ONE_FACE,0.9550,"[103,2,158,212]"
Fake/fake_135_aug_1.jpg,FAKE,1,ONE_FACE,0.9123,"[55,0,153,177]"
Fake/fake_135_aug_2.jpg,FAKE,1,ONE_FACE,0.8981,"[86,67,150,184]"
Fake/fake_135_aug_3.jpg,FAKE,1,ONE_FACE,0.9001,"[85,84,148,179]"
Fake/fake_135_aug_4.jpg,FAKE,1,ONE_FACE,0.9389,"[23,108,157,202]"
Fake/fake_136_aug_0.jpg,FAKE,1,ONE_FACE,0.9463,"[72,84,161,215]"
Fake/fake_136_aug_1.jpg,FAKE,1,ONE_FACE,0.9089,"[58,31,173,200]"
Fake/fake_136_aug_2.jpg,FAKE,1,ONE_FACE,0.8869,"[31,65,185,206]"
Fake/fake_136_aug_3.jpg,FAKE,1,ONE_FACE,0.9486,"[68,99,168,220]"
Fake/fake_136_aug_4.jpg,FAKE,1,ONE_FACE,0.9536,"[55,38,169,216]"
Fake/fake_137_aug_0.jpg,FAKE,1,ONE_FACE,0.9008,"[94,90,192,215]"
Fake/fake_137_aug_1.jpg,FAKE,1,ONE_FACE,0.9055,"[36,13,178,217]"
Fake/fake_137_aug_2.jpg,FAKE,1,ONE_FACE,0.9463,"[92,81,167,226]"
Fake/fake_137_aug_3.jpg,FAKE,1,ONE_FACE,0.9017,"[9,13,182,233]"
Fake/fake_137_aug_4.jpg,FAKE,1,ONE_FACE,0.9119,"[49,6,188,212]"
Fake/fake_138_aug_0.jpg,FAKE,1,ONE_FACE,0.9563,"[37,56,167,243]"
Fake/fake_138_aug_1.jpg,FAKE,1,ONE_FACE,0.9525,"[50,38,176,240]"
Fake/fake_138_aug_2.jpg,FAKE,1,ONE_FACE,0.9492,"[51,73,172,237]"
Fake/fake_138_aug_3.jpg,FAKE,1,ONE_FACE,0.9121,"[31,63,178,217]"
Fake/fake_138_aug_4.jpg,FAKE,1,ONE_FACE,0.9131,"[98,65,174,199]"
Fake/fake_139_aug_0.jpg,FAKE,1,ONE_FACE,0.8639,"[68,10,162,218]"
Fake/fake_139_aug_1.jpg,FAKE,1,ONE_FACE,0.8913,"[54,7,168,244]"
Fake/fake_139_aug_2.jpg,FAKE,1,ONE_FACE,0.9135,"[41,35,171,228]"
Fake/fake_139_aug_3.jpg,FAKE,1,ONE_FACE,0.8916,"[59,30,186,208]"
Fake/fake_139_aug_4.jpg,FAKE,1,ONE_FACE,0.8462,"[83,24,155,228]"
Fake/fake_13_aug_0.jpg,FAKE,1,ONE_FACE,0.9409,"[53,27,171,213]"
Fake/fake_13_aug_1.jpg,FAKE,1,ONE_FACE,0.8891,"[69,26,175,192]"
Fake/fake_13_aug_2.jpg,FAKE,1,ONE_FACE,0.8778,"[62,21,185,195]"
Fake/fake_13_aug_3.jpg,FAKE,1,ONE_FACE,0.8795,"[83,46,157,213]"
Fake/fake_13_aug_4.jpg,FAKE,1,ONE_FACE,0.8714,"[36,21,193,205]"
Fake/fake_140_aug_0.jpg,FAKE,1,ONE_FACE,0.8924,"[5,35,151,206]"
Fake/fake_140_aug_1.jpg,FAKE,1,ONE_FACE,0.8790,"[105,27,173,218]"
Fake/fake_140_aug_2.jpg,FAKE,1,ONE_FACE,0.9074,"[90,45,165,221]"
Fake/fake_140_aug_3.jpg,FAKE,1,ONE_FACE,0.9295,"[108,75,183,237]"
Fake/fake_140_aug_4.jpg,FAKE,1,ONE_FACE,0.9311,"[65,25,177,230]"
Fake/fake_141_aug_0.jpg,FAKE,1,ONE_FACE,0.8933,"[66,44,185,235]"
Fake/fake_141_aug_1.jpg,FAKE,1,ONE_FACE,0.8888,"[57,59,190,193]"
Fake/fake_141_aug_2.jpg,FAKE,1,ONE_FACE,0.9011,"[46,28,191,228]"
Fake/fake_141_aug_3.jpg,FAKE,1,ONE_FACE,0.9381,"[10,13,180,211]"
Fake/fake_141_aug_4.jpg,FAKE,1,ONE_FACE,0.9475,"[54,55,175,225]"
Fake/fake_142_aug_0.jpg,FAKE,1,ONE_FACE,0.9516,"[64,50,158,213]"
Fake/fake_142_aug_1.jpg,FAKE,1,ONE_FACE,0.9539,"[62,35,154,202]"
Fake/fake_142_aug_2.jpg,FAKE,1,ONE_FACE,0.9524,"[124,67,156,208]"
Fake/fake_142_aug_3.jpg,FAKE,1,ONE_FACE,0.9460,"[65,48,160,206]"
Fake/fake_142_aug_4.jpg,FAKE,1,ONE_FACE,0.8918,"[64,35,174,208]"
Fake/fake_143_aug_0.jpg,FAKE,1,ONE_FACE,0.8154,"[69,39,152,169]"
Fake/fake_143_aug_1.jpg,FAKE,1,ONE_FACE,0.8668,"[58,22,177,209]"
Fake/fake_143_aug_2.jpg,FAKE,1,ONE_FACE,0.8629,"[46,3,175,207]"
Fake/fake_143_aug_3.jpg,FAKE,1,ONE_FACE,0.9258,"[29,55,178,212]"
Fake/fake_143_aug_4.jpg,FAKE,1,ONE_FACE,0.9503,"[47,40,168,224]"
Fake/fake_144_aug_0.jpg,FAKE,1,ONE_FACE,0.9579,"[41,9,180,264]"
Fake/fake_144_aug_1.jpg,FAKE,1,ONE_FACE,0.9508,"[62,28,187,256]"
Fake/fake_144_aug_2.jpg,FAKE,1,ONE_FACE,0.8920,"[72,48,188,242]"
Fake/fake_144_aug_3.jpg,FAKE,1,ONE_FACE,0.9513,"[103,77,174,237]"
Fake/fake_144_aug_4.jpg,FAKE,1,ONE_FACE,0.9577,"[46,24,182,255]"
Fake/fake_145_aug_0.jpg,FAKE,1,ONE_FACE,0.8887,"[93,38,177,236]"
Fake/fake_145_aug_1.jpg,FAKE,1,ONE_FACE,0.8998,"[46,6,182,233]"
Fake/fake_145_aug_2.jpg,FAKE,1,ONE_FACE,0.8526,"[59,12,197,224]"
Fake/fake_145_aug_3.jpg,FAKE,1,ONE_FACE,0.8947,"[52,4,181,228]"
Fake/fake_145_aug_4.jpg,FAKE,1,ONE_FACE,0.8845,"[69,75,188,230]"
Fake/fake_146_aug_0.jpg,FAKE,1,ONE_FACE,0.9456,"[26,25,169,221]"
Fake/fake_146_aug_1.jpg,FAKE,1,ONE_FACE,0.9393,"[41,42,184,241]"
Fake/fake_146_aug_2.jpg,FAKE,1,ONE_FACE,0.9440,"[40,43,169,226]"
Fake/fake_146_aug_3.jpg,FAKE,1,ONE_FACE,0.9497,"[82,42,176,230]"
Fake/fake_146_aug_4.jpg,FAKE,1,ONE_FACE,0.8772,"[72,35,200,252]"
Fake/fake_147_aug_0.jpg,FAKE,1,ONE_FACE,0.8929,"[58,23,187,238]"
Fake/fake_147_aug_1.jpg,FAKE,1,ONE_FACE,0.8871,"[75,37,174,228]"
Fake/fake_147_aug_2.jpg,FAKE,1,ONE_FACE,0.9277,"[55,40,199,216]"
Fake/fake_147_aug_3.jpg,FAKE,1,ONE_FACE,0.8983,"[46,16,186,242]"
Fake/fake_147_aug_4.jpg,FAKE,1,ONE_FACE,0.8932,"[67,67,187,232]"
Fake/fake_148_aug_0.jpg,FAKE,1,ONE_FACE,0.8963,"[75,42,199,252]"
Fake/fake_148_aug_1.jpg,FAKE,1,ONE_FACE,0.9568,"[2,10,161,208]"
Fake/fake_148_aug_2.jpg,FAKE,1,ONE_FACE,0.9518,"[24,22,172,217]"
Fake/fake_148_aug_3.jpg,FAKE,1,ONE_FACE,0.9524,"[75,57,171,218]"
Fake/fake_148_aug_4.jpg,FAKE,1,ONE_FACE,0.8743,"[24,7,187,193]"
Fake/fake_149_aug_0.jpg,FAKE,1,ONE_FACE,0.9525,"[65,47,164,202]"
Fake/fake_149_aug_1.jpg,FAKE,1,ONE_FACE,0.9507,"[56,57,168,203]"
Fake/fake_149_aug_2.jpg,FAKE,1,ONE_FACE,0.8920,"[62,29,177,213]"
Fake/fake_149_aug_3.jpg,FAKE,1,ONE_FACE,0.9476,"[103,84,163,196]"
Fake/fake_149_aug_4.jpg,FAKE,1,ONE_FACE,0.9408,"[50,65,175,200]"
Fake/fake_14_aug_0.jpg,FAKE,1,ONE_FACE,0.9397,"[56,55,163,219]"
Fake/fake_14_aug_1.jpg,FAKE,1,ONE_FACE,0.9424,"[43,36,162,225]"
Fake/fake_14_aug_2.jpg,FAKE,1,ONE_FACE,0.8636,"[41,16,176,192]"
Fake/fake_14_aug_3.jpg,FAKE,1,ONE_FACE,0.8718,"[83,32,163,195]"
Fake/fake_14_aug_4.jpg,FAKE,1,ONE_FACE,0.9438,"[47,44,168,223]"
Fake/fake_150_aug_0.jpg,FAKE,1,ONE_FACE,0.9389,"[141,65,163,196]"
Fake/fake_150_aug_1.jpg,FAKE,1,ONE_FACE,0.9019,"[124,86,177,196]"
Fake/fake_150_aug_2.jpg,FAKE,1,ONE_FACE,0.8966,"[65,35,180,196]"
Fake/fake_150_aug_3.jpg,FAKE,1,ONE_FACE,0.9016,"[59,38,172,207]"
Fake/fake_150_aug_4.jpg,FAKE,1,ONE_FACE,0.9398,"[69,60,173,208]"
Fake/fake_151_aug_0.jpg,FAKE,1,ONE_FACE,0.9410,"[44,52,181,213]"
Fake/fake_151_aug_1.jpg,FAKE,1,ONE_FACE,0.8795,"[131,60,159,216]"
Fake/fake_151_aug_2.jpg,FAKE,1,ONE_FACE,0.9043,"[47,3,181,210]"
Fake/fake_151_aug_3.jpg,FAKE,1,ONE_FACE,0.9018,"[55,15,178,225]"
Fake/fake_151_aug_4.jpg,FAKE,1,ONE_FACE,0.9497,"[75,2,176,219]"
Fake/fake_152_aug_0.jpg,FAKE,1,ONE_FACE,0.9377,"[44,16,168,212]"
Fake/fake_152_aug_1.jpg,FAKE,1,ONE_FACE,0.8784,"[46,21,166,224]"
Fake/fake_152_aug_2.jpg,FAKE,1,ONE_FACE,0.9061,"[68,60,176,230]"
Fake/fake_152_aug_3.jpg,FAKE,1,ONE_FACE,0.8982,"[22,7,171,203]"
Fake/fake_152_aug_4.jpg,FAKE,1,ONE_FACE,0.9047,"[26,34,171,211]"
Fake/fake_153_aug_0.jpg,FAKE,1,ONE_FACE,0.9049,"[102,21,181,198]"
Fake/fake_153_aug_1.jpg,FAKE,1,ONE_FACE,0.9036,"[60,22,180,210]"
Fake/fake_153_aug_2.jpg,FAKE,1,ONE_FACE,0.9009,"[94,19,186,242]"
Fake/fake_153_aug_3.jpg,FAKE,1,ONE_FACE,0.9508,"[31,21,162,217]"
Fake/fake_153_aug_4.jpg,FAKE,1,ONE_FACE,0.9060,"[69,22,170,222]"
Fake/fake_154_aug_0.jpg,FAKE,1,ONE_FACE,0.9506,"[63,8,176,215]"
Fake/fake_154_aug_1.jpg,FAKE,1,ONE_FACE,0.8859,"[17,59,176,185]"
Fake/fake_154_aug_2.jpg,FAKE,1,ONE_FACE,0.8989,"[22,23,171,200]"
Fake/fake_154_aug_3.jpg,FAKE,1,ONE_FACE,0.9425,"[5,52,172,217]"
Fake/fake_154_aug_4.jpg,FAKE,1,ONE_FACE,0.9484,"[103,65,165,235]"
Fake/fake_155_aug_0.jpg,FAKE,1,ONE_FACE,0.8803,"[80,62,175,244]"
Fake/fake_155_aug_1.jpg,FAKE,1,ONE_FACE,0.9387,"[24,11,175,217]"
Fake/fake_155_aug_2.jpg,FAKE,1,ONE_FACE,0.8819,"[73,25,180,219]"
Fake/fake_155_aug_3.jpg,FAKE,1,ONE_FACE,0.9454,"[18,74,184,225]"
Fake/fake_155_aug_4.jpg,FAKE,1,ONE_FACE,0.9044,"[13,24,166,201]"
Fake/fake_156_aug_0.jpg,FAKE,1,ONE_FACE,0.9470,"[83,64,175,229]"
Fake/fake_156_aug_1.jpg,FAKE,1,ONE_FACE,0.9052,"[68,52,175,257]"
Fake/fake_156_aug_2.jpg,FAKE,1,ONE_FACE,0.9542,"[3,5,158,218]"
Fake/fake_156_aug_3.jpg,FAKE,1,ONE_FACE,0.8988,"[38,29,190,247]"
Fake/fake_156_aug_4.jpg,FAKE,1,ONE_FACE,0.9174,"[35,9,169,206]"
Fake/fake_157_aug_0.jpg,FAKE,1,ONE_FACE,0.9412,"[63,50,177,221]"
Fake/fake_157_aug_1.jpg,FAKE,1,ONE_FACE,0.9147,"[74,0,202,187]"
Fake/fake_157_aug_2.jpg,FAKE,1,ONE_FACE,0.9575,"[16,21,173,223]"
Fake/fake_157_aug_3.jpg,FAKE,1,ONE_FACE,0.9515,"[47,42,166,216]"
Fake/fake_157_aug_4.jpg,FAKE,1,ONE_FACE,0.9074,"[54,20,186,231]"
Fake/fake_158_aug_0.jpg,FAKE,1,ONE_FACE,0.9496,"[38,67,158,207]"
Fake/fake_158_aug_1.jpg,FAKE,1,ONE_FACE,0.9470,"[92,76,170,211]"
Fake/fake_158_aug_2.jpg,FAKE,1,ONE_FACE,0.8958,"[17,75,169,202]"
Fake/fake_158_aug_3.jpg,FAKE,1,ONE_FACE,0.9538,"[68,44,158,211]"
Fake/fake_158_aug_4.jpg,FAKE,1,ONE_FACE,0.9054,"[120,68,163,214]"
Fake/fake_159_aug_0.jpg,FAKE,1,ONE_FACE,0.8792,"[60,4,170,226]"
Fake/fake_159_aug_1.jpg,FAKE,1,ONE_FACE,0.8771,"[62,18,153,231]"
Fake/fake_159_aug_2.jpg,FAKE,1,ONE_FACE,0.9445,"[51,33,163,225]"
Fake/fake_159_aug_3.jpg,FAKE,1,ONE_FACE,0.9396,"[41,30,167,213]"
Fake/fake_159_aug_4.jpg,FAKE,1,ONE_FACE,0.8942,"[63,27,186,211]"
Fake/fake_15_aug_0.jpg,FAKE,1,ONE_FACE,0.8696,"[81,36,160,230]"
Fake/fake_15_aug_1.jpg,FAKE,1,ONE_FACE,0.8625,"[62,25,170,219]"
Fake/fake_15_aug_2.jpg,FAKE,1,ONE_FACE,0.8674,"[48,46,165,221]"
Fake/fake_15_aug_3.jpg,FAKE,1,ONE_FACE,0.9384,"[79,65,158,210]"
Fake/fake_15_aug_4.jpg,FAKE,1,ONE_FACE,0.9498,"[44,29,150,206]"
Fake/fake_160_aug_0.jpg,FAKE,1,ONE_FACE,0.9467,"[107,80,163,228]"
Fake/fake_160_aug_1.jpg,FAKE,1,ONE_FACE,0.8945,"[49,17,215,241]"
Fake/fake_160_aug_2.jpg,FAKE,1,ONE_FACE,0.9414,"[60,54,170,232]"
Fake/fake_160_aug_3.jpg,FAKE,1,ONE_FACE,0.9407,"[44,1,179,226]"
Fake/fake_160_aug_4.jpg,FAKE,1,ONE_FACE,0.9415,"[40,39,184,217]"
Fake/fake_161_aug_0.jpg,FAKE,1,ONE_FACE,0.9167,"[26,19,178,221]"
Fake/fake_161_aug_1.jpg,FAKE,1,ONE_FACE,0.9173,"[42,30,181,222]"
Fake/fake_161_aug_2.jpg,FAKE,1,ONE_FACE,0.9565,"[53,34,177,249]"
Fake/fake_161_aug_3.jpg,FAKE,1,ONE_FACE,0.9551,"[56,39,177,254]"
Fake/fake_161_aug_4.jpg,FAKE,1,ONE_FACE,0.9098,"[44,72,176,229]"
Fake/fake_162_aug_0.jpg,FAKE,1,ONE_FACE,0.9402,"[15,64,172,198]"
Fake/fake_162_aug_1.jpg,FAKE,1,ONE_FACE,0.9492,"[62,46,167,234]"
Fake/fake_162_aug_2.jpg,FAKE,1,ONE_FACE,0.8576,"[20,60,200,210]"
Fake/fake_162_aug_3.jpg,FAKE,1,ONE_FACE,0.9517,"[62,47,166,233]"
Fake/fake_162_aug_4.jpg,FAKE,1,ONE_FACE,0.8640,"[-5,17,166,213]"
Fake/fake_163_aug_0.jpg,FAKE,1,ONE_FACE,0.8077,"[42,3,197,262]"
Fake/fake_163_aug_1.jpg,FAKE,1,ONE_FACE,0.7588,"[69,22,190,258]"
Fake/fake_163_aug_2.jpg,FAKE,1,ONE_FACE,0.9525,"[21,5,180,224]"
Fake/fake_163_aug_3.jpg,FAKE,1,ONE_FACE,0.8409,"[37,0,195,276]"
Fake/fake_163_aug_4.jpg,FAKE,1,ONE_FACE,0.9469,"[74,56,173,237]"
Fake/fake_164_aug_0.jpg,FAKE,1,ONE_FACE,0.8890,"[95,67,165,200]"
Fake/fake_164_aug_1.jpg,FAKE,1,ONE_FACE,0.8719,"[67,41,165,196]"
Fake/fake_164_aug_2.jpg,FAKE,1,ONE_FACE,0.9063,"[89,6,162,175]"
Fake/fake_164_aug_3.jpg,FAKE,1,ONE_FACE,0.9443,"[68,41,164,209]"
Fake/fake_164_aug_4.jpg,FAKE,1,ONE_FACE,0.9527,"[48,37,160,220]"
Fake/fake_165_aug_0.jpg,FAKE,1,ONE_FACE,0.9416,"[28,31,172,234]"
Fake/fake_165_aug_1.jpg,FAKE,1,ONE_FACE,0.9162,"[6,4,166,228]"
Fake/fake_165_aug_2.jpg,FAKE,1,ONE_FACE,0.9440,"[52,22,176,249]"
Fake/fake_165_aug_3.jpg,FAKE,1,ONE_FACE,0.9027,"[115,23,174,216]"
Fake/fake_165_aug_4.jpg,FAKE,1,ONE_FACE,0.8881,"[40,24,177,219]"
Fake/fake_166_aug_0.jpg,FAKE,1,ONE_FACE,0.9493,"[70,46,178,231]"
Fake/fake_166_aug_1.jpg,FAKE,1,ONE_FACE,0.9053,"[121,85,171,208]"
Fake/fake_166_aug_2.jpg,FAKE,1,ONE_FACE,0.9429,"[46,50,174,227]"
Fake/fake_166_aug_3.jpg,FAKE,1,ONE_FACE,0.9165,"[35,27,171,221]"
Fake/fake_166_aug_4.jpg,FAKE,1,ONE_FACE,0.8826,"[30,38,201,204]"
Fake/fake_167_aug_0.jpg,FAKE,1,ONE_FACE,0.9453,"[64,17,171,228]"
Fake/fake_167_aug_1.jpg,FAKE,1,ONE_FACE,0.8926,"[77,25,179,227]"
Fake/fake_167_aug_2.jpg,FAKE,1,ONE_FACE,0.9464,"[80,45,179,227]"
Fake/fake_167_aug_3.jpg,FAKE,1,ONE_FACE,0.8899,"[43,24,171,206]"
Fake/fake_167_aug_4.jpg,FAKE,1,ONE_FACE,0.8882,"[79,25,177,221]"
Fake/fake_168_aug_0.jpg,FAKE,1,ONE_FACE,0.8911,"[59,38,177,197]"
Fake/fake_168_aug_1.jpg,FAKE,1,ONE_FACE,0.8610,"[88,70,172,197]"
Fake/fake_168_aug_2.jpg,FAKE,1,ONE_FACE,0.8909,"[13,29,176,208]"
Fake/fake_168_aug_3.jpg,FAKE,1,ONE_FACE,0.8663,"[13,26,184,231]"
Fake/fake_168_aug_4.jpg,FAKE,1,ONE_FACE,0.8580,"[39,50,167,206]"
Fake/fake_169_aug_0.jpg,FAKE,1,ONE_FACE,0.8933,"[97,7,162,198]"
Fake/fake_169_aug_1.jpg,FAKE,1,ONE_FACE,0.9398,"[49,47,180,214]"
Fake/fake_169_aug_2.jpg,FAKE,1,ONE_FACE,0.8831,"[94,1,155,169]"
Fake/fake_169_aug_3.jpg,FAKE,1,ONE_FACE,0.9480,"[28,40,171,213]"
Fake/fake_169_aug_4.jpg,FAKE,1,ONE_FACE,0.8977,"[57,27,164,223]"
Fake/fake_16_aug_0.jpg,FAKE,1,ONE_FACE,0.9449,"[68,52,161,232]"
Fake/fake_16_aug_1.jpg,FAKE,1,ONE_FACE,0.9470,"[81,77,163,226]"
Fake/fake_16_aug_2.jpg,FAKE,1,ONE_FACE,0.9081,"[74,6,168,188]"
Fake/fake_16_aug_3.jpg,FAKE,1,ONE_FACE,0.9480,"[83,92,166,218]"
Fake/fake_16_aug_4.jpg,FAKE,1,ONE_FACE,0.9399,"[85,53,172,230]"
Fake/fake_170_aug_0.jpg,FAKE,1,ONE_FACE,0.8960,"[44,25,169,188]"
Fake/fake_170_aug_1.jpg,FAKE,1,ONE_FACE,0.9125,"[64,39,173,202]"
Fake/fake_170_aug_2.jpg,FAKE,1,ONE_FACE,0.9485,"[3,15,172,218]"
Fake/fake_170_aug_3.jpg,FAKE,1,ONE_FACE,0.9441,"[72,48,166,216]"
Fake/fake_170_aug_4.jpg,FAKE,1,ONE_FACE,0.9040,"[54,39,170,181]"
Fake/fake_171_aug_0.jpg,FAKE,1,ONE_FACE,0.8224,"[69,85,139,155]"
Fake/fake_171_aug_1.jpg,FAKE,1,ONE_FACE,0.8577,"[27,17,167,195]"
Fake/fake_171_aug_2.jpg,FAKE,1,ONE_FACE,0.9304,"[93,101,170,214]"
Fake/fake_171_aug_3.jpg,FAKE,1,ONE_FACE,0.8447,"[70,54,166,209]"
Fake/fake_171_aug_4.jpg,FAKE,1,ONE_FACE,0.9311,"[126,104,174,221]"
Fake/fake_172_aug_0.jpg,FAKE,1,ONE_FACE,0.8994,"[24,2,163,233]"
Fake/fake_172_aug_1.jpg,FAKE,1,ONE_FACE,0.8774,"[10,1,174,157]"
Fake/fake_172_aug_2.jpg,FAKE,1,ONE_FACE,0.8370,"[68,57,172,230]"
Fake/fake_172_aug_3.jpg,FAKE,1,ONE_FACE,0.8891,"[129,42,167,224]"
Fake/fake_172_aug_4.jpg,FAKE,1,ONE_FACE,0.9466,"[20,20,173,238]"
Fake/fake_173_aug_0.jpg,FAKE,1,ONE_FACE,0.9457,"[97,14,175,206]"
Fake/fake_173_aug_1.jpg,FAKE,1,ONE_FACE,0.9220,"[40,46,175,209]"
Fake/fake_173_aug_2.jpg,FAKE,1,ONE_FACE,0.9360,"[36,28,173,208]"
Fake/fake_173_aug_3.jpg,FAKE,1,ONE_FACE,0.8837,"[72,7,177,166]"
Fake/fake_173_aug_4.jpg,FAKE,1,ONE_FACE,0.9420,"[52,50,176,203]"
Fake/fake_174_aug_0.jpg,FAKE,1,ONE_FACE,0.9516,"[64,51,160,224]"
Fake/fake_174_aug_1.jpg,FAKE,1,ONE_FACE,0.8967,"[53,95,162,211]"
Fake/fake_174_aug_2.jpg,FAKE,1,ONE_FACE,0.9383,"[58,52,170,209]"
Fake/fake_174_aug_3.jpg,FAKE,1,ONE_FACE,0.9567,"[42,26,156,213]"
Fake/fake_174_aug_4.jpg,FAKE,1,ONE_FACE,0.9003,"[66,25,171,226]"
Fake/fake_175_aug_0.jpg,FAKE,1,ONE_FACE,0.8934,"[19,10,177,215]"
Fake/fake_175_aug_1.jpg,FAKE,1,ONE_FACE,0.8814,"[66,45,190,258]"
Fake/fake_175_aug_2.jpg,FAKE,1,ONE_FACE,0.9433,"[60,6,161,195]"
Fake/fake_175_aug_3.jpg,FAKE,2,MULTIPLE_FACES,"[0.9366, 0.6898]","[[52, 107, 165, 199], [12, 54, 22, 30]]"
Fake/fake_175_aug_4.jpg,FAKE,1,ONE_FACE,0.8925,"[12,9,186,234]"
Fake/fake_176_aug_0.jpg,FAKE,1,ONE_FACE,0.9197,"[0,54,175,204]"
Fake/fake_176_aug_1.jpg,FAKE,1,ONE_FACE,0.9441,"[53,130,173,211]"
Fake/fake_176_aug_2.jpg,FAKE,1,ONE_FACE,0.8900,"[60,22,196,218]"
Fake/fake_176_aug_3.jpg,FAKE,1,ONE_FACE,0.9511,"[58,53,165,208]"
Fake/fake_176_aug_4.jpg,FAKE,1,ONE_FACE,0.9481,"[71,64,174,211]"
Fake/fake_177_aug_0.jpg,FAKE,1,ONE_FACE,0.9025,"[35,8,169,188]"
Fake/fake_177_aug_1.jpg,FAKE,1,ONE_FACE,0.9319,"[75,64,181,217]"
Fake/fake_177_aug_2.jpg,FAKE,1,ONE_FACE,0.9467,"[65,63,169,234]"
Fake/fake_177_aug_3.jpg,FAKE,1,ONE_FACE,0.8959,"[49,24,164,205]"
Fake/fake_177_aug_4.jpg,FAKE,1,ONE_FACE,0.8811,"[83,7,174,187]"
Fake/fake_178_aug_0.jpg,FAKE,1,ONE_FACE,0.8665,"[62,17,152,181]"
Fake/fake_178_aug_1.jpg,FAKE,1,ONE_FACE,0.8556,"[90,37,155,184]"
Fake/fake_178_aug_2.jpg,FAKE,1,ONE_FACE,0.7815,"[34,14,167,217]"
Fake/fake_178_aug_3.jpg,FAKE,1,ONE_FACE,0.9088,"[85,45,169,209]"
Fake/fake_178_aug_4.jpg,FAKE,1,ONE_FACE,0.7717,"[13,56,164,206]"
Fake/fake_179_aug_0.jpg,FAKE,1,ONE_FACE,0.9506,"[16,11,157,212]"
Fake/fake_179_aug_1.jpg,FAKE,1,ONE_FACE,0.9423,"[20,91,161,207]"
Fake/fake_179_aug_2.jpg,FAKE,1,ONE_FACE,0.9473,"[57,48,164,210]"
Fake/fake_179_aug_3.jpg,FAKE,1,ONE_FACE,0.9481,"[48,-1,159,192]"
Fake/fake_179_aug_4.jpg,FAKE,1,ONE_FACE,0.8698,"[41,21,203,215]"
Fake/fake_17_aug_0.jpg,FAKE,1,ONE_FACE,0.9524,"[56,44,176,234]"
Fake/fake_17_aug_1.jpg,FAKE,1,ONE_FACE,0.9526,"[23,52,172,232]"
Fake/fake_17_aug_2.jpg,FAKE,1,ONE_FACE,0.9029,"[104,26,182,235]"
Fake/fake_17_aug_3.jpg,FAKE,1,ONE_FACE,0.9027,"[59,9,180,209]"
Fake/fake_17_aug_4.jpg,FAKE,1,ONE_FACE,0.9489,"[95,3,168,221]"
Fake/fake_180_aug_0.jpg,FAKE,1,ONE_FACE,0.8935,"[40,18,185,199]"
Fake/fake_180_aug_1.jpg,FAKE,1,ONE_FACE,0.9446,"[70,59,166,209]"
Fake/fake_180_aug_2.jpg,FAKE,1,ONE_FACE,0.9447,"[46,39,177,222]"
Fake/fake_180_aug_3.jpg,FAKE,1,ONE_FACE,0.9534,"[29,2,176,194]"
Fake/fake_180_aug_4.jpg,FAKE,1,ONE_FACE,0.8946,"[91,43,178,215]"
Fake/fake_181_aug_0.jpg,FAKE,1,ONE_FACE,0.9450,"[74,52,157,212]"
Fake/fake_181_aug_1.jpg,FAKE,1,ONE_FACE,0.9463,"[48,27,157,210]"
Fake/fake_181_aug_2.jpg,FAKE,1,ONE_FACE,0.9426,"[65,56,159,215]"
Fake/fake_181_aug_3.jpg,FAKE,1,ONE_FACE,0.9433,"[58,0,165,211]"
Fake/fake_181_aug_4.jpg,FAKE,1,ONE_FACE,0.9471,"[46,29,152,204]"
Fake/fake_182_aug_0.jpg,FAKE,1,ONE_FACE,0.8817,"[51,45,173,258]"
Fake/fake_182_aug_1.jpg,FAKE,1,ONE_FACE,0.9466,"[15,12,166,201]"
Fake/fake_182_aug_2.jpg,FAKE,1,ONE_FACE,0.9500,"[61,46,166,226]"
Fake/fake_182_aug_3.jpg,FAKE,1,ONE_FACE,0.9469,"[41,4,165,210]"
Fake/fake_182_aug_4.jpg,FAKE,1,ONE_FACE,0.8950,"[17,9,176,209]"
Fake/fake_183_aug_0.jpg,FAKE,1,ONE_FACE,0.8926,"[36,24,191,206]"
Fake/fake_183_aug_1.jpg,FAKE,1,ONE_FACE,0.8890,"[54,14,180,206]"
Fake/fake_183_aug_2.jpg,FAKE,1,ONE_FACE,0.9446,"[32,33,177,222]"
Fake/fake_183_aug_3.jpg,FAKE,1,ONE_FACE,0.9447,"[44,39,173,222]"
Fake/fake_183_aug_4.jpg,FAKE,1,ONE_FACE,0.8623,"[63,19,174,233]"
Fake/fake_184_aug_0.jpg,FAKE,1,ONE_FACE,0.9577,"[4,16,178,252]"
Fake/fake_184_aug_1.jpg,FAKE,1,ONE_FACE,0.8691,"[65,68,202,225]"
Fake/fake_184_aug_2.jpg,FAKE,1,ONE_FACE,0.9042,"[26,23,184,221]"
Fake/fake_184_aug_3.jpg,FAKE,1,ONE_FACE,0.9372,"[17,64,194,232]"
Fake/fake_184_aug_4.jpg,FAKE,1,ONE_FACE,0.9130,"[108,19,188,220]"
Fake/fake_185_aug_0.jpg,FAKE,1,ONE_FACE,0.9454,"[55,53,178,211]"
Fake/fake_185_aug_1.jpg,FAKE,1,ONE_FACE,0.9124,"[47,24,189,234]"
Fake/fake_185_aug_2.jpg,FAKE,1,ONE_FACE,0.9150,"[48,9,185,215]"
Fake/fake_185_aug_3.jpg,FAKE,1,ONE_FACE,0.9399,"[64,47,189,224]"
Fake/fake_185_aug_4.jpg,FAKE,1,ONE_FACE,0.9461,"[68,67,182,211]"
Fake/fake_186_aug_0.jpg,FAKE,1,ONE_FACE,0.8791,"[26,14,167,227]"
Fake/fake_186_aug_1.jpg,FAKE,1,ONE_FACE,0.8806,"[112,15,142,225]"
Fake/fake_186_aug_2.jpg,FAKE,1,ONE_FACE,0.9397,"[67,58,175,222]"
Fake/fake_186_aug_3.jpg,FAKE,1,ONE_FACE,0.8409,"[42,12,175,232]"
Fake/fake_186_aug_4.jpg,FAKE,1,ONE_FACE,0.9395,"[60,34,174,231]"
Fake/fake_187_aug_0.jpg,FAKE,1,ONE_FACE,0.8753,"[50,0,201,246]"
Fake/fake_187_aug_1.jpg,FAKE,1,ONE_FACE,0.9434,"[48,53,181,227]"
Fake/fake_187_aug_2.jpg,FAKE,1,ONE_FACE,0.9556,"[29,34,182,228]"
Fake/fake_187_aug_3.jpg,FAKE,1,ONE_FACE,0.9548,"[78,12,173,224]"
Fake/fake_187_aug_4.jpg,FAKE,1,ONE_FACE,0.8805,"[3,-5,210,213]"
Fake/fake_188_aug_0.jpg,FAKE,1,ONE_FACE,0.9114,"[57,35,167,221]"
Fake/fake_188_aug_1.jpg,FAKE,1,ONE_FACE,0.9046,"[68,57,174,208]"
Fake/fake_188_aug_2.jpg,FAKE,1,ONE_FACE,0.9138,"[71,57,186,221]"
Fake/fake_188_aug_3.jpg,FAKE,1,ONE_FACE,0.9551,"[73,49,171,228]"
Fake/fake_188_aug_4.jpg,FAKE,1,ONE_FACE,0.9266,"[41,7,186,218]"
Fake/fake_189_aug_0.jpg,FAKE,1,ONE_FACE,0.9520,"[47,37,175,223]"
Fake/fake_189_aug_1.jpg,FAKE,1,ONE_FACE,0.9519,"[28,11,173,219]"
Fake/fake_189_aug_2.jpg,FAKE,1,ONE_FACE,0.9550,"[68,47,169,228]"
Fake/fake_189_aug_3.jpg,FAKE,1,ONE_FACE,0.8926,"[58,30,179,214]"
Fake/fake_189_aug_4.jpg,FAKE,1,ONE_FACE,0.9427,"[0,7,182,210]"
Fake/fake_18_aug_0.jpg,FAKE,1,ONE_FACE,0.9555,"[77,53,163,229]"
Fake/fake_18_aug_1.jpg,FAKE,1,ONE_FACE,0.8659,"[38,37,196,203]"
Fake/fake_18_aug_2.jpg,FAKE,1,ONE_FACE,0.9570,"[80,25,165,229]"
Fake/fake_18_aug_3.jpg,FAKE,1,ONE_FACE,0.9524,"[47,69,166,221]"
Fake/fake_18_aug_4.jpg,FAKE,1,ONE_FACE,0.9057,"[58,33,163,237]"
Fake/fake_190_aug_0.jpg,FAKE,1,ONE_FACE,0.9029,"[67,45,166,209]"
Fake/fake_190_aug_1.jpg,FAKE,1,ONE_FACE,0.9020,"[61,42,184,207]"
Fake/fake_190_aug_2.jpg,FAKE,1,ONE_FACE,0.9092,"[43,22,176,197]"
Fake/fake_190_aug_3.jpg,FAKE,1,ONE_FACE,0.9448,"[74,77,169,219]"
Fake/fake_190_aug_4.jpg,FAKE,1,ONE_FACE,0.9171,"[113,54,172,208]"
Fake/fake_191_aug_0.jpg,FAKE,1,ONE_FACE,0.8849,"[95,76,165,181]"
Fake/fake_191_aug_1.jpg,FAKE,1,ONE_FACE,0.9499,"[31,62,160,190]"
Fake/fake_191_aug_2.jpg,FAKE,1,ONE_FACE,0.9598,"[16,21,161,186]"
Fake/fake_191_aug_3.jpg,FAKE,1,ONE_FACE,0.9006,"[66,43,174,201]"
Fake/fake_191_aug_4.jpg,FAKE,1,ONE_FACE,0.9598,"[121,48,162,191]"
Fake/fake_192_aug_0.jpg,FAKE,1,ONE_FACE,0.8981,"[94,82,195,227]"
Fake/fake_192_aug_1.jpg,FAKE,1,ONE_FACE,0.9057,"[27,22,166,209]"
Fake/fake_192_aug_2.jpg,FAKE,1,ONE_FACE,0.9125,"[33,11,170,212]"
Fake/fake_192_aug_3.jpg,FAKE,1,ONE_FACE,0.8921,"[45,17,209,221]"
Fake/fake_192_aug_4.jpg,FAKE,1,ONE_FACE,0.9159,"[62,20,169,228]"
Fake/fake_193_aug_0.jpg,FAKE,1,ONE_FACE,0.9248,"[59,46,181,213]"
Fake/fake_193_aug_1.jpg,FAKE,1,ONE_FACE,0.9477,"[105,96,153,206]"
Fake/fake_193_aug_2.jpg,FAKE,1,ONE_FACE,0.8858,"[52,83,183,207]"
Fake/fake_193_aug_3.jpg,FAKE,1,ONE_FACE,0.9414,"[80,71,158,203]"
Fake/fake_193_aug_4.jpg,FAKE,1,ONE_FACE,0.8955,"[52,9,152,192]"
Fake/fake_194_aug_0.jpg,FAKE,1,ONE_FACE,0.8938,"[58,31,203,211]"
Fake/fake_194_aug_1.jpg,FAKE,1,ONE_FACE,0.9433,"[4,54,172,213]"
Fake/fake_194_aug_2.jpg,FAKE,1,ONE_FACE,0.8519,"[82,30,178,240]"
Fake/fake_194_aug_3.jpg,FAKE,1,ONE_FACE,0.9525,"[109,50,172,231]"
Fake/fake_194_aug_4.jpg,FAKE,1,ONE_FACE,0.8796,"[32,65,183,222]"
Fake/fake_195_aug_0.jpg,FAKE,1,ONE_FACE,0.9448,"[33,82,163,220]"
Fake/fake_195_aug_1.jpg,FAKE,1,ONE_FACE,0.9482,"[39,4,160,224]"
Fake/fake_195_aug_2.jpg,FAKE,1,ONE_FACE,0.8857,"[18,19,167,203]"
Fake/fake_195_aug_3.jpg,FAKE,1,ONE_FACE,0.9462,"[55,50,161,223]"
Fake/fake_195_aug_4.jpg,FAKE,1,ONE_FACE,0.8476,"[78,27,155,197]"
Fake/fake_196_aug_0.jpg,FAKE,1,ONE_FACE,0.9412,"[18,22,165,224]"
Fake/fake_196_aug_1.jpg,FAKE,1,ONE_FACE,0.9400,"[55,-2,164,214]"
Fake/fake_196_aug_2.jpg,FAKE,1,ONE_FACE,0.9193,"[79,42,180,228]"
Fake/fake_196_aug_3.jpg,FAKE,1,ONE_FACE,0.9315,"[139,74,159,227]"
Fake/fake_196_aug_4.jpg,FAKE,1,ONE_FACE,0.9458,"[113,9,163,235]"
Fake/fake_197_aug_0.jpg,FAKE,1,ONE_FACE,0.8950,"[45,21,167,197]"
Fake/fake_197_aug_1.jpg,FAKE,1,ONE_FACE,0.9541,"[96,49,162,215]"
Fake/fake_197_aug_2.jpg,FAKE,1,ONE_FACE,0.9501,"[45,36,165,208]"
Fake/fake_197_aug_3.jpg,FAKE,1,ONE_FACE,0.8674,"[27,19,184,212]"
Fake/fake_197_aug_4.jpg,FAKE,1,ONE_FACE,0.9483,"[19,19,171,203]"
Fake/fake_198_aug_0.jpg,FAKE,1,ONE_FACE,0.9500,"[73,58,167,208]"
Fake/fake_198_aug_1.jpg,FAKE,1,ONE_FACE,0.9514,"[61,46,166,206]"
Fake/fake_198_aug_2.jpg,FAKE,1,ONE_FACE,0.9489,"[56,57,173,214]"
Fake/fake_198_aug_3.jpg,FAKE,1,ONE_FACE,0.9340,"[56,71,170,193]"
Fake/fake_198_aug_4.jpg,FAKE,1,ONE_FACE,0.9343,"[16,16,176,205]"
Fake/fake_199_aug_0.jpg,FAKE,1,ONE_FACE,0.9076,"[37,13,181,212]"
Fake/fake_199_aug_1.jpg,FAKE,1,ONE_FACE,0.9585,"[62,49,170,232]"
Fake/fake_199_aug_2.jpg,FAKE,1,ONE_FACE,0.9043,"[80,49,176,230]"
Fake/fake_199_aug_3.jpg,FAKE,1,ONE_FACE,0.9123,"[49,23,180,227]"
Fake/fake_199_aug_4.jpg,FAKE,1,ONE_FACE,0.9546,"[45,27,177,222]"
Fake/fake_19_aug_0.jpg,FAKE,1,ONE_FACE,0.9473,"[36,26,168,242]"
Fake/fake_19_aug_1.jpg,FAKE,1,ONE_FACE,0.9506,"[49,40,177,248]"
Fake/fake_19_aug_2.jpg,FAKE,1,ONE_FACE,0.9508,"[74,42,164,240]"
Fake/fake_19_aug_3.jpg,FAKE,1,ONE_FACE,0.9507,"[18,45,180,247]"
Fake/fake_19_aug_4.jpg,FAKE,1,ONE_FACE,0.9504,"[28,20,176,251]"
Fake/fake_1_aug_0.jpg,FAKE,1,ONE_FACE,0.8936,"[78,52,154,226]"
Fake/fake_1_aug_1.jpg,FAKE,1,ONE_FACE,0.9150,"[25,91,161,189]"
Fake/fake_1_aug_2.jpg,FAKE,1,ONE_FACE,0.8946,"[82,13,160,200]"
Fake/fake_1_aug_3.jpg,FAKE,1,ONE_FACE,0.9378,"[58,35,147,194]"
Fake/fake_1_aug_4.jpg,FAKE,1,ONE_FACE,0.9002,"[61,11,156,202]"
Fake/fake_200_aug_0.jpg,FAKE,1,ONE_FACE,0.8971,"[37,5,173,206]"
Fake/fake_200_aug_1.jpg,FAKE,1,ONE_FACE,0.9479,"[16,65,163,224]"
Fake/fake_200_aug_2.jpg,FAKE,1,ONE_FACE,0.9457,"[57,52,165,231]"
Fake/fake_200_aug_3.jpg,FAKE,1,ONE_FACE,0.9385,"[56,46,179,227]"
Fake/fake_200_aug_4.jpg,FAKE,1,ONE_FACE,0.8759,"[64,11,162,226]"
Fake/fake_201_aug_0.jpg,FAKE,1,ONE_FACE,0.9274,"[54,10,185,210]"
Fake/fake_201_aug_1.jpg,FAKE,1,ONE_FACE,0.9483,"[50,38,179,213]"
Fake/fake_201_aug_2.jpg,FAKE,1,ONE_FACE,0.8512,"[51,39,180,213]"
Fake/fake_201_aug_3.jpg,FAKE,1,ONE_FACE,0.9472,"[108,9,168,207]"
Fake/fake_201_aug_4.jpg,FAKE,1,ONE_FACE,0.9254,"[77,50,184,213]"
Fake/fake_202_aug_0.jpg,FAKE,1,ONE_FACE,0.9285,"[21,17,169,205]"
Fake/fake_202_aug_1.jpg,FAKE,1,ONE_FACE,0.8940,"[13,14,176,195]"
Fake/fake_202_aug_2.jpg,FAKE,1,ONE_FACE,0.8780,"[20,11,186,233]"
Fake/fake_202_aug_3.jpg,FAKE,1,ONE_FACE,0.8931,"[58,13,173,208]"
Fake/fake_202_aug_4.jpg,FAKE,1,ONE_FACE,0.9273,"[41,36,176,216]"
Fake/fake_203_aug_0.jpg,FAKE,1,ONE_FACE,0.8540,"[91,45,159,202]"
Fake/fake_203_aug_1.jpg,FAKE,1,ONE_FACE,0.9256,"[52,38,173,204]"
Fake/fake_203_aug_2.jpg,FAKE,1,ONE_FACE,0.9414,"[54,14,155,221]"
Fake/fake_203_aug_3.jpg,FAKE,1,ONE_FACE,0.8865,"[68,49,153,193]"
Fake/fake_203_aug_4.jpg,FAKE,1,ONE_FACE,0.8765,"[63,64,167,182]"
Fake/fake_204_aug_0.jpg,FAKE,1,ONE_FACE,0.9502,"[41,29,186,224]"
Fake/fake_204_aug_1.jpg,FAKE,1,ONE_FACE,0.9559,"[45,58,176,217]"
Fake/fake_204_aug_2.jpg,FAKE,1,ONE_FACE,0.9012,"[32,16,192,209]"
Fake/fake_204_aug_3.jpg,FAKE,1,ONE_FACE,0.8971,"[54,32,181,218]"
Fake/fake_204_aug_4.jpg,FAKE,1,ONE_FACE,0.9214,"[46,30,180,206]"
Fake/fake_205_aug_0.jpg,FAKE,1,ONE_FACE,0.8873,"[78,37,161,203]"
Fake/fake_205_aug_1.jpg,FAKE,1,ONE_FACE,0.9341,"[20,27,165,216]"
Fake/fake_205_aug_2.jpg,FAKE,1,ONE_FACE,0.8919,"[79,74,170,217]"
Fake/fake_205_aug_3.jpg,FAKE,1,ONE_FACE,0.9372,"[51,58,166,212]"
Fake/fake_205_aug_4.jpg,FAKE,1,ONE_FACE,0.9024,"[81,10,165,201]"
Fake/fake_206_aug_0.jpg,FAKE,1,ONE_FACE,0.9537,"[82,15,174,203]"
Fake/fake_206_aug_1.jpg,FAKE,1,ONE_FACE,0.8996,"[78,32,191,232]"
Fake/fake_206_aug_2.jpg,FAKE,1,ONE_FACE,0.8798,"[45,8,184,249]"
Fake/fake_206_aug_3.jpg,FAKE,1,ONE_FACE,0.8524,"[81,76,189,210]"
Fake/fake_206_aug_4.jpg,FAKE,1,ONE_FACE,0.9440,"[63,61,167,212]"
Fake/fake_207_aug_0.jpg,FAKE,1,ONE_FACE,0.9486,"[10,23,175,228]"
Fake/fake_207_aug_1.jpg,FAKE,1,ONE_FACE,0.9101,"[2,39,164,247]"
Fake/fake_207_aug_2.jpg,FAKE,1,ONE_FACE,0.9044,"[29,27,179,212]"
Fake/fake_207_aug_3.jpg,FAKE,1,ONE_FACE,0.9033,"[50,22,184,236]"
Fake/fake_207_aug_4.jpg,FAKE,1,ONE_FACE,0.9521,"[76,60,174,233]"
Fake/fake_208_aug_0.jpg,FAKE,1,ONE_FACE,0.9371,"[124,28,165,212]"
Fake/fake_208_aug_1.jpg,FAKE,1,ONE_FACE,0.9412,"[75,46,164,223]"
Fake/fake_208_aug_2.jpg,FAKE,1,ONE_FACE,0.9478,"[68,20,163,220]"
Fake/fake_208_aug_3.jpg,FAKE,1,ONE_FACE,0.8855,"[20,71,189,235]"
Fake/fake_208_aug_4.jpg,FAKE,1,ONE_FACE,0.9414,"[50,20,163,217]"
Fake/fake_209_aug_0.jpg,FAKE,1,ONE_FACE,0.9379,"[53,13,185,235]"
Fake/fake_209_aug_1.jpg,FAKE,1,ONE_FACE,0.8124,"[0,2,171,191]"
Fake/fake_209_aug_2.jpg,FAKE,1,ONE_FACE,0.8282,"[49,12,229,236]"
Fake/fake_209_aug_3.jpg,FAKE,1,ONE_FACE,0.9343,"[82,92,177,233]"
Fake/fake_209_aug_4.jpg,FAKE,1,ONE_FACE,0.9386,"[65,54,178,244]"
Fake/fake_20_aug_0.jpg,FAKE,1,ONE_FACE,0.8889,"[4,12,150,201]"
Fake/fake_20_aug_1.jpg,FAKE,1,ONE_FACE,0.8626,"[56,38,162,215]"
Fake/fake_20_aug_2.jpg,FAKE,1,ONE_FACE,0.9362,"[55,62,170,201]"
Fake/fake_20_aug_3.jpg,FAKE,1,ONE_FACE,0.9017,"[29,43,191,191]"
Fake/fake_20_aug_4.jpg,FAKE,1,ONE_FACE,0.9495,"[89,19,169,220]"
Fake/fake_210_aug_0.jpg,FAKE,1,ONE_FACE,0.8814,"[101,68,185,242]"
Fake/fake_210_aug_1.jpg,FAKE,1,ONE_FACE,0.9446,"[62,8,165,238]"
Fake/fake_210_aug_2.jpg,FAKE,1,ONE_FACE,0.9421,"[35,4,169,229]"
Fake/fake_210_aug_3.jpg,FAKE,1,ONE_FACE,0.9401,"[73,42,169,248]"
Fake/fake_210_aug_4.jpg,FAKE,1,ONE_FACE,0.8847,"[79,25,193,218]"
Fake/fake_211_aug_0.jpg,FAKE,1,ONE_FACE,0.8912,"[50,16,180,234]"
Fake/fake_211_aug_1.jpg,FAKE,1,ONE_FACE,0.8974,"[53,14,185,211]"
Fake/fake_211_aug_2.jpg,FAKE,1,ONE_FACE,0.9559,"[29,63,169,234]"
Fake/fake_211_aug_3.jpg,FAKE,1,ONE_FACE,0.9104,"[70,24,177,229]"
Fake/fake_211_aug_4.jpg,FAKE,1,ONE_FACE,0.9113,"[61,27,173,212]"
Fake/fake_212_aug_0.jpg,FAKE,1,ONE_FACE,0.8867,"[84,58,207,240]"
Fake/fake_212_aug_1.jpg,FAKE,1,ONE_FACE,0.9546,"[36,25,174,242]"
Fake/fake_212_aug_2.jpg,FAKE,1,ONE_FACE,0.9063,"[50,54,178,242]"
Fake/fake_212_aug_3.jpg,FAKE,1,ONE_FACE,0.9073,"[19,6,178,191]"
Fake/fake_212_aug_4.jpg,FAKE,1,ONE_FACE,0.9541,"[42,31,177,243]"
Fake/fake_213_aug_0.jpg,FAKE,1,ONE_FACE,0.8077,"[24,43,187,211]"
Fake/fake_213_aug_1.jpg,FAKE,1,ONE_FACE,0.8228,"[6,3,187,196]"
Fake/fake_213_aug_2.jpg,FAKE,1,ONE_FACE,0.9540,"[102,69,169,242]"
Fake/fake_213_aug_3.jpg,FAKE,1,ONE_FACE,0.9512,"[48,45,177,246]"
Fake/fake_213_aug_4.jpg,FAKE,1,ONE_FACE,0.8464,"[80,4,169,186]"
Fake/fake_214_aug_0.jpg,FAKE,1,ONE_FACE,0.8912,"[63,23,166,215]"
Fake/fake_214_aug_1.jpg,FAKE,1,ONE_FACE,0.8925,"[25,10,184,213]"
Fake/fake_214_aug_2.jpg,FAKE,1,ONE_FACE,0.8918,"[92,60,154,197]"
Fake/fake_214_aug_3.jpg,FAKE,1,ONE_FACE,0.9475,"[64,57,158,229]"
Fake/fake_214_aug_4.jpg,FAKE,1,ONE_FACE,0.9490,"[82,38,161,225]"
Fake/fake_215_aug_0.jpg,FAKE,1,ONE_FACE,0.9487,"[88,87,167,221]"
Fake/fake_215_aug_1.jpg,FAKE,1,ONE_FACE,0.8968,"[26,7,178,170]"
Fake/fake_215_aug_2.jpg,FAKE,1,ONE_FACE,0.8727,"[80,64,192,204]"
Fake/fake_215_aug_3.jpg,FAKE,1,ONE_FACE,0.9536,"[44,24,158,211]"
Fake/fake_215_aug_4.jpg,FAKE,1,ONE_FACE,0.8938,"[72,59,172,210]"
Fake/fake_216_aug_0.jpg,FAKE,1,ONE_FACE,0.9313,"[72,42,173,244]"
Fake/fake_216_aug_1.jpg,FAKE,1,ONE_FACE,0.8948,"[82,107,176,201]"
Fake/fake_216_aug_2.jpg,FAKE,1,ONE_FACE,0.9479,"[99,31,169,251]"
Fake/fake_216_aug_3.jpg,FAKE,1,ONE_FACE,0.8892,"[49,49,164,186]"
Fake/fake_216_aug_4.jpg,FAKE,1,ONE_FACE,0.8992,"[75,54,166,227]"
Fake/fake_217_aug_0.jpg,FAKE,1,ONE_FACE,0.8735,"[40,17,168,179]"
Fake/fake_217_aug_1.jpg,FAKE,1,ONE_FACE,0.9403,"[60,56,176,227]"
Fake/fake_217_aug_2.jpg,FAKE,1,ONE_FACE,0.9307,"[86,68,182,214]"
Fake/fake_217_aug_3.jpg,FAKE,1,ONE_FACE,0.8930,"[89,73,170,209]"
Fake/fake_217_aug_4.jpg,FAKE,1,ONE_FACE,0.9510,"[44,31,164,224]"
Fake/fake_218_aug_0.jpg,FAKE,1,ONE_FACE,0.8816,"[52,16,197,215]"
Fake/fake_218_aug_1.jpg,FAKE,1,ONE_FACE,0.8907,"[96,7,168,196]"
Fake/fake_218_aug_2.jpg,FAKE,1,ONE_FACE,0.8585,"[75,44,162,202]"
Fake/fake_218_aug_3.jpg,FAKE,1,ONE_FACE,0.9391,"[65,62,172,212]"
Fake/fake_218_aug_4.jpg,FAKE,1,ONE_FACE,0.9495,"[40,44,166,210]"
Fake/fake_219_aug_0.jpg,FAKE,1,ONE_FACE,0.8769,"[9,1,187,198]"
Fake/fake_219_aug_1.jpg,FAKE,1,ONE_FACE,0.9491,"[43,33,175,232]"
Fake/fake_219_aug_2.jpg,FAKE,1,ONE_FACE,0.9521,"[63,49,164,232]"
Fake/fake_219_aug_3.jpg,FAKE,1,ONE_FACE,0.9439,"[66,45,171,234]"
Fake/fake_219_aug_4.jpg,FAKE,1,ONE_FACE,0.8751,"[32,16,200,222]"
Fake/fake_21_aug_0.jpg,FAKE,1,ONE_FACE,0.9506,"[65,14,164,207]"
Fake/fake_21_aug_1.jpg,FAKE,1,ONE_FACE,0.8793,"[88,14,187,215]"
Fake/fake_21_aug_2.jpg,FAKE,1,ONE_FACE,0.9392,"[83,72,172,211]"
Fake/fake_21_aug_3.jpg,FAKE,1,ONE_FACE,0.9442,"[47,28,171,214]"
Fake/fake_21_aug_4.jpg,FAKE,1,ONE_FACE,0.9508,"[27,44,166,218]"
Fake/fake_220_aug_0.jpg,FAKE,1,ONE_FACE,0.8955,"[106,41,166,208]"
Fake/fake_220_aug_1.jpg,FAKE,1,ONE_FACE,0.8920,"[39,26,153,190]"
Fake/fake_220_aug_2.jpg,FAKE,1,ONE_FACE,0.8921,"[36,27,155,192]"
Fake/fake_220_aug_3.jpg,FAKE,1,ONE_FACE,0.9534,"[75,48,155,218]"
Fake/fake_220_aug_4.jpg,FAKE,1,ONE_FACE,0.9522,"[106,82,154,221]"
Fake/fake_221_aug_0.jpg,FAKE,1,ONE_FACE,0.9460,"[76,48,174,231]"
Fake/fake_221_aug_1.jpg,FAKE,1,ONE_FACE,0.8997,"[110,16,182,231]"
Fake/fake_221_aug_2.jpg,FAKE,1,ONE_FACE,0.9472,"[49,52,174,228]"
Fake/fake_221_aug_3.jpg,FAKE,1,ONE_FACE,0.9011,"[52,20,170,221]"
Fake/fake_221_aug_4.jpg,FAKE,1,ONE_FACE,0.9385,"[44,48,182,220]"
Fake/fake_222_aug_0.jpg,FAKE,1,ONE_FACE,0.8678,"[60,8,181,261]"
Fake/fake_222_aug_1.jpg,FAKE,1,ONE_FACE,0.8694,"[58,12,182,257]"
Fake/fake_222_aug_2.jpg,FAKE,1,ONE_FACE,0.9395,"[16,50,165,214]"
Fake/fake_222_aug_3.jpg,FAKE,1,ONE_FACE,0.8581,"[46,-3,182,253]"
Fake/fake_222_aug_4.jpg,FAKE,1,ONE_FACE,0.9423,"[104,5,169,227]"
Fake/fake_223_aug_0.jpg,FAKE,1,ONE_FACE,0.8815,"[52,25,191,200]"
Fake/fake_223_aug_1.jpg,FAKE,1,ONE_FACE,0.9191,"[92,90,195,211]"
Fake/fake_223_aug_2.jpg,FAKE,1,ONE_FACE,0.9414,"[98,135,176,211]"
Fake/fake_223_aug_3.jpg,FAKE,1,ONE_FACE,0.8955,"[44,13,215,189]"
Fake/fake_223_aug_4.jpg,FAKE,1,ONE_FACE,0.9424,"[19,53,171,215]"
Fake/fake_224_aug_0.jpg,FAKE,1,ONE_FACE,0.9433,"[86,57,165,218]"
Fake/fake_224_aug_1.jpg,FAKE,1,ONE_FACE,0.8773,"[40,21,200,251]"
Fake/fake_224_aug_2.jpg,FAKE,1,ONE_FACE,0.9370,"[79,72,166,217]"
Fake/fake_224_aug_3.jpg,FAKE,1,ONE_FACE,0.9017,"[57,31,173,228]"
Fake/fake_224_aug_4.jpg,FAKE,1,ONE_FACE,0.8874,"[45,31,184,206]"
Fake/fake_225_aug_0.jpg,FAKE,1,ONE_FACE,0.8850,"[62,61,180,224]"
Fake/fake_225_aug_1.jpg,FAKE,1,ONE_FACE,0.9332,"[57,32,160,198]"
Fake/fake_225_aug_2.jpg,FAKE,1,ONE_FACE,0.8865,"[19,97,180,217]"
Fake/fake_225_aug_3.jpg,FAKE,1,ONE_FACE,0.8926,"[39,41,190,211]"
Fake/fake_225_aug_4.jpg,FAKE,1,ONE_FACE,0.8894,"[63,59,181,231]"
Fake/fake_226_aug_0.jpg,FAKE,1,ONE_FACE,0.9431,"[68,52,164,218]"
Fake/fake_226_aug_1.jpg,FAKE,1,ONE_FACE,0.9405,"[67,52,165,219]"
Fake/fake_226_aug_2.jpg,FAKE,1,ONE_FACE,0.8352,"[33,22,194,246]"
Fake/fake_226_aug_3.jpg,FAKE,1,ONE_FACE,0.8480,"[63,55,177,234]"
Fake/fake_226_aug_4.jpg,FAKE,1,ONE_FACE,0.8256,"[31,27,190,210]"
Fake/fake_227_aug_0.jpg,FAKE,1,ONE_FACE,0.8854,"[39,2,178,234]"
Fake/fake_227_aug_1.jpg,FAKE,1,ONE_FACE,0.9316,"[23,-2,162,205]"
Fake/fake_227_aug_2.jpg,FAKE,1,ONE_FACE,0.9467,"[2,0,158,205]"
Fake/fake_227_aug_3.jpg,FAKE,1,ONE_FACE,0.9438,"[104,40,158,226]"
Fake/fake_227_aug_4.jpg,FAKE,1,ONE_FACE,0.9428,"[43,45,166,217]"
Fake/fake_228_aug_0.jpg,FAKE,1,ONE_FACE,0.9503,"[80,12,163,201]"
Fake/fake_228_aug_1.jpg,FAKE,1,ONE_FACE,0.8859,"[51,45,185,201]"
Fake/fake_228_aug_2.jpg,FAKE,1,ONE_FACE,0.9019,"[28,16,180,207]"
Fake/fake_228_aug_3.jpg,FAKE,1,ONE_FACE,0.9086,"[78,64,184,195]"
Fake/fake_228_aug_4.jpg,FAKE,1,ONE_FACE,0.9122,"[47,18,174,207]"
Fake/fake_229_aug_0.jpg,FAKE,1,ONE_FACE,0.8402,"[4,13,203,251]"
Fake/fake_229_aug_1.jpg,FAKE,1,ONE_FACE,0.9136,"[44,89,196,219]"
Fake/fake_229_aug_2.jpg,FAKE,1,ONE_FACE,0.9459,"[13,3,162,224]"
Fake/fake_229_aug_3.jpg,FAKE,1,ONE_FACE,0.9452,"[41,35,169,228]"
Fake/fake_229_aug_4.jpg,FAKE,1,ONE_FACE,0.9537,"[10,0,164,208]"
Fake/fake_22_aug_0.jpg,FAKE,1,ONE_FACE,0.8814,"[91,38,185,231]"
Fake/fake_22_aug_1.jpg,FAKE,1,ONE_FACE,0.8972,"[45,14,186,246]"
Fake/fake_22_aug_2.jpg,FAKE,1,ONE_FACE,0.9493,"[81,37,171,237]"
Fake/fake_22_aug_3.jpg,FAKE,1,ONE_FACE,0.9530,"[63,62,168,236]"
Fake/fake_22_aug_4.jpg,FAKE,1,ONE_FACE,0.9264,"[48,98,186,231]"
Fake/fake_230_aug_0.jpg,FAKE,1,ONE_FACE,0.9074,"[56,100,172,231]"
Fake/fake_230_aug_1.jpg,FAKE,1,ONE_FACE,0.9487,"[25,34,178,217]"
Fake/fake_230_aug_2.jpg,FAKE,1,ONE_FACE,0.8868,"[77,89,173,210]"
Fake/fake_230_aug_3.jpg,FAKE,1,ONE_FACE,0.9495,"[50,36,170,225]"
Fake/fake_230_aug_4.jpg,FAKE,1,ONE_FACE,0.9110,"[39,20,179,202]"
Fake/fake_231_aug_0.jpg,FAKE,1,ONE_FACE,0.9534,"[63,60,166,210]"
Fake/fake_231_aug_1.jpg,FAKE,1,ONE_FACE,0.9370,"[44,45,179,219]"
Fake/fake_231_aug_2.jpg,FAKE,1,ONE_FACE,0.9516,"[61,62,166,209]"
Fake/fake_231_aug_3.jpg,FAKE,1,ONE_FACE,0.8279,"[8,5,223,196]"
Fake/fake_231_aug_4.jpg,FAKE,1,ONE_FACE,0.8504,"[54,29,190,203]"
Fake/fake_232_aug_0.jpg,FAKE,1,ONE_FACE,0.9362,"[64,18,171,209]"
Fake/fake_232_aug_1.jpg,FAKE,1,ONE_FACE,0.7497,"[73,48,157,165]"
Fake/fake_232_aug_2.jpg,FAKE,1,ONE_FACE,0.8531,"[51,12,179,238]"
Fake/fake_232_aug_3.jpg,FAKE,1,ONE_FACE,0.8350,"[123,6,158,168]"
Fake/fake_232_aug_4.jpg,FAKE,1,ONE_FACE,0.8261,"[54,5,164,197]"
Fake/fake_233_aug_0.jpg,FAKE,1,ONE_FACE,0.9475,"[34,8,179,222]"
Fake/fake_233_aug_1.jpg,FAKE,1,ONE_FACE,0.8973,"[51,54,194,220]"
Fake/fake_233_aug_2.jpg,FAKE,1,ONE_FACE,0.9507,"[100,51,177,231]"
Fake/fake_233_aug_3.jpg,FAKE,1,ONE_FACE,0.9436,"[27,33,174,229]"
Fake/fake_233_aug_4.jpg,FAKE,1,ONE_FACE,0.9074,"[121,9,182,207]"
Fake/fake_234_aug_0.jpg,FAKE,1,ONE_FACE,0.9168,"[63,68,185,188]"
Fake/fake_234_aug_1.jpg,FAKE,1,ONE_FACE,0.9512,"[75,50,174,222]"
Fake/fake_234_aug_2.jpg,FAKE,1,ONE_FACE,0.9555,"[28,30,171,228]"
Fake/fake_234_aug_3.jpg,FAKE,1,ONE_FACE,0.9502,"[84,24,172,220]"
Fake/fake_234_aug_4.jpg,FAKE,1,ONE_FACE,0.8886,"[122,46,181,239]"
Fake/fake_235_aug_0.jpg,FAKE,1,ONE_FACE,0.9501,"[88,74,167,231]"
Fake/fake_235_aug_1.jpg,FAKE,1,ONE_FACE,0.7831,"[54,33,180,187]"
Fake/fake_235_aug_2.jpg,FAKE,1,ONE_FACE,0.9198,"[21,12,195,223]"
Fake/fake_235_aug_3.jpg,FAKE,1,ONE_FACE,0.9220,"[36,27,192,221]"
Fake/fake_235_aug_4.jpg,FAKE,1,ONE_FACE,0.8473,"[62,22,161,203]"
Fake/fake_236_aug_0.jpg,FAKE,1,ONE_FACE,0.9461,"[74,97,153,210]"
Fake/fake_236_aug_1.jpg,FAKE,1,ONE_FACE,0.8823,"[54,12,172,224]"
Fake/fake_236_aug_2.jpg,FAKE,1,ONE_FACE,0.9538,"[74,59,152,215]"
Fake/fake_236_aug_3.jpg,FAKE,1,ONE_FACE,0.9285,"[39,39,172,211]"
Fake/fake_236_aug_4.jpg,FAKE,1,ONE_FACE,0.8693,"[36,5,167,217]"
Fake/fake_237_aug_0.jpg,FAKE,1,ONE_FACE,0.9525,"[120,108,161,213]"
Fake/fake_237_aug_1.jpg,FAKE,1,ONE_FACE,0.9013,"[65,115,161,209]"
Fake/fake_237_aug_2.jpg,FAKE,1,ONE_FACE,0.9154,"[9,13,170,194]"
Fake/fake_237_aug_3.jpg,FAKE,1,ONE_FACE,0.9491,"[17,67,162,194]"
Fake/fake_237_aug_4.jpg,FAKE,1,ONE_FACE,0.9061,"[1,14,158,185]"
Fake/fake_238_aug_0.jpg,FAKE,1,ONE_FACE,0.8601,"[70,69,167,219]"
Fake/fake_238_aug_1.jpg,FAKE,1,ONE_FACE,0.8695,"[118,9,153,213]"
Fake/fake_238_aug_2.jpg,FAKE,1,ONE_FACE,0.8807,"[46,4,166,218]"
Fake/fake_238_aug_3.jpg,FAKE,1,ONE_FACE,0.8597,"[51,18,152,193]"
Fake/fake_238_aug_4.jpg,FAKE,1,ONE_FACE,0.9262,"[40,101,164,213]"
Fake/fake_239_aug_0.jpg,FAKE,1,ONE_FACE,0.9012,"[57,31,167,217]"
Fake/fake_239_aug_1.jpg,FAKE,1,ONE_FACE,0.9464,"[71,55,174,217]"
Fake/fake_239_aug_2.jpg,FAKE,1,ONE_FACE,0.8993,"[53,31,172,219]"
Fake/fake_239_aug_3.jpg,FAKE,1,ONE_FACE,0.9547,"[30,38,166,225]"
Fake/fake_239_aug_4.jpg,FAKE,1,ONE_FACE,0.9179,"[54,23,172,226]"
Fake/fake_23_aug_0.jpg,FAKE,1,ONE_FACE,0.9151,"[66,37,175,221]"
Fake/fake_23_aug_1.jpg,FAKE,1,ONE_FACE,0.9155,"[67,19,184,206]"
Fake/fake_23_aug_2.jpg,FAKE,1,ONE_FACE,0.9307,"[12,79,183,215]"
Fake/fake_23_aug_3.jpg,FAKE,1,ONE_FACE,0.9427,"[24,23,172,232]"
Fake/fake_23_aug_4.jpg,FAKE,1,ONE_FACE,0.9169,"[61,31,182,227]"
Fake/fake_240_aug_0.jpg,FAKE,1,ONE_FACE,0.8702,"[25,4,184,226]"
Fake/fake_240_aug_1.jpg,FAKE,1,ONE_FACE,0.9083,"[52,24,197,241]"
Fake/fake_240_aug_2.jpg,FAKE,1,ONE_FACE,0.8692,"[49,5,175,222]"
Fake/fake_240_aug_3.jpg,FAKE,1,ONE_FACE,0.8757,"[55,21,177,250]"
Fake/fake_240_aug_4.jpg,FAKE,1,ONE_FACE,0.9450,"[48,64,167,249]"
Fake/fake_241_aug_0.jpg,FAKE,1,ONE_FACE,0.9010,"[19,13,185,223]"
Fake/fake_241_aug_1.jpg,FAKE,1,ONE_FACE,0.9353,"[49,46,183,223]"
Fake/fake_241_aug_2.jpg,FAKE,1,ONE_FACE,0.9436,"[38,90,169,214]"
Fake/fake_241_aug_3.jpg,FAKE,1,ONE_FACE,0.8822,"[47,8,169,193]"
Fake/fake_241_aug_4.jpg,FAKE,1,ONE_FACE,0.8966,"[52,33,201,225]"
Fake/fake_242_aug_0.jpg,FAKE,1,ONE_FACE,0.9557,"[15,41,175,219]"
Fake/fake_242_aug_1.jpg,FAKE,1,ONE_FACE,0.8774,"[42,36,174,201]"
Fake/fake_242_aug_2.jpg,FAKE,1,ONE_FACE,0.9477,"[89,51,166,220]"
Fake/fake_242_aug_3.jpg,FAKE,1,ONE_FACE,0.8822,"[44,28,166,201]"
Fake/fake_242_aug_4.jpg,FAKE,1,ONE_FACE,0.8874,"[0,1,177,188]"
Fake/fake_243_aug_0.jpg,FAKE,1,ONE_FACE,0.8420,"[53,11,191,246]"
Fake/fake_243_aug_1.jpg,FAKE,1,ONE_FACE,0.8710,"[96,8,170,230]"
Fake/fake_243_aug_2.jpg,FAKE,1,ONE_FACE,0.8788,"[73,26,172,229]"
Fake/fake_243_aug_3.jpg,FAKE,1,ONE_FACE,0.8438,"[82,65,175,208]"
Fake/fake_243_aug_4.jpg,FAKE,1,ONE_FACE,0.9454,"[79,53,152,223]"
Fake/fake_244_aug_0.jpg,FAKE,1,ONE_FACE,0.8942,"[69,104,176,207]"
Fake/fake_244_aug_1.jpg,FAKE,1,ONE_FACE,0.9052,"[68,69,173,226]"
Fake/fake_244_aug_2.jpg,FAKE,1,ONE_FACE,0.9085,"[87,34,173,234]"
Fake/fake_244_aug_3.jpg,FAKE,1,ONE_FACE,0.8949,"[66,65,173,213]"
Fake/fake_244_aug_4.jpg,FAKE,1,ONE_FACE,0.8999,"[51,55,193,225]"
Fake/fake_245_aug_0.jpg,FAKE,1,ONE_FACE,0.8978,"[6,45,192,228]"
Fake/fake_245_aug_1.jpg,FAKE,1,ONE_FACE,0.8827,"[23,41,201,219]"
Fake/fake_245_aug_2.jpg,FAKE,1,ONE_FACE,0.9445,"[51,27,182,211]"
Fake/fake_245_aug_3.jpg,FAKE,1,ONE_FACE,0.8660,"[18,40,221,217]"
Fake/fake_245_aug_4.jpg,FAKE,1,ONE_FACE,0.9382,"[82,72,175,208]"
Fake/fake_246_aug_0.jpg,FAKE,1,ONE_FACE,0.9494,"[64,58,174,216]"
Fake/fake_246_aug_1.jpg,FAKE,1,ONE_FACE,0.8846,"[18,8,193,192]"
Fake/fake_246_aug_2.jpg,FAKE,1,ONE_FACE,0.9543,"[3,11,159,211]"
Fake/fake_246_aug_3.jpg,FAKE,1,ONE_FACE,0.9459,"[79,75,182,229]"
Fake/fake_246_aug_4.jpg,FAKE,1,ONE_FACE,0.8905,"[35,17,203,227]"
Fake/fake_247_aug_0.jpg,FAKE,1,ONE_FACE,0.9249,"[41,23,190,220]"
Fake/fake_247_aug_1.jpg,FAKE,1,ONE_FACE,0.8832,"[60,56,176,228]"
Fake/fake_247_aug_2.jpg,FAKE,1,ONE_FACE,0.8921,"[11,44,171,262]"
Fake/fake_247_aug_3.jpg,FAKE,1,ONE_FACE,0.9057,"[41,4,186,207]"
Fake/fake_247_aug_4.jpg,FAKE,1,ONE_FACE,0.8861,"[92,59,192,229]"
Fake/fake_248_aug_0.jpg,FAKE,1,ONE_FACE,0.9040,"[86,55,178,219]"
Fake/fake_248_aug_1.jpg,FAKE,1,ONE_FACE,0.9516,"[57,36,180,232]"
Fake/fake_248_aug_2.jpg,FAKE,1,ONE_FACE,0.9062,"[65,23,183,235]"
Fake/fake_248_aug_3.jpg,FAKE,1,ONE_FACE,0.8641,"[84,18,191,241]"
Fake/fake_248_aug_4.jpg,FAKE,1,ONE_FACE,0.9487,"[45,28,174,236]"
Fake/fake_249_aug_0.jpg,FAKE,1,ONE_FACE,0.9055,"[61,2,199,195]"
Fake/fake_249_aug_1.jpg,FAKE,1,ONE_FACE,0.9012,"[63,34,194,225]"
Fake/fake_249_aug_2.jpg,FAKE,1,ONE_FACE,0.8952,"[43,3,185,219]"
Fake/fake_249_aug_3.jpg,FAKE,1,ONE_FACE,0.9510,"[66,72,186,233]"
Fake/fake_249_aug_4.jpg,FAKE,1,ONE_FACE,0.9583,"[12,11,184,230]"
Fake/fake_24_aug_0.jpg,FAKE,1,ONE_FACE,0.9541,"[53,64,175,215]"
Fake/fake_24_aug_1.jpg,FAKE,1,ONE_FACE,0.8945,"[100,5,193,201]"
Fake/fake_24_aug_2.jpg,FAKE,1,ONE_FACE,0.9549,"[49,56,176,218]"
Fake/fake_24_aug_3.jpg,FAKE,1,ONE_FACE,0.9546,"[18,20,177,212]"
Fake/fake_24_aug_4.jpg,FAKE,1,ONE_FACE,0.8880,"[27,18,204,214]"
Fake/fake_250_aug_0.jpg,FAKE,1,ONE_FACE,0.9577,"[44,27,175,237]"
Fake/fake_250_aug_1.jpg,FAKE,1,ONE_FACE,0.9550,"[54,47,180,225]"
Fake/fake_250_aug_2.jpg,FAKE,1,ONE_FACE,0.8913,"[59,35,172,226]"
Fake/fake_250_aug_3.jpg,FAKE,1,ONE_FACE,0.9372,"[31,20,190,232]"
Fake/fake_250_aug_4.jpg,FAKE,1,ONE_FACE,0.8854,"[74,30,166,219]"
Fake/fake_251_aug_0.jpg,FAKE,1,ONE_FACE,0.6144,"[79,43,188,241]"
Fake/fake_251_aug_1.jpg,FAKE,1,ONE_FACE,0.8666,"[76,-2,177,212]"
Fake/fake_251_aug_2.jpg,FAKE,1,ONE_FACE,0.7729,"[59,30,177,200]"
Fake/fake_251_aug_3.jpg,FAKE,1,ONE_FACE,0.9476,"[53,39,166,219]"
Fake/fake_251_aug_4.jpg,FAKE,1,ONE_FACE,0.8068,"[49,21,185,195]"
Fake/fake_252_aug_0.jpg,FAKE,1,ONE_FACE,0.9268,"[35,27,180,219]"
Fake/fake_252_aug_1.jpg,FAKE,1,ONE_FACE,0.9075,"[46,29,201,240]"
Fake/fake_252_aug_2.jpg,FAKE,1,ONE_FACE,0.8997,"[73,71,185,226]"
Fake/fake_252_aug_3.jpg,FAKE,1,ONE_FACE,0.9450,"[66,63,159,206]"
Fake/fake_252_aug_4.jpg,FAKE,1,ONE_FACE,0.9292,"[86,20,189,215]"
Fake/fake_253_aug_0.jpg,FAKE,1,ONE_FACE,0.8655,"[34,10,171,198]"
Fake/fake_253_aug_1.jpg,FAKE,1,ONE_FACE,0.9090,"[71,7,170,219]"
Fake/fake_253_aug_2.jpg,FAKE,1,ONE_FACE,0.8990,"[121,25,166,216]"
Fake/fake_253_aug_3.jpg,FAKE,1,ONE_FACE,0.8947,"[106,7,139,215]"
Fake/fake_253_aug_4.jpg,FAKE,1,ONE_FACE,0.9010,"[69,52,178,218]"
Fake/fake_254_aug_0.jpg,FAKE,1,ONE_FACE,0.9343,"[46,101,180,218]"
Fake/fake_254_aug_1.jpg,FAKE,1,ONE_FACE,0.9501,"[58,58,164,224]"
Fake/fake_254_aug_2.jpg,FAKE,1,ONE_FACE,0.9333,"[63,62,178,213]"
Fake/fake_254_aug_3.jpg,FAKE,1,ONE_FACE,0.9080,"[29,2,192,210]"
Fake/fake_254_aug_4.jpg,FAKE,1,ONE_FACE,0.9460,"[3,7,174,220]"
Fake/fake_255_aug_0.jpg,FAKE,1,ONE_FACE,0.8833,"[70,29,198,234]"
Fake/fake_255_aug_1.jpg,FAKE,1,ONE_FACE,0.8798,"[64,9,162,177]"
Fake/fake_255_aug_2.jpg,FAKE,1,ONE_FACE,0.9367,"[56,51,168,236]"
Fake/fake_255_aug_3.jpg,FAKE,1,ONE_FACE,0.9417,"[54,41,162,234]"
Fake/fake_255_aug_4.jpg,FAKE,1,ONE_FACE,0.8830,"[93,3,155,220]"
Fake/fake_256_aug_0.jpg,FAKE,1,ONE_FACE,0.8842,"[90,16,169,195]"
Fake/fake_256_aug_1.jpg,FAKE,1,ONE_FACE,0.8944,"[55,36,161,214]"
Fake/fake_256_aug_2.jpg,FAKE,1,ONE_FACE,0.9474,"[58,34,161,223]"
Fake/fake_256_aug_3.jpg,FAKE,1,ONE_FACE,0.8981,"[69,39,163,221]"
Fake/fake_256_aug_4.jpg,FAKE,1,ONE_FACE,0.9375,"[90,70,164,223]"
Fake/fake_257_aug_0.jpg,FAKE,1,ONE_FACE,0.9455,"[30,36,185,232]"
Fake/fake_257_aug_1.jpg,FAKE,1,ONE_FACE,0.9537,"[32,29,171,230]"
Fake/fake_257_aug_2.jpg,FAKE,1,ONE_FACE,0.8635,"[34,96,200,227]"
Fake/fake_257_aug_3.jpg,FAKE,1,ONE_FACE,0.9549,"[65,54,172,221]"
Fake/fake_257_aug_4.jpg,FAKE,1,ONE_FACE,0.8839,"[21,24,197,217]"
Fake/fake_258_aug_0.jpg,FAKE,1,ONE_FACE,0.8753,"[60,47,172,209]"
Fake/fake_258_aug_1.jpg,FAKE,1,ONE_FACE,0.8875,"[99,48,170,204]"
Fake/fake_258_aug_2.jpg,FAKE,1,ONE_FACE,0.8711,"[65,46,190,206]"
Fake/fake_258_aug_3.jpg,FAKE,1,ONE_FACE,0.9511,"[82,11,166,218]"
Fake/fake_258_aug_4.jpg,FAKE,1,ONE_FACE,0.8953,"[87,26,182,209]"
Fake/fake_259_aug_0.jpg,FAKE,1,ONE_FACE,0.8739,"[19,45,166,206]"
Fake/fake_259_aug_1.jpg,FAKE,1,ONE_FACE,0.8697,"[66,47,160,191]"
Fake/fake_259_aug_2.jpg,FAKE,1,ONE_FACE,0.8809,"[38,18,180,199]"
Fake/fake_259_aug_3.jpg,FAKE,1,ONE_FACE,0.9028,"[65,23,171,207]"
Fake/fake_259_aug_4.jpg,FAKE,1,ONE_FACE,0.8541,"[67,43,184,209]"
Fake/fake_25_aug_0.jpg,FAKE,1,ONE_FACE,0.8878,"[61,64,166,201]"
Fake/fake_25_aug_1.jpg,FAKE,1,ONE_FACE,0.9004,"[86,29,170,190]"
Fake/fake_25_aug_2.jpg,FAKE,1,ONE_FACE,0.8981,"[52,24,151,199]"
Fake/fake_25_aug_3.jpg,FAKE,1,ONE_FACE,0.9015,"[33,8,168,191]"
Fake/fake_25_aug_4.jpg,FAKE,1,ONE_FACE,0.9494,"[58,16,161,228]"
Fake/fake_260_aug_0.jpg,FAKE,1,ONE_FACE,0.8996,"[50,14,185,244]"
Fake/fake_260_aug_1.jpg,FAKE,1,ONE_FACE,0.9357,"[28,12,197,241]"
Fake/fake_260_aug_2.jpg,FAKE,1,ONE_FACE,0.9534,"[75,56,179,243]"
Fake/fake_260_aug_3.jpg,FAKE,1,ONE_FACE,0.9579,"[96,53,179,235]"
Fake/fake_260_aug_4.jpg,FAKE,1,ONE_FACE,0.8943,"[82,38,184,248]"
Fake/fake_261_aug_0.jpg,FAKE,1,ONE_FACE,0.7401,"[80,32,226,243]"
Fake/fake_261_aug_1.jpg,FAKE,1,ONE_FACE,0.8410,"[15,-2,220,248]"
Fake/fake_261_aug_2.jpg,FAKE,1,ONE_FACE,0.8669,"[15,44,205,256]"
Fake/fake_261_aug_3.jpg,FAKE,1,ONE_FACE,0.8494,"[29,8,208,257]"
Fake/fake_261_aug_4.jpg,FAKE,1,ONE_FACE,0.9337,"[20,3,191,240]"
Fake/fake_262_aug_0.jpg,FAKE,1,ONE_FACE,0.8744,"[72,33,177,206]"
Fake/fake_262_aug_1.jpg,FAKE,1,ONE_FACE,0.8798,"[84,15,183,211]"
Fake/fake_262_aug_2.jpg,FAKE,1,ONE_FACE,0.9504,"[51,46,179,231]"
Fake/fake_262_aug_3.jpg,FAKE,1,ONE_FACE,0.8758,"[63,28,182,205]"
Fake/fake_262_aug_4.jpg,FAKE,1,ONE_FACE,0.8920,"[123,7,161,205]"
Fake/fake_263_aug_0.jpg,FAKE,1,ONE_FACE,0.9533,"[38,57,161,203]"
Fake/fake_263_aug_1.jpg,FAKE,1,ONE_FACE,0.9528,"[51,2,164,206]"
Fake/fake_263_aug_2.jpg,FAKE,1,ONE_FACE,0.8994,"[44,29,174,187]"
Fake/fake_263_aug_3.jpg,FAKE,1,ONE_FACE,0.9464,"[26,72,167,204]"
Fake/fake_263_aug_4.jpg,FAKE,1,ONE_FACE,0.8961,"[75,25,178,194]"
Fake/fake_264_aug_0.jpg,FAKE,1,ONE_FACE,0.9294,"[56,44,203,216]"
Fake/fake_264_aug_1.jpg,FAKE,1,ONE_FACE,0.8897,"[10,20,190,240]"
Fake/fake_264_aug_2.jpg,FAKE,1,ONE_FACE,0.8725,"[31,24,186,243]"
Fake/fake_264_aug_3.jpg,FAKE,1,ONE_FACE,0.8723,"[13,13,193,227]"
Fake/fake_264_aug_4.jpg,FAKE,1,ONE_FACE,0.9042,"[75,16,193,245]"
Fake/fake_265_aug_0.jpg,FAKE,1,ONE_FACE,0.9242,"[79,34,173,241]"
Fake/fake_265_aug_1.jpg,FAKE,1,ONE_FACE,0.9437,"[19,12,176,237]"
Fake/fake_265_aug_2.jpg,FAKE,1,ONE_FACE,0.8140,"[39,13,169,212]"
Fake/fake_265_aug_3.jpg,FAKE,1,ONE_FACE,0.9420,"[15,45,169,232]"
Fake/fake_265_aug_4.jpg,FAKE,1,ONE_FACE,0.8418,"[72,46,177,209]"
Fake/fake_266_aug_0.jpg,FAKE,1,ONE_FACE,0.9225,"[55,32,168,208]"
Fake/fake_266_aug_1.jpg,FAKE,1,ONE_FACE,0.9039,"[11,8,188,221]"
Fake/fake_266_aug_2.jpg,FAKE,1,ONE_FACE,0.9573,"[55,18,177,248]"
Fake/fake_266_aug_3.jpg,FAKE,1,ONE_FACE,0.8807,"[72,27,182,228]"
Fake/fake_266_aug_4.jpg,FAKE,1,ONE_FACE,0.9571,"[49,34,177,239]"
Fake/fake_267_aug_0.jpg,FAKE,1,ONE_FACE,0.9448,"[44,48,167,230]"
Fake/fake_267_aug_1.jpg,FAKE,1,ONE_FACE,0.9470,"[81,20,161,224]"
Fake/fake_267_aug_2.jpg,FAKE,1,ONE_FACE,0.9362,"[25,32,160,212]"
Fake/fake_267_aug_3.jpg,FAKE,1,ONE_FACE,0.8883,"[36,42,187,251]"
Fake/fake_267_aug_4.jpg,FAKE,1,ONE_FACE,0.8963,"[93,92,174,206]"
Fake/fake_268_aug_0.jpg,FAKE,1,ONE_FACE,0.8944,"[41,10,187,210]"
Fake/fake_268_aug_1.jpg,FAKE,1,ONE_FACE,0.9576,"[85,83,175,221]"
Fake/fake_268_aug_2.jpg,FAKE,1,ONE_FACE,0.8840,"[63,6,193,197]"
Fake/fake_268_aug_3.jpg,FAKE,1,ONE_FACE,0.8464,"[53,17,192,206]"
Fake/fake_268_aug_4.jpg,FAKE,1,ONE_FACE,0.9483,"[88,93,175,202]"
Fake/fake_269_aug_0.jpg,FAKE,1,ONE_FACE,0.8552,"[42,7,166,198]"
Fake/fake_269_aug_1.jpg,FAKE,1,ONE_FACE,0.8731,"[62,29,156,196]"
Fake/fake_269_aug_2.jpg,FAKE,1,ONE_FACE,0.9573,"[88,73,156,218]"
Fake/fake_269_aug_3.jpg,FAKE,1,ONE_FACE,0.9523,"[47,9,154,217]"
Fake/fake_269_aug_4.jpg,FAKE,1,ONE_FACE,0.8124,"[142,66,154,217]"
Fake/fake_26_aug_0.jpg,FAKE,1,ONE_FACE,0.8722,"[32,24,173,232]"
Fake/fake_26_aug_1.jpg,FAKE,1,ONE_FACE,0.9515,"[82,46,173,240]"
Fake/fake_26_aug_2.jpg,FAKE,1,ONE_FACE,0.9456,"[80,51,174,235]"
Fake/fake_26_aug_3.jpg,FAKE,1,ONE_FACE,0.9491,"[52,55,171,244]"
Fake/fake_26_aug_4.jpg,FAKE,1,ONE_FACE,0.9361,"[58,72,171,229]"
Fake/fake_270_aug_0.jpg,FAKE,1,ONE_FACE,0.9504,"[35,34,169,234]"
Fake/fake_270_aug_1.jpg,FAKE,1,ONE_FACE,0.9472,"[29,30,167,222]"
Fake/fake_270_aug_2.jpg,FAKE,1,ONE_FACE,0.9452,"[21,64,171,222]"
Fake/fake_270_aug_3.jpg,FAKE,1,ONE_FACE,0.9515,"[69,4,165,224]"
Fake/fake_270_aug_4.jpg,FAKE,1,ONE_FACE,0.8809,"[58,47,164,191]"
Fake/fake_271_aug_0.jpg,FAKE,1,ONE_FACE,0.8962,"[74,64,155,217]"
Fake/fake_271_aug_1.jpg,FAKE,1,ONE_FACE,0.9032,"[80,49,158,219]"
Fake/fake_271_aug_2.jpg,FAKE,1,ONE_FACE,0.9521,"[1,11,164,224]"
Fake/fake_271_aug_3.jpg,FAKE,1,ONE_FACE,0.8907,"[83,45,158,223]"
Fake/fake_271_aug_4.jpg,FAKE,1,ONE_FACE,0.8921,"[61,47,158,214]"
Fake/fake_272_aug_0.jpg,FAKE,1,ONE_FACE,0.9512,"[71,61,159,216]"
Fake/fake_272_aug_1.jpg,FAKE,1,ONE_FACE,0.8741,"[12,25,163,212]"
Fake/fake_272_aug_2.jpg,FAKE,1,ONE_FACE,0.8687,"[32,35,168,194]"
Fake/fake_272_aug_3.jpg,FAKE,1,ONE_FACE,0.9546,"[47,32,158,220]"
Fake/fake_272_aug_4.jpg,FAKE,1,ONE_FACE,0.9502,"[19,88,157,203]"
Fake/fake_273_aug_0.jpg,FAKE,1,ONE_FACE,0.9514,"[68,52,162,222]"
Fake/fake_273_aug_1.jpg,FAKE,1,ONE_FACE,0.8860,"[10,5,174,186]"
Fake/fake_273_aug_2.jpg,FAKE,1,ONE_FACE,0.9508,"[48,39,164,222]"
Fake/fake_273_aug_3.jpg,FAKE,1,ONE_FACE,0.9440,"[75,61,162,213]"
Fake/fake_273_aug_4.jpg,FAKE,1,ONE_FACE,0.8712,"[102,36,166,181]"
Fake/fake_274_aug_0.jpg,FAKE,1,ONE_FACE,0.9435,"[22,29,179,218]"
Fake/fake_274_aug_1.jpg,FAKE,1,ONE_FACE,0.9218,"[40,37,193,211]"
Fake/fake_274_aug_2.jpg,FAKE,1,ONE_FACE,0.9386,"[84,101,174,217]"
Fake/fake_274_aug_3.jpg,FAKE,1,ONE_FACE,0.9304,"[86,62,199,212]"
Fake/fake_274_aug_4.jpg,FAKE,1,ONE_FACE,0.9361,"[71,31,191,222]"
Fake/fake_275_aug_0.jpg,FAKE,1,ONE_FACE,0.8393,"[23,-4,194,240]"
Fake/fake_275_aug_1.jpg,FAKE,1,ONE_FACE,0.7578,"[54,3,151,173]"
Fake/fake_275_aug_2.jpg,FAKE,1,ONE_FACE,0.9410,"[15,65,160,228]"
Fake/fake_275_aug_3.jpg,FAKE,1,ONE_FACE,0.9421,"[62,54,157,220]"
Fake/fake_275_aug_4.jpg,FAKE,1,ONE_FACE,0.8368,"[-3,-5,223,238]"
Fake/fake_276_aug_0.jpg,FAKE,1,ONE_FACE,0.9000,"[62,24,170,229]"
Fake/fake_276_aug_1.jpg,FAKE,1,ONE_FACE,0.8810,"[58,30,183,185]"
Fake/fake_276_aug_2.jpg,FAKE,1,ONE_FACE,0.8909,"[52,16,182,204]"
Fake/fake_276_aug_3.jpg,FAKE,1,ONE_FACE,0.9485,"[43,30,162,228]"
Fake/fake_276_aug_4.jpg,FAKE,1,ONE_FACE,0.9588,"[60,9,166,227]"
Fake/fake_277_aug_0.jpg,FAKE,1,ONE_FACE,0.8842,"[44,38,157,195]"
Fake/fake_277_aug_1.jpg,FAKE,1,ONE_FACE,0.9053,"[96,94,159,193]"
Fake/fake_277_aug_2.jpg,FAKE,1,ONE_FACE,0.9080,"[62,36,162,206]"
Fake/fake_277_aug_3.jpg,FAKE,1,ONE_FACE,0.9091,"[66,35,159,197]"
Fake/fake_277_aug_4.jpg,FAKE,1,ONE_FACE,0.9076,"[80,39,165,209]"
Fake/fake_278_aug_0.jpg,FAKE,1,ONE_FACE,0.9404,"[58,92,178,223]"
Fake/fake_278_aug_1.jpg,FAKE,1,ONE_FACE,0.9583,"[111,13,170,221]"
Fake/fake_278_aug_2.jpg,FAKE,1,ONE_FACE,0.9457,"[57,90,175,224]"
Fake/fake_278_aug_3.jpg,FAKE,1,ONE_FACE,0.8697,"[68,37,175,227]"
Fake/fake_278_aug_4.jpg,FAKE,1,ONE_FACE,0.9013,"[22,65,174,228]"
Fake/fake_279_aug_0.jpg,FAKE,1,ONE_FACE,0.9457,"[58,66,174,230]"
Fake/fake_279_aug_1.jpg,FAKE,1,ONE_FACE,0.9409,"[38,84,170,220]"
Fake/fake_279_aug_2.jpg,FAKE,1,ONE_FACE,0.9052,"[98,70,178,213]"
Fake/fake_279_aug_3.jpg,FAKE,1,ONE_FACE,0.9425,"[1,16,176,230]"
Fake/fake_279_aug_4.jpg,FAKE,1,ONE_FACE,0.9449,"[28,28,165,220]"
Fake/fake_27_aug_0.jpg,FAKE,1,ONE_FACE,0.8680,"[39,26,180,203]"
Fake/fake_27_aug_1.jpg,FAKE,1,ONE_FACE,0.8671,"[32,17,221,229]"
Fake/fake_27_aug_2.jpg,FAKE,1,ONE_FACE,0.9421,"[58,60,165,211]"
Fake/fake_27_aug_3.jpg,FAKE,1,ONE_FACE,0.9403,"[121,117,172,216]"
Fake/fake_27_aug_4.jpg,FAKE,1,ONE_FACE,0.9460,"[61,42,162,215]"
Fake/fake_280_aug_0.jpg,FAKE,1,ONE_FACE,0.9231,"[25,30,174,188]"
Fake/fake_280_aug_1.jpg,FAKE,1,ONE_FACE,0.9493,"[82,4,173,204]"
Fake/fake_280_aug_2.jpg,FAKE,1,ONE_FACE,0.9086,"[64,42,174,227]"
Fake/fake_280_aug_3.jpg,FAKE,1,ONE_FACE,0.8997,"[97,31,171,201]"
Fake/fake_280_aug_4.jpg,FAKE,1,ONE_FACE,0.9406,"[76,13,181,208]"
Fake/fake_281_aug_0.jpg,FAKE,1,ONE_FACE,0.9501,"[53,41,180,235]"
Fake/fake_281_aug_1.jpg,FAKE,1,ONE_FACE,0.8841,"[11,7,181,189]"
Fake/fake_281_aug_2.jpg,FAKE,1,ONE_FACE,0.9400,"[73,3,172,230]"
Fake/fake_281_aug_3.jpg,FAKE,1,ONE_FACE,0.8982,"[6,18,176,216]"
Fake/fake_281_aug_4.jpg,FAKE,1,ONE_FACE,0.9019,"[54,20,172,223]"
Fake/fake_282_aug_0.jpg,FAKE,1,ONE_FACE,0.8900,"[120,48,176,219]"
Fake/fake_282_aug_1.jpg,FAKE,1,ONE_FACE,0.8959,"[43,24,178,230]"
Fake/fake_282_aug_2.jpg,FAKE,1,ONE_FACE,0.8878,"[60,39,176,194]"
Fake/fake_282_aug_3.jpg,FAKE,1,ONE_FACE,0.8884,"[56,48,203,188]"
Fake/fake_282_aug_4.jpg,FAKE,1,ONE_FACE,0.9500,"[82,73,169,220]"
Fake/fake_283_aug_0.jpg,FAKE,1,ONE_FACE,0.8900,"[52,39,199,226]"
Fake/fake_283_aug_1.jpg,FAKE,1,ONE_FACE,0.9068,"[51,67,201,234]"
Fake/fake_283_aug_2.jpg,FAKE,1,ONE_FACE,0.9550,"[63,13,177,225]"
Fake/fake_283_aug_3.jpg,FAKE,1,ONE_FACE,0.9117,"[77,95,193,223]"
Fake/fake_283_aug_4.jpg,FAKE,1,ONE_FACE,0.9462,"[32,79,176,222]"
Fake/fake_284_aug_0.jpg,FAKE,1,ONE_FACE,0.9409,"[68,35,165,225]"
Fake/fake_284_aug_1.jpg,FAKE,1,ONE_FACE,0.8947,"[18,17,195,221]"
Fake/fake_284_aug_2.jpg,FAKE,1,ONE_FACE,0.8945,"[40,8,201,188]"
Fake/fake_284_aug_3.jpg,FAKE,1,ONE_FACE,0.9267,"[47,44,174,230]"
Fake/fake_284_aug_4.jpg,FAKE,1,ONE_FACE,0.9410,"[17,12,178,219]"
Fake/fake_285_aug_0.jpg,FAKE,1,ONE_FACE,0.9585,"[75,33,157,223]"
Fake/fake_285_aug_1.jpg,FAKE,1,ONE_FACE,0.8771,"[36,27,197,207]"
Fake/fake_285_aug_2.jpg,FAKE,1,ONE_FACE,0.9044,"[124,90,169,211]"
Fake/fake_285_aug_3.jpg,FAKE,1,ONE_FACE,0.9040,"[58,32,161,215]"
Fake/fake_285_aug_4.jpg,FAKE,1,ONE_FACE,0.9145,"[62,15,174,210]"
Fake/fake_286_aug_0.jpg,FAKE,1,ONE_FACE,0.8816,"[42,8,178,211]"
Fake/fake_286_aug_1.jpg,FAKE,1,ONE_FACE,0.9353,"[41,83,199,216]"
Fake/fake_286_aug_2.jpg,FAKE,1,ONE_FACE,0.9537,"[48,52,178,228]"
Fake/fake_286_aug_3.jpg,FAKE,1,ONE_FACE,0.9122,"[63,13,179,237]"
Fake/fake_286_aug_4.jpg,FAKE,1,ONE_FACE,0.8980,"[48,14,174,236]"
Fake/fake_287_aug_0.jpg,FAKE,1,ONE_FACE,0.8859,"[13,28,162,210]"
Fake/fake_287_aug_1.jpg,FAKE,1,ONE_FACE,0.9522,"[66,47,165,242]"
Fake/fake_287_aug_2.jpg,FAKE,1,ONE_FACE,0.9543,"[61,43,169,234]"
Fake/fake_287_aug_3.jpg,FAKE,1,ONE_FACE,0.9356,"[62,86,175,224]"
Fake/fake_287_aug_4.jpg,FAKE,1,ONE_FACE,0.9059,"[62,31,164,229]"
Fake/fake_288_aug_0.jpg,FAKE,1,ONE_FACE,0.9507,"[46,45,169,222]"
Fake/fake_288_aug_1.jpg,FAKE,1,ONE_FACE,0.9080,"[19,77,174,207]"
Fake/fake_288_aug_2.jpg,FAKE,1,ONE_FACE,0.9437,"[98,87,179,216]"
Fake/fake_288_aug_3.jpg,FAKE,1,ONE_FACE,0.9567,"[75,29,170,218]"
Fake/fake_288_aug_4.jpg,FAKE,1,ONE_FACE,0.9514,"[60,50,174,224]"
Fake/fake_289_aug_0.jpg,FAKE,1,ONE_FACE,0.9257,"[60,61,178,199]"
Fake/fake_289_aug_1.jpg,FAKE,1,ONE_FACE,0.8820,"[60,21,179,192]"
Fake/fake_289_aug_2.jpg,FAKE,1,ONE_FACE,0.8711,"[56,63,165,175]"
Fake/fake_289_aug_3.jpg,FAKE,1,ONE_FACE,0.8773,"[65,28,197,247]"
Fake/fake_289_aug_4.jpg,FAKE,1,ONE_FACE,0.8726,"[46,50,196,189]"
Fake/fake_28_aug_0.jpg,FAKE,1,ONE_FACE,0.8869,"[59,31,160,235]"
Fake/fake_28_aug_1.jpg,FAKE,1,ONE_FACE,0.9417,"[45,99,171,217]"
Fake/fake_28_aug_2.jpg,FAKE,1,ONE_FACE,0.9431,"[14,46,163,217]"
Fake/fake_28_aug_3.jpg,FAKE,1,ONE_FACE,0.8847,"[79,4,164,205]"
Fake/fake_28_aug_4.jpg,FAKE,1,ONE_FACE,0.9545,"[42,1,167,220]"
Fake/fake_290_aug_0.jpg,FAKE,1,ONE_FACE,0.9501,"[61,40,175,224]"
Fake/fake_290_aug_1.jpg,FAKE,1,ONE_FACE,0.9003,"[71,55,191,230]"
Fake/fake_290_aug_2.jpg,FAKE,1,ONE_FACE,0.8928,"[66,19,189,225]"
Fake/fake_290_aug_3.jpg,FAKE,1,ONE_FACE,0.9462,"[33,42,174,225]"
Fake/fake_290_aug_4.jpg,FAKE,1,ONE_FACE,0.9480,"[78,64,177,214]"
Fake/fake_291_aug_0.jpg,FAKE,1,ONE_FACE,0.9548,"[32,48,160,226]"
Fake/fake_291_aug_1.jpg,FAKE,1,ONE_FACE,0.8616,"[97,28,173,227]"
Fake/fake_291_aug_2.jpg,FAKE,1,ONE_FACE,0.9381,"[98,24,171,226]"
Fake/fake_291_aug_3.jpg,FAKE,1,ONE_FACE,0.8557,"[93,16,173,234]"
Fake/fake_291_aug_4.jpg,FAKE,1,ONE_FACE,0.8643,"[97,84,171,204]"
Fake/fake_292_aug_0.jpg,FAKE,1,ONE_FACE,0.9476,"[63,56,168,223]"
Fake/fake_292_aug_1.jpg,FAKE,1,ONE_FACE,0.9100,"[38,20,182,228]"
Fake/fake_292_aug_2.jpg,FAKE,1,ONE_FACE,0.9058,"[2,51,158,214]"
Fake/fake_292_aug_3.jpg,FAKE,1,ONE_FACE,0.8995,"[68,47,186,225]"
Fake/fake_292_aug_4.jpg,FAKE,1,ONE_FACE,0.9500,"[12,0,164,206]"
Fake/fake_293_aug_0.jpg,FAKE,1,ONE_FACE,0.9402,"[115,86,176,214]"
Fake/fake_293_aug_1.jpg,FAKE,1,ONE_FACE,0.9491,"[64,58,171,220]"
Fake/fake_293_aug_2.jpg,FAKE,1,ONE_FACE,0.9068,"[80,5,173,208]"
Fake/fake_293_aug_3.jpg,FAKE,1,ONE_FACE,0.9498,"[51,36,167,229]"
Fake/fake_293_aug_4.jpg,FAKE,1,ONE_FACE,0.9572,"[47,9,169,219]"
Fake/fake_294_aug_0.jpg,FAKE,1,ONE_FACE,0.9502,"[74,29,159,209]"
Fake/fake_294_aug_1.jpg,FAKE,1,ONE_FACE,0.9082,"[62,43,167,225]"
Fake/fake_294_aug_2.jpg,FAKE,1,ONE_FACE,0.9492,"[91,22,168,217]"
Fake/fake_294_aug_3.jpg,FAKE,1,ONE_FACE,0.9050,"[65,32,167,223]"
Fake/fake_294_aug_4.jpg,FAKE,1,ONE_FACE,0.9086,"[49,9,150,196]"
Fake/fake_295_aug_0.jpg,FAKE,1,ONE_FACE,0.8911,"[16,44,169,223]"
Fake/fake_295_aug_1.jpg,FAKE,1,ONE_FACE,0.9580,"[85,74,176,227]"
Fake/fake_295_aug_2.jpg,FAKE,1,ONE_FACE,0.9533,"[55,60,175,223]"
Fake/fake_295_aug_3.jpg,FAKE,1,ONE_FACE,0.9527,"[70,52,172,219]"
Fake/fake_295_aug_4.jpg,FAKE,1,ONE_FACE,0.9608,"[52,44,168,222]"
Fake/fake_296_aug_0.jpg,FAKE,1,ONE_FACE,0.8920,"[76,35,166,203]"
Fake/fake_296_aug_1.jpg,FAKE,1,ONE_FACE,0.8964,"[36,29,156,180]"
Fake/fake_296_aug_2.jpg,FAKE,1,ONE_FACE,0.9532,"[53,29,163,220]"
Fake/fake_296_aug_3.jpg,FAKE,1,ONE_FACE,0.9501,"[50,30,160,211]"
Fake/fake_296_aug_4.jpg,FAKE,1,ONE_FACE,0.9504,"[24,19,166,217]"
Fake/fake_297_aug_0.jpg,FAKE,1,ONE_FACE,0.9304,"[146,102,142,197]"
Fake/fake_297_aug_1.jpg,FAKE,1,ONE_FACE,0.9239,"[67,139,148,197]"
Fake/fake_297_aug_2.jpg,FAKE,1,ONE_FACE,0.9249,"[40,43,154,195]"
Fake/fake_297_aug_3.jpg,FAKE,1,ONE_FACE,0.8572,"[34,0,160,141]"
Fake/fake_297_aug_4.jpg,FAKE,1,ONE_FACE,0.7929,"[35,9,133,152]"
Fake/fake_298_aug_0.jpg,FAKE,1,ONE_FACE,0.9109,"[41,18,185,221]"
Fake/fake_298_aug_1.jpg,FAKE,1,ONE_FACE,0.8727,"[56,27,187,225]"
Fake/fake_298_aug_2.jpg,FAKE,1,ONE_FACE,0.9530,"[37,14,172,243]"
Fake/fake_298_aug_3.jpg,FAKE,1,ONE_FACE,0.8958,"[67,21,189,205]"
Fake/fake_298_aug_4.jpg,FAKE,1,ONE_FACE,0.9528,"[15,32,172,233]"
Fake/fake_299_aug_0.jpg,FAKE,1,ONE_FACE,0.8727,"[55,4,195,214]"
Fake/fake_299_aug_1.jpg,FAKE,1,ONE_FACE,0.9525,"[61,63,178,235]"
Fake/fake_299_aug_2.jpg,FAKE,1,ONE_FACE,0.8826,"[22,15,202,222]"
Fake/fake_299_aug_3.jpg,FAKE,1,ONE_FACE,0.9115,"[81,25,188,241]"
Fake/fake_299_aug_4.jpg,FAKE,1,ONE_FACE,0.9554,"[13,13,186,227]"
Fake/fake_29_aug_0.jpg,FAKE,1,ONE_FACE,0.9430,"[65,72,181,237]"
Fake/fake_29_aug_1.jpg,FAKE,1,ONE_FACE,0.9580,"[129,67,179,244]"
Fake/fake_29_aug_2.jpg,FAKE,1,ONE_FACE,0.9551,"[127,32,173,233]"
Fake/fake_29_aug_3.jpg,FAKE,1,ONE_FACE,0.9509,"[24,8,173,244]"
Fake/fake_29_aug_4.jpg,FAKE,1,ONE_FACE,0.8968,"[43,26,181,221]"
Fake/fake_2_aug_0.jpg,FAKE,1,ONE_FACE,0.9084,"[61,52,164,193]"
Fake/fake_2_aug_1.jpg,FAKE,1,ONE_FACE,0.8928,"[34,40,183,203]"
Fake/fake_2_aug_2.jpg,FAKE,1,ONE_FACE,0.9045,"[41,34,176,203]"
Fake/fake_2_aug_3.jpg,FAKE,1,ONE_FACE,0.9127,"[55,25,190,218]"
Fake/fake_2_aug_4.jpg,FAKE,1,ONE_FACE,0.8883,"[156,91,172,218]"
Fake/fake_300_aug_0.jpg,FAKE,1,ONE_FACE,0.9228,"[33,17,187,215]"
Fake/fake_300_aug_1.jpg,FAKE,1,ONE_FACE,0.9115,"[27,77,164,189]"
Fake/fake_300_aug_2.jpg,FAKE,1,ONE_FACE,0.8235,"[48,32,169,229]"
Fake/fake_300_aug_3.jpg,FAKE,1,ONE_FACE,0.8118,"[120,28,167,200]"
Fake/fake_300_aug_4.jpg,FAKE,1,ONE_FACE,0.8427,"[71,23,164,201]"
Fake/fake_301_aug_0.jpg,FAKE,1,ONE_FACE,0.9026,"[64,46,158,216]"
Fake/fake_301_aug_1.jpg,FAKE,1,ONE_FACE,0.8878,"[128,73,159,198]"
Fake/fake_301_aug_2.jpg,FAKE,1,ONE_FACE,0.8932,"[70,45,183,208]"
Fake/fake_301_aug_3.jpg,FAKE,1,ONE_FACE,0.9143,"[82,46,181,216]"
Fake/fake_301_aug_4.jpg,FAKE,1,ONE_FACE,0.9552,"[51,50,170,225]"
Fake/fake_302_aug_0.jpg,FAKE,1,ONE_FACE,0.9414,"[97,73,173,240]"
Fake/fake_302_aug_1.jpg,FAKE,1,ONE_FACE,0.9360,"[81,17,166,238]"
Fake/fake_302_aug_2.jpg,FAKE,1,ONE_FACE,0.9459,"[30,32,169,226]"
Fake/fake_302_aug_3.jpg,FAKE,1,ONE_FACE,0.8921,"[32,22,190,233]"
Fake/fake_302_aug_4.jpg,FAKE,1,ONE_FACE,0.9411,"[23,30,168,221]"
Fake/fake_303_aug_0.jpg,FAKE,1,ONE_FACE,0.8936,"[31,64,184,218]"
Fake/fake_303_aug_1.jpg,FAKE,1,ONE_FACE,0.9399,"[28,3,169,208]"
Fake/fake_303_aug_2.jpg,FAKE,1,ONE_FACE,0.9383,"[29,27,174,216]"
Fake/fake_303_aug_3.jpg,FAKE,1,ONE_FACE,0.8989,"[27,24,186,220]"
Fake/fake_303_aug_4.jpg,FAKE,1,ONE_FACE,0.8951,"[28,25,188,226]"
Fake/fake_304_aug_0.jpg,FAKE,1,ONE_FACE,0.9367,"[30,32,175,209]"
Fake/fake_304_aug_1.jpg,FAKE,1,ONE_FACE,0.8941,"[39,6,166,202]"
Fake/fake_304_aug_2.jpg,FAKE,1,ONE_FACE,0.8719,"[67,30,163,221]"
Fake/fake_304_aug_3.jpg,FAKE,1,ONE_FACE,0.8810,"[62,0,177,196]"
Fake/fake_304_aug_4.jpg,FAKE,1,ONE_FACE,0.8817,"[32,65,168,197]"
Fake/fake_305_aug_0.jpg,FAKE,1,ONE_FACE,0.9348,"[9,13,171,209]"
Fake/fake_305_aug_1.jpg,FAKE,1,ONE_FACE,0.9548,"[53,48,172,222]"
Fake/fake_305_aug_2.jpg,FAKE,1,ONE_FACE,0.9482,"[43,40,170,226]"
Fake/fake_305_aug_3.jpg,FAKE,1,ONE_FACE,0.9527,"[55,38,171,226]"
Fake/fake_305_aug_4.jpg,FAKE,1,ONE_FACE,0.8760,"[68,22,152,184]"
Fake/fake_306_aug_0.jpg,FAKE,1,ONE_FACE,0.8876,"[32,28,190,217]"
Fake/fake_306_aug_1.jpg,FAKE,1,ONE_FACE,0.9454,"[68,49,177,234]"
Fake/fake_306_aug_2.jpg,FAKE,1,ONE_FACE,0.8966,"[23,17,184,228]"
Fake/fake_306_aug_3.jpg,FAKE,1,ONE_FACE,0.8434,"[14,37,228,222]"
Fake/fake_306_aug_4.jpg,FAKE,1,ONE_FACE,0.9404,"[44,69,171,225]"
Fake/fake_307_aug_0.jpg,FAKE,1,ONE_FACE,0.9440,"[86,33,170,240]"
Fake/fake_307_aug_1.jpg,FAKE,1,ONE_FACE,0.8557,"[55,4,187,212]"
Fake/fake_307_aug_2.jpg,FAKE,1,ONE_FACE,0.9442,"[47,80,171,233]"
Fake/fake_307_aug_3.jpg,FAKE,1,ONE_FACE,0.8502,"[102,3,180,219]"
Fake/fake_307_aug_4.jpg,FAKE,1,ONE_FACE,0.8706,"[39,-1,224,188]"
Fake/fake_308_aug_0.jpg,FAKE,1,ONE_FACE,0.9040,"[47,6,163,202]"
Fake/fake_308_aug_1.jpg,FAKE,1,ONE_FACE,0.9566,"[70,44,157,224]"
Fake/fake_308_aug_2.jpg,FAKE,1,ONE_FACE,0.9533,"[39,25,161,213]"
Fake/fake_308_aug_3.jpg,FAKE,1,ONE_FACE,0.9558,"[66,44,160,221]"
Fake/fake_308_aug_4.jpg,FAKE,1,ONE_FACE,0.9018,"[116,18,168,208]"
Fake/fake_309_aug_0.jpg,FAKE,1,ONE_FACE,0.8715,"[56,108,167,201]"
Fake/fake_309_aug_1.jpg,FAKE,1,ONE_FACE,0.9379,"[17,85,167,226]"
Fake/fake_309_aug_2.jpg,FAKE,1,ONE_FACE,0.8698,"[7,42,169,196]"
Fake/fake_309_aug_3.jpg,FAKE,1,ONE_FACE,0.9436,"[60,41,169,237]"
Fake/fake_309_aug_4.jpg,FAKE,1,ONE_FACE,0.8743,"[-12,47,210,218]"
Fake/fake_30_aug_0.jpg,FAKE,1,ONE_FACE,0.8697,"[48,37,200,227]"
Fake/fake_30_aug_1.jpg,FAKE,1,ONE_FACE,0.9518,"[36,22,163,218]"
Fake/fake_30_aug_2.jpg,FAKE,1,ONE_FACE,0.9513,"[35,71,161,227]"
Fake/fake_30_aug_3.jpg,FAKE,1,ONE_FACE,0.9019,"[92,71,162,211]"
Fake/fake_30_aug_4.jpg,FAKE,1,ONE_FACE,0.9501,"[47,0,181,208]"
Fake/fake_310_aug_0.jpg,FAKE,1,ONE_FACE,0.9511,"[50,5,191,235]"
Fake/fake_310_aug_1.jpg,FAKE,1,ONE_FACE,0.9484,"[72,49,181,227]"
Fake/fake_310_aug_2.jpg,FAKE,1,ONE_FACE,0.8807,"[27,25,237,270]"
Fake/fake_310_aug_3.jpg,FAKE,1,ONE_FACE,0.9366,"[126,80,188,236]"
Fake/fake_310_aug_4.jpg,FAKE,1,ONE_FACE,0.9441,"[53,30,189,234]"
Fake/fake_311_aug_0.jpg,FAKE,1,ONE_FACE,0.8977,"[60,82,191,201]"
Fake/fake_311_aug_1.jpg,FAKE,1,ONE_FACE,0.9575,"[113,16,172,206]"
Fake/fake_311_aug_2.jpg,FAKE,1,ONE_FACE,0.9538,"[112,91,167,204]"
Fake/fake_311_aug_3.jpg,FAKE,1,ONE_FACE,0.9515,"[74,60,164,205]"
Fake/fake_311_aug_4.jpg,FAKE,1,ONE_FACE,0.8855,"[56,50,185,189]"
Fake/fake_312_aug_0.jpg,FAKE,1,ONE_FACE,0.8834,"[27,19,207,202]"
Fake/fake_312_aug_1.jpg,FAKE,1,ONE_FACE,0.9280,"[43,38,166,209]"
Fake/fake_312_aug_2.jpg,FAKE,1,ONE_FACE,0.8970,"[66,33,192,191]"
Fake/fake_312_aug_3.jpg,FAKE,1,ONE_FACE,0.9136,"[56,22,185,217]"
Fake/fake_312_aug_4.jpg,FAKE,1,ONE_FACE,0.8786,"[95,38,191,241]"
Fake/fake_313_aug_0.jpg,FAKE,1,ONE_FACE,0.8789,"[59,8,210,210]"
Fake/fake_313_aug_1.jpg,FAKE,1,ONE_FACE,0.9568,"[6,10,179,228]"
Fake/fake_313_aug_2.jpg,FAKE,1,ONE_FACE,0.8926,"[7,6,180,210]"
Fake/fake_313_aug_3.jpg,FAKE,1,ONE_FACE,0.8905,"[60,5,190,203]"
Fake/fake_313_aug_4.jpg,FAKE,1,ONE_FACE,0.8882,"[40,29,189,228]"
Fake/fake_314_aug_0.jpg,FAKE,1,ONE_FACE,0.9022,"[61,6,183,191]"
Fake/fake_314_aug_1.jpg,FAKE,1,ONE_FACE,0.9004,"[86,85,186,223]"
Fake/fake_314_aug_2.jpg,FAKE,1,ONE_FACE,0.9028,"[36,21,184,204]"
Fake/fake_314_aug_3.jpg,FAKE,1,ONE_FACE,0.8837,"[29,29,196,232]"
Fake/fake_314_aug_4.jpg,FAKE,1,ONE_FACE,0.9495,"[51,10,175,219]"
Fake/fake_315_aug_0.jpg,FAKE,1,ONE_FACE,0.8870,"[4,67,188,205]"
Fake/fake_315_aug_1.jpg,FAKE,1,ONE_FACE,0.8738,"[89,85,187,224]"
Fake/fake_315_aug_2.jpg,FAKE,1,ONE_FACE,0.8964,"[54,24,184,229]"
Fake/fake_315_aug_3.jpg,FAKE,1,ONE_FACE,0.9453,"[62,62,168,219]"
Fake/fake_315_aug_4.jpg,FAKE,1,ONE_FACE,0.8696,"[47,15,187,223]"
Fake/fake_316_aug_0.jpg,FAKE,1,ONE_FACE,0.8735,"[0,69,189,187]"
Fake/fake_316_aug_1.jpg,FAKE,1,ONE_FACE,0.8714,"[68,60,176,225]"
Fake/fake_316_aug_2.jpg,FAKE,1,ONE_FACE,0.8627,"[50,58,176,213]"
Fake/fake_316_aug_3.jpg,FAKE,1,ONE_FACE,0.9508,"[85,73,161,226]"
Fake/fake_316_aug_4.jpg,FAKE,1,ONE_FACE,0.9361,"[87,73,176,209]"
Fake/fake_317_aug_0.jpg,FAKE,1,ONE_FACE,0.9012,"[26,2,206,173]"
Fake/fake_317_aug_1.jpg,FAKE,1,ONE_FACE,0.9466,"[63,76,164,232]"
Fake/fake_317_aug_2.jpg,FAKE,1,ONE_FACE,0.8591,"[25,30,161,220]"
Fake/fake_317_aug_3.jpg,FAKE,1,ONE_FACE,0.8975,"[59,19,192,209]"
Fake/fake_317_aug_4.jpg,FAKE,1,ONE_FACE,0.8826,"[60,34,184,226]"
Fake/fake_318_aug_0.jpg,FAKE,1,ONE_FACE,0.8880,"[30,0,201,228]"
Fake/fake_318_aug_1.jpg,FAKE,1,ONE_FACE,0.8532,"[87,28,184,220]"
Fake/fake_318_aug_2.jpg,FAKE,1,ONE_FACE,0.8194,"[31,0,208,238]"
Fake/fake_318_aug_3.jpg,FAKE,1,ONE_FACE,0.9519,"[89,44,166,233]"
Fake/fake_318_aug_4.jpg,FAKE,1,ONE_FACE,0.9563,"[39,35,162,229]"
Fake/fake_319_aug_0.jpg,FAKE,1,ONE_FACE,0.7969,"[23,29,196,184]"
Fake/fake_319_aug_1.jpg,FAKE,1,ONE_FACE,0.8411,"[51,17,213,222]"
Fake/fake_319_aug_2.jpg,FAKE,1,ONE_FACE,0.8363,"[72,26,188,188]"
Fake/fake_319_aug_3.jpg,FAKE,1,ONE_FACE,0.8828,"[34,15,204,212]"
Fake/fake_319_aug_4.jpg,FAKE,1,ONE_FACE,0.9294,"[42,52,195,213]"
Fake/fake_31_aug_0.jpg,FAKE,1,ONE_FACE,0.8519,"[35,15,151,191]"
Fake/fake_31_aug_1.jpg,FAKE,1,ONE_FACE,0.9382,"[72,54,154,214]"
Fake/fake_31_aug_2.jpg,FAKE,1,ONE_FACE,0.9332,"[42,62,148,207]"
Fake/fake_31_aug_3.jpg,FAKE,1,ONE_FACE,0.9395,"[52,35,152,216]"
Fake/fake_31_aug_4.jpg,FAKE,1,ONE_FACE,0.8527,"[48,73,155,227]"
Fake/fake_320_aug_0.jpg,FAKE,1,ONE_FACE,0.9460,"[57,57,175,212]"
Fake/fake_320_aug_1.jpg,FAKE,1,ONE_FACE,0.9129,"[55,3,175,191]"
Fake/fake_320_aug_2.jpg,FAKE,1,ONE_FACE,0.9105,"[63,22,179,218]"
Fake/fake_320_aug_3.jpg,FAKE,1,ONE_FACE,0.9503,"[61,58,163,210]"
Fake/fake_320_aug_4.jpg,FAKE,1,ONE_FACE,0.9476,"[15,0,155,194]"
Fake/fake_321_aug_0.jpg,FAKE,1,ONE_FACE,0.9451,"[47,30,169,221]"
Fake/fake_321_aug_1.jpg,FAKE,1,ONE_FACE,0.9368,"[46,37,182,212]"
Fake/fake_321_aug_2.jpg,FAKE,1,ONE_FACE,0.9472,"[19,73,165,232]"
Fake/fake_321_aug_3.jpg,FAKE,1,ONE_FACE,0.9472,"[90,16,166,230]"
Fake/fake_321_aug_4.jpg,FAKE,1,ONE_FACE,0.8944,"[77,12,186,212]"
Fake/fake_322_aug_0.jpg,FAKE,1,ONE_FACE,0.9538,"[100,21,158,218]"
Fake/fake_322_aug_1.jpg,FAKE,1,ONE_FACE,0.8803,"[80,51,167,169]"
Fake/fake_322_aug_2.jpg,FAKE,1,ONE_FACE,0.9255,"[28,34,175,209]"
Fake/fake_322_aug_3.jpg,FAKE,1,ONE_FACE,0.8978,"[33,97,167,184]"
Fake/fake_322_aug_4.jpg,FAKE,1,ONE_FACE,0.8798,"[61,42,159,189]"
Fake/fake_323_aug_0.jpg,FAKE,1,ONE_FACE,0.9455,"[57,42,164,200]"
Fake/fake_323_aug_1.jpg,FAKE,1,ONE_FACE,0.9460,"[74,59,163,209]"
Fake/fake_323_aug_2.jpg,FAKE,1,ONE_FACE,0.9081,"[56,52,171,204]"
Fake/fake_323_aug_3.jpg,FAKE,1,ONE_FACE,0.9400,"[40,31,162,192]"
Fake/fake_323_aug_4.jpg,FAKE,1,ONE_FACE,0.8728,"[67,53,177,202]"
Fake/fake_324_aug_0.jpg,FAKE,1,ONE_FACE,0.9406,"[29,65,174,226]"
Fake/fake_324_aug_1.jpg,FAKE,1,ONE_FACE,0.9463,"[123,6,155,216]"
Fake/fake_324_aug_2.jpg,FAKE,1,ONE_FACE,0.9018,"[85,3,173,196]"
Fake/fake_324_aug_3.jpg,FAKE,1,ONE_FACE,0.9357,"[119,71,169,226]"
Fake/fake_324_aug_4.jpg,FAKE,1,ONE_FACE,0.9372,"[137,96,160,221]"
Fake/fake_325_aug_0.jpg,FAKE,1,ONE_FACE,0.8929,"[112,41,179,211]"
Fake/fake_325_aug_1.jpg,FAKE,1,ONE_FACE,0.9640,"[119,37,171,214]"
Fake/fake_325_aug_2.jpg,FAKE,1,ONE_FACE,0.9478,"[85,71,175,222]"
Fake/fake_325_aug_3.jpg,FAKE,1,ONE_FACE,0.9062,"[43,26,175,191]"
Fake/fake_325_aug_4.jpg,FAKE,1,ONE_FACE,0.8994,"[57,59,175,200]"
Fake/fake_326_aug_0.jpg,FAKE,1,ONE_FACE,0.9319,"[16,37,160,209]"
Fake/fake_326_aug_1.jpg,FAKE,1,ONE_FACE,0.8854,"[83,36,167,203]"
Fake/fake_326_aug_2.jpg,FAKE,1,ONE_FACE,0.8788,"[52,53,199,224]"
Fake/fake_326_aug_3.jpg,FAKE,1,ONE_FACE,0.8919,"[48,21,169,237]"
Fake/fake_326_aug_4.jpg,FAKE,1,ONE_FACE,0.8828,"[32,25,176,226]"
Fake/fake_327_aug_0.jpg,FAKE,1,ONE_FACE,0.8841,"[34,11,178,212]"
Fake/fake_327_aug_1.jpg,FAKE,1,ONE_FACE,0.8970,"[63,14,173,232]"
Fake/fake_327_aug_2.jpg,FAKE,1,ONE_FACE,0.9339,"[45,57,190,233]"
Fake/fake_327_aug_3.jpg,FAKE,1,ONE_FACE,0.9579,"[21,10,173,249]"
Fake/fake_327_aug_4.jpg,FAKE,1,ONE_FACE,0.8559,"[82,-1,199,207]"
Fake/fake_328_aug_0.jpg,FAKE,1,ONE_FACE,0.9457,"[49,33,169,226]"
Fake/fake_328_aug_1.jpg,FAKE,1,ONE_FACE,0.8659,"[64,48,202,188]"
Fake/fake_328_aug_2.jpg,FAKE,1,ONE_FACE,0.8908,"[13,7,180,191]"
Fake/fake_328_aug_3.jpg,FAKE,1,ONE_FACE,0.9444,"[40,30,164,229]"
Fake/fake_328_aug_4.jpg,FAKE,1,ONE_FACE,0.8721,"[59,17,186,223]"
Fake/fake_329_aug_0.jpg,FAKE,1,ONE_FACE,0.8368,"[69,65,187,180]"
Fake/fake_329_aug_1.jpg,FAKE,1,ONE_FACE,0.9359,"[97,2,146,211]"
Fake/fake_329_aug_2.jpg,FAKE,1,ONE_FACE,0.8695,"[63,35,144,184]"
Fake/fake_329_aug_3.jpg,FAKE,1,ONE_FACE,0.9374,"[71,94,153,197]"
Fake/fake_329_aug_4.jpg,FAKE,1,ONE_FACE,0.8755,"[63,54,146,193]"
Fake/fake_32_aug_0.jpg,FAKE,1,ONE_FACE,0.8854,"[38,8,183,196]"
Fake/fake_32_aug_1.jpg,FAKE,1,ONE_FACE,0.9511,"[53,41,170,224]"
Fake/fake_32_aug_2.jpg,FAKE,1,ONE_FACE,0.9524,"[63,52,171,224]"
Fake/fake_32_aug_3.jpg,FAKE,1,ONE_FACE,0.9210,"[91,84,173,202]"
Fake/fake_32_aug_4.jpg,FAKE,1,ONE_FACE,0.9517,"[60,53,170,228]"
Fake/fake_330_aug_0.jpg,FAKE,1,ONE_FACE,0.9560,"[80,71,176,225]"
Fake/fake_330_aug_1.jpg,FAKE,1,ONE_FACE,0.9048,"[14,15,187,224]"
Fake/fake_330_aug_2.jpg,FAKE,1,ONE_FACE,0.8998,"[64,7,185,231]"
Fake/fake_330_aug_3.jpg,FAKE,1,ONE_FACE,0.9056,"[31,20,192,228]"
Fake/fake_330_aug_4.jpg,FAKE,1,ONE_FACE,0.9561,"[55,53,172,233]"
Fake/fake_331_aug_0.jpg,FAKE,1,ONE_FACE,0.9070,"[43,13,182,240]"
Fake/fake_331_aug_1.jpg,FAKE,1,ONE_FACE,0.9102,"[52,4,177,189]"
Fake/fake_331_aug_2.jpg,FAKE,1,ONE_FACE,0.8819,"[54,44,178,205]"
Fake/fake_331_aug_3.jpg,FAKE,1,ONE_FACE,0.8938,"[20,5,186,212]"
Fake/fake_331_aug_4.jpg,FAKE,1,ONE_FACE,0.8983,"[26,80,177,220]"
Fake/fake_332_aug_0.jpg,FAKE,1,ONE_FACE,0.9028,"[31,61,171,223]"
Fake/fake_332_aug_1.jpg,FAKE,1,ONE_FACE,0.9382,"[52,2,162,209]"
Fake/fake_332_aug_2.jpg,FAKE,1,ONE_FACE,0.8943,"[12,16,160,211]"
Fake/fake_332_aug_3.jpg,FAKE,1,ONE_FACE,0.9013,"[64,32,172,228]"
Fake/fake_332_aug_4.jpg,FAKE,1,ONE_FACE,0.9552,"[73,1,165,220]"
Fake/fake_333_aug_0.jpg,FAKE,1,ONE_FACE,0.8407,"[94,43,182,211]"
Fake/fake_333_aug_1.jpg,FAKE,1,ONE_FACE,0.8991,"[42,22,168,194]"
Fake/fake_333_aug_2.jpg,FAKE,1,ONE_FACE,0.9375,"[54,28,167,203]"
Fake/fake_333_aug_3.jpg,FAKE,1,ONE_FACE,0.9458,"[44,45,165,201]"
Fake/fake_333_aug_4.jpg,FAKE,1,ONE_FACE,0.9265,"[72,62,164,203]"
Fake/fake_334_aug_0.jpg,FAKE,1,ONE_FACE,0.9478,"[65,40,191,257]"
Fake/fake_334_aug_1.jpg,FAKE,1,ONE_FACE,0.9492,"[92,72,191,247]"
Fake/fake_334_aug_2.jpg,FAKE,1,ONE_FACE,0.9433,"[82,78,194,239]"
Fake/fake_334_aug_3.jpg,FAKE,1,ONE_FACE,0.8687,"[60,-1,209,234]"
Fake/fake_334_aug_4.jpg,FAKE,1,ONE_FACE,0.9441,"[90,42,192,274]"
Fake/fake_335_aug_0.jpg,FAKE,1,ONE_FACE,0.8980,"[90,24,173,232]"
Fake/fake_335_aug_1.jpg,FAKE,1,ONE_FACE,0.8811,"[33,34,165,216]"
Fake/fake_335_aug_2.jpg,FAKE,1,ONE_FACE,0.8728,"[72,35,183,247]"
Fake/fake_335_aug_3.jpg,FAKE,1,ONE_FACE,0.8833,"[91,81,193,215]"
Fake/fake_335_aug_4.jpg,FAKE,1,ONE_FACE,0.8916,"[16,77,174,217]"
Fake/fake_336_aug_0.jpg,FAKE,1,ONE_FACE,0.9525,"[51,37,176,233]"
Fake/fake_336_aug_1.jpg,FAKE,1,ONE_FACE,0.9139,"[40,7,194,193]"
Fake/fake_336_aug_2.jpg,FAKE,1,ONE_FACE,0.8926,"[96,27,186,212]"
Fake/fake_336_aug_3.jpg,FAKE,1,ONE_FACE,0.9081,"[54,6,189,187]"
Fake/fake_336_aug_4.jpg,FAKE,1,ONE_FACE,0.9498,"[63,76,180,226]"
Fake/fake_337_aug_0.jpg,FAKE,1,ONE_FACE,0.8953,"[56,41,200,212]"
Fake/fake_337_aug_1.jpg,FAKE,1,ONE_FACE,0.9117,"[3,4,173,186]"
Fake/fake_337_aug_2.jpg,FAKE,1,ONE_FACE,0.9473,"[26,43,169,214]"
Fake/fake_337_aug_3.jpg,FAKE,1,ONE_FACE,0.9044,"[25,25,175,246]"
Fake/fake_337_aug_4.jpg,FAKE,1,ONE_FACE,0.8764,"[117,27,168,203]"
Fake/fake_338_aug_0.jpg,FAKE,1,ONE_FACE,0.9499,"[112,106,172,208]"
Fake/fake_338_aug_1.jpg,FAKE,1,ONE_FACE,0.9489,"[92,76,164,210]"
Fake/fake_338_aug_2.jpg,FAKE,1,ONE_FACE,0.9005,"[12,59,183,240]"
Fake/fake_338_aug_3.jpg,FAKE,1,ONE_FACE,0.9524,"[47,15,169,212]"
Fake/fake_338_aug_4.jpg,FAKE,1,ONE_FACE,0.9447,"[85,7,165,205]"
Fake/fake_339_aug_0.jpg,FAKE,1,ONE_FACE,0.8754,"[65,6,201,208]"
Fake/fake_339_aug_1.jpg,FAKE,1,ONE_FACE,0.8174,"[17,0,218,153]"
Fake/fake_339_aug_2.jpg,FAKE,1,ONE_FACE,0.8595,"[38,27,183,206]"
Fake/fake_339_aug_3.jpg,FAKE,1,ONE_FACE,0.9477,"[61,54,174,215]"
Fake/fake_339_aug_4.jpg,FAKE,1,ONE_FACE,0.9343,"[80,74,179,224]"
Fake/fake_33_aug_0.jpg,FAKE,1,ONE_FACE,0.9524,"[43,31,176,244]"
Fake/fake_33_aug_1.jpg,FAKE,1,ONE_FACE,0.9097,"[33,9,202,202]"
Fake/fake_33_aug_2.jpg,FAKE,1,ONE_FACE,0.8988,"[52,38,196,215]"
Fake/fake_33_aug_3.jpg,FAKE,1,ONE_FACE,0.9412,"[39,33,195,238]"
Fake/fake_33_aug_4.jpg,FAKE,1,ONE_FACE,0.9575,"[38,10,174,236]"
Fake/fake_340_aug_0.jpg,FAKE,1,ONE_FACE,0.9500,"[81,47,171,230]"
Fake/fake_340_aug_1.jpg,FAKE,1,ONE_FACE,0.9476,"[73,39,171,225]"
Fake/fake_340_aug_2.jpg,FAKE,1,ONE_FACE,0.9483,"[39,22,173,217]"
Fake/fake_340_aug_3.jpg,FAKE,1,ONE_FACE,0.9140,"[150,94,176,239]"
Fake/fake_340_aug_4.jpg,FAKE,1,ONE_FACE,0.9519,"[52,23,175,227]"
Fake/fake_341_aug_0.jpg,FAKE,1,ONE_FACE,0.9428,"[70,69,160,206]"
Fake/fake_341_aug_1.jpg,FAKE,1,ONE_FACE,0.9514,"[83,54,152,211]"
Fake/fake_341_aug_2.jpg,FAKE,1,ONE_FACE,0.9312,"[46,52,174,215]"
Fake/fake_341_aug_3.jpg,FAKE,1,ONE_FACE,0.9511,"[45,33,156,214]"
Fake/fake_341_aug_4.jpg,FAKE,1,ONE_FACE,0.9510,"[97,13,160,216]"
Fake/fake_342_aug_0.jpg,FAKE,1,ONE_FACE,0.8865,"[56,44,188,220]"
Fake/fake_342_aug_1.jpg,FAKE,1,ONE_FACE,0.8829,"[29,96,189,208]"
Fake/fake_342_aug_2.jpg,FAKE,1,ONE_FACE,0.8993,"[33,25,186,198]"
Fake/fake_342_aug_3.jpg,FAKE,1,ONE_FACE,0.9420,"[63,47,174,208]"
Fake/fake_342_aug_4.jpg,FAKE,1,ONE_FACE,0.9473,"[71,6,163,207]"
Fake/fake_343_aug_0.jpg,FAKE,1,ONE_FACE,0.9543,"[29,19,181,237]"
Fake/fake_343_aug_1.jpg,FAKE,1,ONE_FACE,0.8935,"[38,18,187,223]"
Fake/fake_343_aug_2.jpg,FAKE,1,ONE_FACE,0.9102,"[55,22,176,232]"
Fake/fake_343_aug_3.jpg,FAKE,1,ONE_FACE,0.9532,"[43,91,181,226]"
Fake/fake_343_aug_4.jpg,FAKE,1,ONE_FACE,0.9120,"[69,6,186,204]"
Fake/fake_344_aug_0.jpg,FAKE,1,ONE_FACE,0.8478,"[40,26,180,220]"
Fake/fake_344_aug_1.jpg,FAKE,1,ONE_FACE,0.8433,"[51,18,193,242]"
Fake/fake_344_aug_2.jpg,FAKE,1,ONE_FACE,0.8245,"[108,15,173,202]"
Fake/fake_344_aug_3.jpg,FAKE,1,ONE_FACE,0.8443,"[46,21,177,236]"
Fake/fake_344_aug_4.jpg,FAKE,1,ONE_FACE,0.8413,"[70,17,187,198]"
Fake/fake_345_aug_0.jpg,FAKE,1,ONE_FACE,0.9030,"[39,83,166,217]"
Fake/fake_345_aug_1.jpg,FAKE,1,ONE_FACE,0.8635,"[90,36,192,220]"
Fake/fake_345_aug_2.jpg,FAKE,1,ONE_FACE,0.9569,"[51,42,175,242]"
Fake/fake_345_aug_3.jpg,FAKE,1,ONE_FACE,0.9395,"[58,53,182,241]"
Fake/fake_345_aug_4.jpg,FAKE,1,ONE_FACE,0.9020,"[39,27,170,217]"
Fake/fake_346_aug_0.jpg,FAKE,1,ONE_FACE,0.8786,"[2,-1,160,241]"
Fake/fake_346_aug_1.jpg,FAKE,1,ONE_FACE,0.9449,"[59,48,165,240]"
Fake/fake_346_aug_2.jpg,FAKE,1,ONE_FACE,0.9535,"[62,20,167,247]"
Fake/fake_346_aug_3.jpg,FAKE,1,ONE_FACE,0.9487,"[50,18,166,240]"
Fake/fake_346_aug_4.jpg,FAKE,1,ONE_FACE,0.8756,"[24,3,174,199]"
Fake/fake_347_aug_0.jpg,FAKE,1,ONE_FACE,0.8817,"[89,40,159,229]"
Fake/fake_347_aug_1.jpg,FAKE,1,ONE_FACE,0.9457,"[53,77,152,227]"
Fake/fake_347_aug_2.jpg,FAKE,1,ONE_FACE,0.8890,"[71,26,161,227]"
Fake/fake_347_aug_3.jpg,FAKE,1,ONE_FACE,0.8678,"[84,88,201,215]"
Fake/fake_347_aug_4.jpg,FAKE,1,ONE_FACE,0.9392,"[22,54,167,222]"
Fake/fake_348_aug_0.jpg,FAKE,1,ONE_FACE,0.9425,"[10,80,181,213]"
Fake/fake_348_aug_1.jpg,FAKE,1,ONE_FACE,0.9070,"[25,21,179,188]"
Fake/fake_348_aug_2.jpg,FAKE,1,ONE_FACE,0.8834,"[42,39,181,206]"
Fake/fake_348_aug_3.jpg,FAKE,1,ONE_FACE,0.9490,"[62,45,175,223]"
Fake/fake_348_aug_4.jpg,FAKE,1,ONE_FACE,0.9518,"[65,95,174,211]"
Fake/fake_349_aug_0.jpg,FAKE,1,ONE_FACE,0.9501,"[38,17,154,216]"
Fake/fake_349_aug_1.jpg,FAKE,1,ONE_FACE,0.8890,"[66,35,165,224]"
Fake/fake_349_aug_2.jpg,FAKE,1,ONE_FACE,0.8820,"[51,2,188,208]"
Fake/fake_349_aug_3.jpg,FAKE,1,ONE_FACE,0.9537,"[117,37,163,212]"
Fake/fake_349_aug_4.jpg,FAKE,1,ONE_FACE,0.8875,"[40,13,159,212]"
Fake/fake_34_aug_0.jpg,FAKE,1,ONE_FACE,0.9498,"[55,52,167,227]"
Fake/fake_34_aug_1.jpg,FAKE,1,ONE_FACE,0.9391,"[116,76,162,218]"
Fake/fake_34_aug_2.jpg,FAKE,1,ONE_FACE,0.9232,"[25,43,176,208]"
Fake/fake_34_aug_3.jpg,FAKE,1,ONE_FACE,0.8917,"[51,10,171,221]"
Fake/fake_34_aug_4.jpg,FAKE,1,ONE_FACE,0.8924,"[76,27,173,255]"
Fake/fake_350_aug_0.jpg,FAKE,1,ONE_FACE,0.8971,"[65,22,179,221]"
Fake/fake_350_aug_1.jpg,FAKE,1,ONE_FACE,0.8795,"[122,15,182,235]"
Fake/fake_350_aug_2.jpg,FAKE,1,ONE_FACE,0.9442,"[16,74,170,233]"
Fake/fake_350_aug_3.jpg,FAKE,1,ONE_FACE,0.9404,"[15,36,168,195]"
Fake/fake_350_aug_4.jpg,FAKE,1,ONE_FACE,0.9522,"[75,68,163,234]"
Fake/fake_351_aug_0.jpg,FAKE,1,ONE_FACE,0.9377,"[68,1,177,207]"
Fake/fake_351_aug_1.jpg,FAKE,1,ONE_FACE,0.9524,"[31,77,168,231]"
Fake/fake_351_aug_2.jpg,FAKE,1,ONE_FACE,0.9116,"[23,31,169,196]"
Fake/fake_351_aug_3.jpg,FAKE,2,MULTIPLE_FACES,"[0.9457, 0.6564]","[[64, 55, 169, 230], [20, -4, 70, 66]]"
Fake/fake_351_aug_4.jpg,FAKE,1,ONE_FACE,0.9554,"[40,29,165,226]"
Fake/fake_352_aug_0.jpg,FAKE,1,ONE_FACE,0.9576,"[46,31,168,227]"
Fake/fake_352_aug_1.jpg,FAKE,1,ONE_FACE,0.8969,"[54,28,181,231]"
Fake/fake_352_aug_2.jpg,FAKE,1,ONE_FACE,0.9478,"[31,38,173,227]"
Fake/fake_352_aug_3.jpg,FAKE,1,ONE_FACE,0.9525,"[48,102,176,219]"
Fake/fake_352_aug_4.jpg,FAKE,1,ONE_FACE,0.9571,"[7,31,167,218]"
Fake/fake_353_aug_0.jpg,FAKE,1,ONE_FACE,0.8826,"[57,5,170,221]"
Fake/fake_353_aug_1.jpg,FAKE,1,ONE_FACE,0.9376,"[70,61,161,215]"
Fake/fake_353_aug_2.jpg,FAKE,1,ONE_FACE,0.8884,"[93,14,168,215]"
Fake/fake_353_aug_3.jpg,FAKE,1,ONE_FACE,0.8993,"[127,15,163,191]"
Fake/fake_353_aug_4.jpg,FAKE,1,ONE_FACE,0.8581,"[74,31,160,205]"
Fake/fake_354_aug_0.jpg,FAKE,1,ONE_FACE,0.9327,"[59,56,169,209]"
Fake/fake_354_aug_1.jpg,FAKE,1,ONE_FACE,0.9457,"[56,44,157,213]"
Fake/fake_354_aug_2.jpg,FAKE,1,ONE_FACE,0.9242,"[50,76,173,197]"
Fake/fake_354_aug_3.jpg,FAKE,1,ONE_FACE,0.8976,"[92,51,160,211]"
Fake/fake_354_aug_4.jpg,FAKE,1,ONE_FACE,0.9396,"[27,65,164,198]"
Fake/fake_355_aug_0.jpg,FAKE,1,ONE_FACE,0.9462,"[108,98,149,204]"
Fake/fake_355_aug_1.jpg,FAKE,1,ONE_FACE,0.9098,"[37,3,166,199]"
Fake/fake_355_aug_2.jpg,FAKE,1,ONE_FACE,0.9414,"[36,23,155,214]"
Fake/fake_355_aug_3.jpg,FAKE,1,ONE_FACE,0.9432,"[36,75,154,214]"
Fake/fake_355_aug_4.jpg,FAKE,1,ONE_FACE,0.8825,"[61,8,170,223]"
Fake/fake_356_aug_0.jpg,FAKE,1,ONE_FACE,0.9469,"[93,72,170,228]"
Fake/fake_356_aug_1.jpg,FAKE,1,ONE_FACE,0.9450,"[49,52,183,231]"
Fake/fake_356_aug_2.jpg,FAKE,1,ONE_FACE,0.8986,"[34,14,162,182]"
Fake/fake_356_aug_3.jpg,FAKE,1,ONE_FACE,0.8610,"[23,6,169,209]"
Fake/fake_356_aug_4.jpg,FAKE,1,ONE_FACE,0.8536,"[111,75,165,223]"
Fake/fake_357_aug_0.jpg,FAKE,1,ONE_FACE,0.9092,"[68,46,167,192]"
Fake/fake_357_aug_1.jpg,FAKE,1,ONE_FACE,0.9130,"[97,21,165,186]"
Fake/fake_357_aug_2.jpg,FAKE,1,ONE_FACE,0.9525,"[64,63,160,207]"
Fake/fake_357_aug_3.jpg,FAKE,1,ONE_FACE,0.9515,"[85,99,158,205]"
Fake/fake_357_aug_4.jpg,FAKE,1,ONE_FACE,0.9110,"[116,45,158,194]"
Fake/fake_358_aug_0.jpg,FAKE,1,ONE_FACE,0.9062,"[6,31,167,212]"
Fake/fake_358_aug_1.jpg,FAKE,1,ONE_FACE,0.9518,"[67,61,169,229]"
Fake/fake_358_aug_2.jpg,FAKE,1,ONE_FACE,0.9586,"[42,30,166,234]"
Fake/fake_358_aug_3.jpg,FAKE,1,ONE_FACE,0.9443,"[59,52,172,213]"
Fake/fake_358_aug_4.jpg,FAKE,1,ONE_FACE,0.9055,"[72,30,183,227]"
Fake/fake_359_aug_0.jpg,FAKE,1,ONE_FACE,0.9095,"[54,58,171,222]"
Fake/fake_359_aug_1.jpg,FAKE,1,ONE_FACE,0.9473,"[51,3,187,218]"
Fake/fake_359_aug_2.jpg,FAKE,1,ONE_FACE,0.9577,"[26,13,172,232]"
Fake/fake_359_aug_3.jpg,FAKE,1,ONE_FACE,0.9216,"[5,-1,186,177]"
Fake/fake_359_aug_4.jpg,FAKE,1,ONE_FACE,0.9497,"[61,5,187,226]"
Fake/fake_35_aug_0.jpg,FAKE,1,ONE_FACE,0.9365,"[54,10,166,220]"
Fake/fake_35_aug_1.jpg,FAKE,1,ONE_FACE,0.8641,"[50,59,185,195]"
Fake/fake_35_aug_2.jpg,FAKE,1,ONE_FACE,0.9478,"[122,78,172,241]"
Fake/fake_35_aug_3.jpg,FAKE,1,ONE_FACE,0.9466,"[33,17,173,233]"
Fake/fake_35_aug_4.jpg,FAKE,1,ONE_FACE,0.8854,"[43,11,185,238]"
Fake/fake_360_aug_0.jpg,FAKE,1,ONE_FACE,0.9368,"[15,65,171,199]"
Fake/fake_360_aug_1.jpg,FAKE,1,ONE_FACE,0.9065,"[94,5,199,192]"
Fake/fake_360_aug_2.jpg,FAKE,1,ONE_FACE,0.9020,"[61,34,185,211]"
Fake/fake_360_aug_3.jpg,FAKE,1,ONE_FACE,0.9525,"[16,2,172,228]"
Fake/fake_360_aug_4.jpg,FAKE,1,ONE_FACE,0.9507,"[38,36,181,236]"
Fake/fake_361_aug_0.jpg,FAKE,1,ONE_FACE,0.9497,"[36,19,160,210]"
Fake/fake_361_aug_1.jpg,FAKE,1,ONE_FACE,0.9512,"[35,11,162,233]"
Fake/fake_361_aug_2.jpg,FAKE,1,ONE_FACE,0.9061,"[80,31,160,216]"
Fake/fake_361_aug_3.jpg,FAKE,1,ONE_FACE,0.9531,"[122,74,162,225]"
Fake/fake_361_aug_4.jpg,FAKE,1,ONE_FACE,0.9001,"[45,14,161,204]"
Fake/fake_362_aug_0.jpg,FAKE,1,ONE_FACE,0.8940,"[61,31,165,215]"
Fake/fake_362_aug_1.jpg,FAKE,1,ONE_FACE,0.9467,"[70,49,172,220]"
Fake/fake_362_aug_2.jpg,FAKE,1,ONE_FACE,0.9521,"[51,42,167,224]"
Fake/fake_362_aug_3.jpg,FAKE,1,ONE_FACE,0.9112,"[72,26,167,198]"
Fake/fake_362_aug_4.jpg,FAKE,1,ONE_FACE,0.8988,"[75,3,165,208]"
Fake/fake_363_aug_0.jpg,FAKE,1,ONE_FACE,0.9514,"[42,66,169,225]"
Fake/fake_363_aug_1.jpg,FAKE,1,ONE_FACE,0.9075,"[45,4,167,207]"
Fake/fake_363_aug_2.jpg,FAKE,1,ONE_FACE,0.8967,"[61,18,179,220]"
Fake/fake_363_aug_3.jpg,FAKE,1,ONE_FACE,0.9537,"[61,58,169,216]"
Fake/fake_363_aug_4.jpg,FAKE,1,ONE_FACE,0.8882,"[63,34,170,194]"
Fake/fake_364_aug_0.jpg,FAKE,1,ONE_FACE,0.9136,"[47,0,205,226]"
Fake/fake_364_aug_1.jpg,FAKE,1,ONE_FACE,0.8880,"[39,41,205,224]"
Fake/fake_364_aug_2.jpg,FAKE,1,ONE_FACE,0.8821,"[121,25,197,234]"
Fake/fake_364_aug_3.jpg,FAKE,1,ONE_FACE,0.8891,"[79,2,178,223]"
Fake/fake_364_aug_4.jpg,FAKE,1,ONE_FACE,0.9531,"[71,5,186,228]"
Fake/fake_365_aug_0.jpg,FAKE,1,ONE_FACE,0.8433,"[16,57,179,202]"
Fake/fake_365_aug_1.jpg,FAKE,1,ONE_FACE,0.8502,"[48,28,176,249]"
Fake/fake_365_aug_2.jpg,FAKE,1,ONE_FACE,0.9408,"[61,16,154,231]"
Fake/fake_365_aug_3.jpg,FAKE,1,ONE_FACE,0.9361,"[131,29,158,236]"
Fake/fake_365_aug_4.jpg,FAKE,1,ONE_FACE,0.8601,"[87,24,160,222]"
Fake/fake_366_aug_0.jpg,FAKE,1,ONE_FACE,0.9037,"[35,4,181,234]"
Fake/fake_366_aug_1.jpg,FAKE,1,ONE_FACE,0.9080,"[65,0,192,202]"
Fake/fake_366_aug_2.jpg,FAKE,1,ONE_FACE,0.9415,"[33,11,184,236]"
Fake/fake_366_aug_3.jpg,FAKE,1,ONE_FACE,0.9428,"[75,86,176,209]"
Fake/fake_366_aug_4.jpg,FAKE,1,ONE_FACE,0.9295,"[85,85,193,221]"
Fake/fake_367_aug_0.jpg,FAKE,1,ONE_FACE,0.8719,"[8,38,174,202]"
Fake/fake_367_aug_1.jpg,FAKE,1,ONE_FACE,0.9454,"[57,52,177,238]"
Fake/fake_367_aug_2.jpg,FAKE,1,ONE_FACE,0.8906,"[49,11,195,239]"
Fake/fake_367_aug_3.jpg,FAKE,1,ONE_FACE,0.8180,"[1,-1,204,193]"
Fake/fake_367_aug_4.jpg,FAKE,1,ONE_FACE,0.9430,"[79,72,187,237]"
Fake/fake_368_aug_0.jpg,FAKE,1,ONE_FACE,0.9465,"[52,4,186,230]"
Fake/fake_368_aug_1.jpg,FAKE,1,ONE_FACE,0.9391,"[59,55,184,230]"
Fake/fake_368_aug_2.jpg,FAKE,1,ONE_FACE,0.9510,"[14,24,175,228]"
Fake/fake_368_aug_3.jpg,FAKE,1,ONE_FACE,0.8982,"[69,-1,193,187]"
Fake/fake_368_aug_4.jpg,FAKE,1,ONE_FACE,0.9453,"[40,15,175,225]"
Fake/fake_369_aug_0.jpg,FAKE,1,ONE_FACE,0.8895,"[96,4,168,221]"
Fake/fake_369_aug_1.jpg,FAKE,1,ONE_FACE,0.9243,"[58,38,187,236]"
Fake/fake_369_aug_2.jpg,FAKE,1,ONE_FACE,0.8870,"[62,20,184,223]"
Fake/fake_369_aug_3.jpg,FAKE,1,ONE_FACE,0.9396,"[82,13,162,226]"
Fake/fake_369_aug_4.jpg,FAKE,1,ONE_FACE,0.9449,"[71,65,165,231]"
Fake/fake_36_aug_0.jpg,FAKE,1,ONE_FACE,0.9102,"[67,17,171,215]"
Fake/fake_36_aug_1.jpg,FAKE,1,ONE_FACE,0.9454,"[72,73,180,228]"
Fake/fake_36_aug_2.jpg,FAKE,1,ONE_FACE,0.9386,"[52,48,182,231]"
Fake/fake_36_aug_3.jpg,FAKE,1,ONE_FACE,0.9023,"[66,40,163,215]"
Fake/fake_36_aug_4.jpg,FAKE,1,ONE_FACE,0.9072,"[71,27,164,225]"
Fake/fake_370_aug_0.jpg,FAKE,1,ONE_FACE,0.8957,"[24,17,169,221]"
Fake/fake_370_aug_1.jpg,FAKE,1,ONE_FACE,0.9435,"[41,57,153,225]"
Fake/fake_370_aug_2.jpg,FAKE,1,ONE_FACE,0.9395,"[73,33,171,235]"
Fake/fake_370_aug_3.jpg,FAKE,1,ONE_FACE,0.8546,"[111,82,171,213]"
Fake/fake_370_aug_4.jpg,FAKE,1,ONE_FACE,0.9429,"[32,45,166,235]"
Fake/fake_371_aug_0.jpg,FAKE,1,ONE_FACE,0.9453,"[14,50,163,211]"
Fake/fake_371_aug_1.jpg,FAKE,1,ONE_FACE,0.9493,"[100,13,169,228]"
Fake/fake_371_aug_2.jpg,FAKE,1,ONE_FACE,0.8961,"[66,53,171,186]"
Fake/fake_371_aug_3.jpg,FAKE,1,ONE_FACE,0.9516,"[-5,6,174,227]"
Fake/fake_371_aug_4.jpg,FAKE,1,ONE_FACE,0.8663,"[48,42,171,191]"
Fake/fake_372_aug_0.jpg,FAKE,1,ONE_FACE,0.8855,"[82,47,170,220]"
Fake/fake_372_aug_1.jpg,FAKE,1,ONE_FACE,0.9013,"[50,18,170,219]"
Fake/fake_372_aug_2.jpg,FAKE,1,ONE_FACE,0.9447,"[44,58,166,222]"
Fake/fake_372_aug_3.jpg,FAKE,1,ONE_FACE,0.8900,"[59,26,169,213]"
Fake/fake_372_aug_4.jpg,FAKE,1,ONE_FACE,0.9458,"[46,30,176,210]"
Fake/fake_373_aug_0.jpg,FAKE,1,ONE_FACE,0.9531,"[38,16,172,227]"
Fake/fake_373_aug_1.jpg,FAKE,1,ONE_FACE,0.9081,"[80,67,173,249]"
Fake/fake_373_aug_2.jpg,FAKE,1,ONE_FACE,0.9450,"[11,3,174,219]"
Fake/fake_373_aug_3.jpg,FAKE,1,ONE_FACE,0.9518,"[20,21,175,237]"
Fake/fake_373_aug_4.jpg,FAKE,1,ONE_FACE,0.9003,"[57,47,184,231]"
Fake/fake_374_aug_0.jpg,FAKE,1,ONE_FACE,0.8897,"[82,6,174,195]"
Fake/fake_374_aug_1.jpg,FAKE,1,ONE_FACE,0.9413,"[74,82,169,210]"
Fake/fake_374_aug_2.jpg,FAKE,1,ONE_FACE,0.9014,"[84,1,191,164]"
Fake/fake_374_aug_3.jpg,FAKE,1,ONE_FACE,0.8885,"[46,4,175,210]"
Fake/fake_374_aug_4.jpg,FAKE,1,ONE_FACE,0.8611,"[54,19,178,217]"
Fake/fake_375_aug_0.jpg,FAKE,1,ONE_FACE,0.9185,"[47,29,170,189]"
Fake/fake_375_aug_1.jpg,FAKE,1,ONE_FACE,0.9056,"[59,70,175,190]"
Fake/fake_375_aug_2.jpg,FAKE,1,ONE_FACE,0.9152,"[17,61,177,187]"
Fake/fake_375_aug_3.jpg,FAKE,1,ONE_FACE,0.9117,"[38,25,172,200]"
Fake/fake_375_aug_4.jpg,FAKE,1,ONE_FACE,0.9560,"[54,34,171,213]"
Fake/fake_376_aug_0.jpg,FAKE,1,ONE_FACE,0.8919,"[7,17,166,186]"
Fake/fake_376_aug_1.jpg,FAKE,1,ONE_FACE,0.9392,"[43,46,176,217]"
Fake/fake_376_aug_2.jpg,FAKE,1,ONE_FACE,0.8962,"[33,65,168,233]"
Fake/fake_376_aug_3.jpg,FAKE,1,ONE_FACE,0.8889,"[18,43,174,202]"
Fake/fake_376_aug_4.jpg,FAKE,1,ONE_FACE,0.9012,"[20,36,177,209]"
Fake/fake_377_aug_0.jpg,FAKE,1,ONE_FACE,0.9048,"[100,52,171,224]"
Fake/fake_377_aug_1.jpg,FAKE,1,ONE_FACE,0.8722,"[22,40,229,231]"
Fake/fake_377_aug_2.jpg,FAKE,1,ONE_FACE,0.9563,"[25,25,175,238]"
Fake/fake_377_aug_3.jpg,FAKE,1,ONE_FACE,0.9110,"[64,24,174,220]"
Fake/fake_377_aug_4.jpg,FAKE,1,ONE_FACE,0.9128,"[33,36,187,214]"
Fake/fake_378_aug_0.jpg,FAKE,1,ONE_FACE,0.9119,"[103,10,164,187]"
Fake/fake_378_aug_1.jpg,FAKE,1,ONE_FACE,0.8944,"[120,22,177,220]"
Fake/fake_378_aug_2.jpg,FAKE,1,ONE_FACE,0.9484,"[39,46,171,246]"
Fake/fake_378_aug_3.jpg,FAKE,1,ONE_FACE,0.8878,"[70,9,163,187]"
Fake/fake_378_aug_4.jpg,FAKE,1,ONE_FACE,0.9482,"[26,32,176,244]"
Fake/fake_379_aug_0.jpg,FAKE,1,ONE_FACE,0.8931,"[40,6,168,200]"
Fake/fake_379_aug_1.jpg,FAKE,1,ONE_FACE,0.9464,"[25,70,172,224]"
Fake/fake_379_aug_2.jpg,FAKE,1,ONE_FACE,0.9344,"[45,67,178,208]"
Fake/fake_379_aug_3.jpg,FAKE,1,ONE_FACE,0.8993,"[35,21,173,200]"
Fake/fake_379_aug_4.jpg,FAKE,1,ONE_FACE,0.9553,"[61,43,166,217]"
Fake/fake_37_aug_0.jpg,FAKE,1,ONE_FACE,0.9551,"[59,45,171,223]"
Fake/fake_37_aug_1.jpg,FAKE,1,ONE_FACE,0.8757,"[66,25,185,215]"
Fake/fake_37_aug_2.jpg,FAKE,1,ONE_FACE,0.9465,"[44,35,165,205]"
Fake/fake_37_aug_3.jpg,FAKE,1,ONE_FACE,0.8703,"[77,15,173,200]"
Fake/fake_37_aug_4.jpg,FAKE,1,ONE_FACE,0.8612,"[49,27,183,196]"
Fake/fake_380_aug_0.jpg,FAKE,1,ONE_FACE,0.8890,"[33,105,179,194]"
Fake/fake_380_aug_1.jpg,FAKE,1,ONE_FACE,0.9532,"[81,10,171,222]"
Fake/fake_380_aug_2.jpg,FAKE,1,ONE_FACE,0.9492,"[57,46,172,221]"
Fake/fake_380_aug_3.jpg,FAKE,1,ONE_FACE,0.9609,"[90,26,164,220]"
Fake/fake_380_aug_4.jpg,FAKE,1,ONE_FACE,0.9535,"[50,41,174,220]"
Fake/fake_381_aug_0.jpg,FAKE,1,ONE_FACE,0.8932,"[134,45,174,190]"
Fake/fake_381_aug_1.jpg,FAKE,1,ONE_FACE,0.8959,"[14,59,175,205]"
Fake/fake_381_aug_2.jpg,FAKE,1,ONE_FACE,0.9453,"[93,96,182,214]"
Fake/fake_381_aug_3.jpg,FAKE,1,ONE_FACE,0.8916,"[110,31,161,189]"
Fake/fake_381_aug_4.jpg,FAKE,1,ONE_FACE,0.9553,"[78,102,170,218]"
Fake/fake_382_aug_0.jpg,FAKE,1,ONE_FACE,0.9377,"[66,72,185,227]"
Fake/fake_382_aug_1.jpg,FAKE,1,ONE_FACE,0.8984,"[40,11,215,238]"
Fake/fake_382_aug_2.jpg,FAKE,1,ONE_FACE,0.9533,"[29,15,184,252]"
Fake/fake_382_aug_3.jpg,FAKE,1,ONE_FACE,0.9529,"[30,11,184,247]"
Fake/fake_382_aug_4.jpg,FAKE,1,ONE_FACE,0.8911,"[41,15,186,253]"
Fake/fake_383_aug_0.jpg,FAKE,1,ONE_FACE,0.9563,"[56,33,175,245]"
Fake/fake_383_aug_1.jpg,FAKE,1,ONE_FACE,0.9607,"[30,0,169,223]"
Fake/fake_383_aug_2.jpg,FAKE,1,ONE_FACE,0.9171,"[53,27,168,231]"
Fake/fake_383_aug_3.jpg,FAKE,1,ONE_FACE,0.9185,"[54,12,172,198]"
Fake/fake_383_aug_4.jpg,FAKE,1,ONE_FACE,0.9439,"[21,37,179,231]"
Fake/fake_384_aug_0.jpg,FAKE,1,ONE_FACE,0.8428,"[34,6,173,202]"
Fake/fake_384_aug_1.jpg,FAKE,1,ONE_FACE,0.9451,"[58,47,169,222]"
Fake/fake_384_aug_2.jpg,FAKE,1,ONE_FACE,0.9518,"[105,43,165,224]"
Fake/fake_384_aug_3.jpg,FAKE,1,ONE_FACE,0.9526,"[117,27,169,218]"
Fake/fake_384_aug_4.jpg,FAKE,1,ONE_FACE,0.9433,"[27,73,169,189]"
Fake/fake_385_aug_0.jpg,FAKE,1,ONE_FACE,0.8709,"[86,34,192,251]"
Fake/fake_385_aug_1.jpg,FAKE,1,ONE_FACE,0.9227,"[45,3,198,240]"
Fake/fake_385_aug_2.jpg,FAKE,1,ONE_FACE,0.9360,"[52,37,195,256]"
Fake/fake_385_aug_3.jpg,FAKE,1,ONE_FACE,0.8459,"[24,63,216,210]"
Fake/fake_385_aug_4.jpg,FAKE,1,ONE_FACE,0.9500,"[79,17,187,234]"
Fake/fake_386_aug_0.jpg,FAKE,1,ONE_FACE,0.8739,"[92,39,175,219]"
Fake/fake_386_aug_1.jpg,FAKE,1,ONE_FACE,0.9385,"[113,57,166,209]"
Fake/fake_386_aug_2.jpg,FAKE,1,ONE_FACE,0.8584,"[22,11,169,177]"
Fake/fake_386_aug_3.jpg,FAKE,1,ONE_FACE,0.9034,"[38,7,172,202]"
Fake/fake_386_aug_4.jpg,FAKE,1,ONE_FACE,0.9440,"[51,30,175,205]"
Fake/fake_387_aug_0.jpg,FAKE,1,ONE_FACE,0.8442,"[49,62,198,185]"
Fake/fake_387_aug_1.jpg,FAKE,1,ONE_FACE,0.8854,"[91,51,186,254]"
Fake/fake_387_aug_2.jpg,FAKE,1,ONE_FACE,0.8859,"[79,13,203,237]"
Fake/fake_387_aug_3.jpg,FAKE,1,ONE_FACE,0.8915,"[46,20,178,236]"
Fake/fake_387_aug_4.jpg,FAKE,1,ONE_FACE,0.9334,"[88,44,178,226]"
Fake/fake_388_aug_0.jpg,FAKE,1,ONE_FACE,0.9096,"[45,31,181,242]"
Fake/fake_388_aug_1.jpg,FAKE,1,ONE_FACE,0.9500,"[67,42,178,241]"
Fake/fake_388_aug_2.jpg,FAKE,1,ONE_FACE,0.9388,"[41,30,206,244]"
Fake/fake_388_aug_3.jpg,FAKE,1,ONE_FACE,0.8912,"[84,116,175,205]"
Fake/fake_388_aug_4.jpg,FAKE,1,ONE_FACE,0.9435,"[50,32,177,248]"
Fake/fake_389_aug_0.jpg,FAKE,1,ONE_FACE,0.9537,"[23,88,176,219]"
Fake/fake_389_aug_1.jpg,FAKE,1,ONE_FACE,0.9530,"[13,33,171,212]"
Fake/fake_389_aug_2.jpg,FAKE,1,ONE_FACE,0.8907,"[40,7,186,215]"
Fake/fake_389_aug_3.jpg,FAKE,1,ONE_FACE,0.9474,"[50,90,169,209]"
Fake/fake_389_aug_4.jpg,FAKE,1,ONE_FACE,0.9577,"[60,20,164,219]"
Fake/fake_38_aug_0.jpg,FAKE,1,ONE_FACE,0.9495,"[109,58,163,210]"
Fake/fake_38_aug_1.jpg,FAKE,1,ONE_FACE,0.9448,"[93,61,173,206]"
Fake/fake_38_aug_2.jpg,FAKE,1,ONE_FACE,0.8933,"[53,15,194,227]"
Fake/fake_38_aug_3.jpg,FAKE,1,ONE_FACE,0.9519,"[108,24,164,209]"
Fake/fake_38_aug_4.jpg,FAKE,1,ONE_FACE,0.8886,"[34,16,175,186]"
Fake/fake_390_aug_0.jpg,FAKE,1,ONE_FACE,0.8796,"[73,33,169,226]"
Fake/fake_390_aug_1.jpg,FAKE,1,ONE_FACE,0.8791,"[58,36,163,220]"
Fake/fake_390_aug_2.jpg,FAKE,1,ONE_FACE,0.8381,"[20,42,199,221]"
Fake/fake_390_aug_3.jpg,FAKE,1,ONE_FACE,0.8803,"[41,36,172,241]"
Fake/fake_390_aug_4.jpg,FAKE,1,ONE_FACE,0.8958,"[12,50,155,223]"
Fake/fake_391_aug_0.jpg,FAKE,1,ONE_FACE,0.9366,"[61,68,182,231]"
Fake/fake_391_aug_1.jpg,FAKE,1,ONE_FACE,0.9085,"[81,18,193,226]"
Fake/fake_391_aug_2.jpg,FAKE,1,ONE_FACE,0.9117,"[100,11,180,230]"
Fake/fake_391_aug_3.jpg,FAKE,1,ONE_FACE,0.9537,"[77,49,192,243]"
Fake/fake_391_aug_4.jpg,FAKE,1,ONE_FACE,0.9407,"[61,32,173,242]"
Fake/fake_392_aug_0.jpg,FAKE,1,ONE_FACE,0.9486,"[25,16,170,205]"
Fake/fake_392_aug_1.jpg,FAKE,1,ONE_FACE,0.9246,"[57,45,183,222]"
Fake/fake_392_aug_2.jpg,FAKE,1,ONE_FACE,0.9501,"[60,39,163,220]"
Fake/fake_392_aug_3.jpg,FAKE,1,ONE_FACE,0.9522,"[54,37,160,219]"
Fake/fake_392_aug_4.jpg,FAKE,1,ONE_FACE,0.8806,"[63,44,158,198]"
Fake/fake_393_aug_0.jpg,FAKE,1,ONE_FACE,0.8789,"[19,3,183,191]"
Fake/fake_393_aug_1.jpg,FAKE,1,ONE_FACE,0.8764,"[94,40,173,217]"
Fake/fake_393_aug_2.jpg,FAKE,1,ONE_FACE,0.8680,"[6,59,191,199]"
Fake/fake_393_aug_3.jpg,FAKE,1,ONE_FACE,0.9102,"[40,6,188,202]"
Fake/fake_393_aug_4.jpg,FAKE,1,ONE_FACE,0.8414,"[82,67,207,212]"
Fake/fake_394_aug_0.jpg,FAKE,1,ONE_FACE,0.8752,"[44,4,179,223]"
Fake/fake_394_aug_1.jpg,FAKE,1,ONE_FACE,0.9443,"[80,79,158,210]"
Fake/fake_394_aug_2.jpg,FAKE,1,ONE_FACE,0.8849,"[54,21,181,230]"
Fake/fake_394_aug_3.jpg,FAKE,1,ONE_FACE,0.9413,"[144,124,152,207]"
Fake/fake_394_aug_4.jpg,FAKE,1,ONE_FACE,0.9217,"[52,45,164,209]"
Fake/fake_395_aug_0.jpg,FAKE,1,ONE_FACE,0.8664,"[16,15,182,212]"
Fake/fake_395_aug_1.jpg,FAKE,1,ONE_FACE,0.8734,"[99,3,170,200]"
Fake/fake_395_aug_2.jpg,FAKE,1,ONE_FACE,0.8556,"[51,9,196,243]"
Fake/fake_395_aug_3.jpg,FAKE,1,ONE_FACE,0.9446,"[11,17,180,208]"
Fake/fake_395_aug_4.jpg,FAKE,1,ONE_FACE,0.8735,"[71,2,186,202]"
Fake/fake_396_aug_0.jpg,FAKE,1,ONE_FACE,0.9493,"[49,27,162,212]"
Fake/fake_396_aug_1.jpg,FAKE,1,ONE_FACE,0.8974,"[61,47,158,190]"
Fake/fake_396_aug_2.jpg,FAKE,1,ONE_FACE,0.9542,"[80,10,174,231]"
Fake/fake_396_aug_3.jpg,FAKE,1,ONE_FACE,0.9067,"[87,16,167,176]"
Fake/fake_396_aug_4.jpg,FAKE,1,ONE_FACE,0.9080,"[30,20,177,213]"
Fake/fake_397_aug_0.jpg,FAKE,1,ONE_FACE,0.8951,"[104,74,162,218]"
Fake/fake_397_aug_1.jpg,FAKE,1,ONE_FACE,0.9030,"[14,22,173,204]"
Fake/fake_397_aug_2.jpg,FAKE,1,ONE_FACE,0.9565,"[56,42,170,232]"
Fake/fake_397_aug_3.jpg,FAKE,1,ONE_FACE,0.9539,"[90,75,169,232]"
Fake/fake_397_aug_4.jpg,FAKE,1,ONE_FACE,0.8876,"[114,47,173,201]"
Fake/fake_398_aug_0.jpg,FAKE,1,ONE_FACE,0.9053,"[54,22,180,240]"
Fake/fake_398_aug_1.jpg,FAKE,1,ONE_FACE,0.9610,"[51,58,177,241]"
Fake/fake_398_aug_2.jpg,FAKE,1,ONE_FACE,0.9423,"[60,52,192,222]"
Fake/fake_398_aug_3.jpg,FAKE,1,ONE_FACE,0.9590,"[79,64,177,236]"
Fake/fake_398_aug_4.jpg,FAKE,1,ONE_FACE,0.9614,"[59,48,170,241]"
Fake/fake_399_aug_0.jpg,FAKE,1,ONE_FACE,0.9495,"[44,26,174,223]"
Fake/fake_399_aug_1.jpg,FAKE,1,ONE_FACE,0.9204,"[57,50,186,219]"
Fake/fake_399_aug_2.jpg,FAKE,1,ONE_FACE,0.9466,"[28,7,176,225]"
Fake/fake_399_aug_3.jpg,FAKE,1,ONE_FACE,0.9070,"[62,27,182,236]"
Fake/fake_399_aug_4.jpg,FAKE,1,ONE_FACE,0.8921,"[43,18,182,216]"
Fake/fake_39_aug_0.jpg,FAKE,1,ONE_FACE,0.9277,"[72,59,165,207]"
Fake/fake_39_aug_1.jpg,FAKE,1,ONE_FACE,0.9088,"[19,8,197,232]"
Fake/fake_39_aug_2.jpg,FAKE,1,ONE_FACE,0.9319,"[23,22,171,213]"
Fake/fake_39_aug_3.jpg,FAKE,1,ONE_FACE,0.8985,"[29,61,181,231]"
Fake/fake_39_aug_4.jpg,FAKE,1,ONE_FACE,0.8882,"[53,31,204,239]"
Fake/fake_3_aug_0.jpg,FAKE,1,ONE_FACE,0.8970,"[55,8,177,224]"
Fake/fake_3_aug_1.jpg,FAKE,1,ONE_FACE,0.9534,"[64,49,166,229]"
Fake/fake_3_aug_2.jpg,FAKE,1,ONE_FACE,0.8505,"[65,20,174,217]"
Fake/fake_3_aug_3.jpg,FAKE,1,ONE_FACE,0.8584,"[49,1,164,222]"
Fake/fake_3_aug_4.jpg,FAKE,1,ONE_FACE,0.8656,"[60,17,157,185]"
Fake/fake_400_aug_0.jpg,FAKE,1,ONE_FACE,0.9498,"[41,12,178,223]"
Fake/fake_400_aug_1.jpg,FAKE,1,ONE_FACE,0.8891,"[90,46,198,211]"
Fake/fake_400_aug_2.jpg,FAKE,1,ONE_FACE,0.8753,"[55,10,195,201]"
Fake/fake_400_aug_3.jpg,FAKE,1,ONE_FACE,0.9388,"[81,76,175,221]"
Fake/fake_400_aug_4.jpg,FAKE,1,ONE_FACE,0.8524,"[86,29,172,202]"
Fake/fake_401_aug_0.jpg,FAKE,1,ONE_FACE,0.9456,"[54,61,172,210]"
Fake/fake_401_aug_1.jpg,FAKE,1,ONE_FACE,0.9461,"[81,82,173,209]"
Fake/fake_401_aug_2.jpg,FAKE,1,ONE_FACE,0.8872,"[36,28,178,198]"
Fake/fake_401_aug_3.jpg,FAKE,1,ONE_FACE,0.8766,"[38,85,183,197]"
Fake/fake_401_aug_4.jpg,FAKE,1,ONE_FACE,0.9461,"[41,45,171,205]"
Fake/fake_402_aug_0.jpg,FAKE,1,ONE_FACE,0.9385,"[37,35,171,225]"
Fake/fake_402_aug_1.jpg,FAKE,1,ONE_FACE,0.9308,"[52,47,173,229]"
Fake/fake_402_aug_2.jpg,FAKE,1,ONE_FACE,0.9155,"[33,45,203,223]"
Fake/fake_402_aug_3.jpg,FAKE,1,ONE_FACE,0.8916,"[60,79,198,231]"
Fake/fake_402_aug_4.jpg,FAKE,1,ONE_FACE,0.9419,"[75,58,185,211]"
Fake/fake_403_aug_0.jpg,FAKE,1,ONE_FACE,0.8702,"[90,48,169,221]"
Fake/fake_403_aug_1.jpg,FAKE,1,ONE_FACE,0.9392,"[109,64,167,226]"
Fake/fake_403_aug_2.jpg,FAKE,1,ONE_FACE,0.8713,"[57,40,172,211]"
Fake/fake_403_aug_3.jpg,FAKE,1,ONE_FACE,0.9233,"[65,68,178,225]"
Fake/fake_403_aug_4.jpg,FAKE,1,ONE_FACE,0.8596,"[62,31,168,220]"
Fake/fake_404_aug_0.jpg,FAKE,1,ONE_FACE,0.8840,"[111,6,178,205]"
Fake/fake_404_aug_1.jpg,FAKE,1,ONE_FACE,0.9375,"[36,56,160,177]"
Fake/fake_404_aug_2.jpg,FAKE,1,ONE_FACE,0.9500,"[40,33,157,213]"
Fake/fake_404_aug_3.jpg,FAKE,1,ONE_FACE,0.8162,"[18,56,172,215]"
Fake/fake_404_aug_4.jpg,FAKE,1,ONE_FACE,0.9431,"[76,61,148,211]"
Fake/fake_405_aug_0.jpg,FAKE,1,ONE_FACE,0.9226,"[3,59,111,200]"
Fake/fake_405_aug_1.jpg,FAKE,1,ONE_FACE,0.9387,"[99,44,173,233]"
Fake/fake_405_aug_2.jpg,FAKE,1,ONE_FACE,0.8244,"[61,26,230,231]"
Fake/fake_405_aug_3.jpg,FAKE,1,ONE_FACE,0.8838,"[66,97,165,199]"
Fake/fake_405_aug_4.jpg,FAKE,1,ONE_FACE,0.8867,"[127,21,179,225]"
Fake/fake_406_aug_0.jpg,FAKE,1,ONE_FACE,0.9318,"[60,56,182,219]"
Fake/fake_406_aug_1.jpg,FAKE,1,ONE_FACE,0.9565,"[20,22,173,212]"
Fake/fake_406_aug_2.jpg,FAKE,1,ONE_FACE,0.9546,"[66,65,164,214]"
Fake/fake_406_aug_3.jpg,FAKE,1,ONE_FACE,0.8738,"[81,69,186,223]"
Fake/fake_406_aug_4.jpg,FAKE,1,ONE_FACE,0.8487,"[79,43,177,197]"
Fake/fake_407_aug_0.jpg,FAKE,1,ONE_FACE,0.8762,"[56,9,163,223]"
Fake/fake_407_aug_1.jpg,FAKE,1,ONE_FACE,0.8728,"[45,5,172,229]"
Fake/fake_407_aug_2.jpg,FAKE,1,ONE_FACE,0.8953,"[55,2,175,193]"
Fake/fake_407_aug_3.jpg,FAKE,1,ONE_FACE,0.9503,"[75,80,163,227]"
Fake/fake_407_aug_4.jpg,FAKE,1,ONE_FACE,0.8961,"[48,2,171,194]"
Fake/fake_408_aug_0.jpg,FAKE,1,ONE_FACE,0.9550,"[37,2,160,212]"
Fake/fake_408_aug_1.jpg,FAKE,1,ONE_FACE,0.8687,"[86,58,189,210]"
Fake/fake_408_aug_2.jpg,FAKE,1,ONE_FACE,0.9523,"[44,29,161,218]"
Fake/fake_408_aug_3.jpg,FAKE,1,ONE_FACE,0.9535,"[69,50,163,229]"
Fake/fake_408_aug_4.jpg,FAKE,1,ONE_FACE,0.8739,"[72,0,183,185]"
Fake/fake_409_aug_0.jpg,FAKE,1,ONE_FACE,0.8851,"[48,35,165,224]"
Fake/fake_409_aug_1.jpg,FAKE,1,ONE_FACE,0.8895,"[68,53,162,201]"
Fake/fake_409_aug_2.jpg,FAKE,1,ONE_FACE,0.8914,"[81,54,179,207]"
Fake/fake_409_aug_3.jpg,FAKE,1,ONE_FACE,0.9527,"[71,63,162,221]"
Fake/fake_409_aug_4.jpg,FAKE,1,ONE_FACE,0.9513,"[38,30,161,219]"
Fake/fake_40_aug_0.jpg,FAKE,1,ONE_FACE,0.9505,"[79,11,156,221]"
Fake/fake_40_aug_1.jpg,FAKE,1,ONE_FACE,0.9440,"[13,52,151,209]"
Fake/fake_40_aug_2.jpg,FAKE,1,ONE_FACE,0.9113,"[3,1,153,155]"
Fake/fake_40_aug_3.jpg,FAKE,1,ONE_FACE,0.8383,"[90,23,164,218]"
Fake/fake_40_aug_4.jpg,FAKE,1,ONE_FACE,0.8966,"[104,11,158,185]"
Fake/fake_410_aug_0.jpg,FAKE,1,ONE_FACE,0.9481,"[105,85,166,224]"
Fake/fake_410_aug_1.jpg,FAKE,1,ONE_FACE,0.9538,"[10,13,173,217]"
Fake/fake_410_aug_2.jpg,FAKE,1,ONE_FACE,0.9149,"[56,37,175,220]"
Fake/fake_410_aug_3.jpg,FAKE,1,ONE_FACE,0.9152,"[35,20,184,212]"
Fake/fake_410_aug_4.jpg,FAKE,1,ONE_FACE,0.9094,"[60,15,185,233]"
Fake/fake_411_aug_0.jpg,FAKE,1,ONE_FACE,0.9454,"[94,84,168,227]"
Fake/fake_411_aug_1.jpg,FAKE,1,ONE_FACE,0.9102,"[35,15,168,214]"
Fake/fake_411_aug_2.jpg,FAKE,1,ONE_FACE,0.8920,"[88,6,182,202]"
Fake/fake_411_aug_3.jpg,FAKE,1,ONE_FACE,0.9467,"[55,13,167,228]"
Fake/fake_411_aug_4.jpg,FAKE,1,ONE_FACE,0.8839,"[24,12,205,235]"
Fake/fake_412_aug_0.jpg,FAKE,1,ONE_FACE,0.9426,"[6,78,180,220]"
Fake/fake_412_aug_1.jpg,FAKE,1,ONE_FACE,0.9464,"[80,65,187,237]"
Fake/fake_412_aug_2.jpg,FAKE,1,ONE_FACE,0.9553,"[61,40,180,235]"
Fake/fake_412_aug_3.jpg,FAKE,1,ONE_FACE,0.9007,"[40,7,179,208]"
Fake/fake_412_aug_4.jpg,FAKE,1,ONE_FACE,0.8957,"[99,54,186,227]"
Fake/fake_413_aug_0.jpg,FAKE,1,ONE_FACE,0.9227,"[52,35,166,228]"
Fake/fake_413_aug_1.jpg,FAKE,1,ONE_FACE,0.9386,"[70,55,165,242]"
Fake/fake_413_aug_2.jpg,FAKE,1,ONE_FACE,0.8283,"[78,36,162,223]"
Fake/fake_413_aug_3.jpg,FAKE,1,ONE_FACE,0.8731,"[6,9,173,239]"
Fake/fake_413_aug_4.jpg,FAKE,1,ONE_FACE,0.8013,"[10,3,196,193]"
Fake/fake_414_aug_0.jpg,FAKE,1,ONE_FACE,0.9485,"[62,38,164,225]"
Fake/fake_414_aug_1.jpg,FAKE,1,ONE_FACE,0.8943,"[60,47,158,203]"
Fake/fake_414_aug_2.jpg,FAKE,1,ONE_FACE,0.9499,"[66,52,159,217]"
Fake/fake_414_aug_3.jpg,FAKE,1,ONE_FACE,0.8830,"[56,35,160,201]"
Fake/fake_414_aug_4.jpg,FAKE,1,ONE_FACE,0.8739,"[67,36,176,219]"
Fake/fake_415_aug_0.jpg,FAKE,1,ONE_FACE,0.9465,"[77,104,179,229]"
Fake/fake_415_aug_1.jpg,FAKE,1,ONE_FACE,0.9560,"[34,14,174,253]"
Fake/fake_415_aug_2.jpg,FAKE,1,ONE_FACE,0.9511,"[110,6,178,246]"
Fake/fake_415_aug_3.jpg,FAKE,1,ONE_FACE,0.8914,"[21,20,189,209]"
Fake/fake_415_aug_4.jpg,FAKE,1,ONE_FACE,0.8771,"[24,11,195,231]"
Fake/fake_416_aug_0.jpg,FAKE,1,ONE_FACE,0.9365,"[46,11,164,230]"
Fake/fake_416_aug_1.jpg,FAKE,1,ONE_FACE,0.8452,"[50,29,190,212]"
Fake/fake_416_aug_2.jpg,FAKE,1,ONE_FACE,0.8787,"[19,8,152,212]"
Fake/fake_416_aug_3.jpg,FAKE,1,ONE_FACE,0.8670,"[23,16,178,207]"
Fake/fake_416_aug_4.jpg,FAKE,1,ONE_FACE,0.8762,"[100,43,166,224]"
Fake/fake_417_aug_0.jpg,FAKE,1,ONE_FACE,0.8523,"[73,29,190,217]"
Fake/fake_417_aug_1.jpg,FAKE,1,ONE_FACE,0.9347,"[83,131,184,212]"
Fake/fake_417_aug_2.jpg,FAKE,1,ONE_FACE,0.8796,"[44,24,186,209]"
Fake/fake_417_aug_3.jpg,FAKE,1,ONE_FACE,0.8732,"[44,13,174,191]"
Fake/fake_417_aug_4.jpg,FAKE,1,ONE_FACE,0.8977,"[48,7,183,177]"
Fake/fake_418_aug_0.jpg,FAKE,1,ONE_FACE,0.8879,"[74,28,192,242]"
Fake/fake_418_aug_1.jpg,FAKE,1,ONE_FACE,0.8684,"[42,18,170,210]"
Fake/fake_418_aug_2.jpg,FAKE,1,ONE_FACE,0.9328,"[19,58,176,175]"
Fake/fake_418_aug_3.jpg,FAKE,1,ONE_FACE,0.9487,"[45,44,171,224]"
Fake/fake_418_aug_4.jpg,FAKE,1,ONE_FACE,0.9155,"[43,3,201,233]"
Fake/fake_419_aug_0.jpg,FAKE,1,ONE_FACE,0.9464,"[81,25,190,227]"
Fake/fake_419_aug_1.jpg,FAKE,1,ONE_FACE,0.9078,"[44,2,193,206]"
Fake/fake_419_aug_2.jpg,FAKE,1,ONE_FACE,0.9036,"[49,17,191,230]"
Fake/fake_419_aug_3.jpg,FAKE,1,ONE_FACE,0.9564,"[68,0,173,220]"
Fake/fake_419_aug_4.jpg,FAKE,1,ONE_FACE,0.9011,"[102,10,206,205]"
Fake/fake_41_aug_0.jpg,FAKE,1,ONE_FACE,0.8776,"[33,16,189,238]"
Fake/fake_41_aug_1.jpg,FAKE,1,ONE_FACE,0.8959,"[17,25,209,219]"
Fake/fake_41_aug_2.jpg,FAKE,1,ONE_FACE,0.8542,"[81,38,172,209]"
Fake/fake_41_aug_3.jpg,FAKE,1,ONE_FACE,0.9437,"[83,30,166,218]"
Fake/fake_41_aug_4.jpg,FAKE,1,ONE_FACE,0.9162,"[12,5,191,203]"
Fake/fake_420_aug_0.jpg,FAKE,1,ONE_FACE,0.9377,"[71,74,161,212]"
Fake/fake_420_aug_1.jpg,FAKE,1,ONE_FACE,0.7907,"[30,17,183,239]"
Fake/fake_420_aug_2.jpg,FAKE,1,ONE_FACE,0.9499,"[53,16,161,224]"
Fake/fake_420_aug_3.jpg,FAKE,1,ONE_FACE,0.9471,"[75,58,163,220]"
Fake/fake_420_aug_4.jpg,FAKE,1,ONE_FACE,0.9158,"[81,60,192,220]"
Fake/fake_421_aug_0.jpg,FAKE,1,ONE_FACE,0.9433,"[54,2,191,228]"
Fake/fake_421_aug_1.jpg,FAKE,1,ONE_FACE,0.8859,"[20,39,176,205]"
Fake/fake_421_aug_2.jpg,FAKE,1,ONE_FACE,0.9490,"[39,58,168,228]"
Fake/fake_421_aug_3.jpg,FAKE,1,ONE_FACE,0.9439,"[73,80,190,236]"
Fake/fake_421_aug_4.jpg,FAKE,1,ONE_FACE,0.9550,"[20,16,174,239]"
Fake/fake_422_aug_0.jpg,FAKE,1,ONE_FACE,0.8590,"[53,121,199,197]"
Fake/fake_422_aug_1.jpg,FAKE,1,ONE_FACE,0.7055,"[22,20,212,191]"
Fake/fake_422_aug_2.jpg,FAKE,1,ONE_FACE,0.7950,"[51,4,212,217]"
Fake/fake_422_aug_3.jpg,FAKE,1,ONE_FACE,0.7805,"[27,-1,215,181]"
Fake/fake_422_aug_4.jpg,FAKE,1,ONE_FACE,0.9309,"[41,7,178,223]"
Fake/fake_423_aug_0.jpg,FAKE,1,ONE_FACE,0.9385,"[82,64,162,206]"
Fake/fake_423_aug_1.jpg,FAKE,1,ONE_FACE,0.8891,"[57,26,190,232]"
Fake/fake_423_aug_2.jpg,FAKE,1,ONE_FACE,0.9421,"[38,35,161,204]"
Fake/fake_423_aug_3.jpg,FAKE,1,ONE_FACE,0.9322,"[62,72,171,212]"
Fake/fake_423_aug_4.jpg,FAKE,1,ONE_FACE,0.9177,"[81,61,169,202]"
Fake/fake_424_aug_0.jpg,FAKE,1,ONE_FACE,0.9237,"[108,24,161,214]"
Fake/fake_424_aug_1.jpg,FAKE,1,ONE_FACE,0.9362,"[83,53,162,211]"
Fake/fake_424_aug_2.jpg,FAKE,1,ONE_FACE,0.9422,"[88,12,159,201]"
Fake/fake_424_aug_3.jpg,FAKE,1,ONE_FACE,0.8707,"[7,7,146,214]"
Fake/fake_424_aug_4.jpg,FAKE,1,ONE_FACE,0.9241,"[51,52,162,214]"
Fake/fake_425_aug_0.jpg,FAKE,1,ONE_FACE,0.8631,"[101,33,171,210]"
Fake/fake_425_aug_1.jpg,FAKE,1,ONE_FACE,0.9435,"[107,23,168,226]"
Fake/fake_425_aug_2.jpg,FAKE,1,ONE_FACE,0.8800,"[102,31,162,206]"
Fake/fake_425_aug_3.jpg,FAKE,1,ONE_FACE,0.9213,"[98,83,172,198]"
Fake/fake_425_aug_4.jpg,FAKE,1,ONE_FACE,0.9135,"[20,42,147,197]"
Fake/fake_426_aug_0.jpg,FAKE,1,ONE_FACE,0.9243,"[81,16,178,217]"
Fake/fake_426_aug_1.jpg,FAKE,1,ONE_FACE,0.9065,"[20,29,174,214]"
Fake/fake_426_aug_2.jpg,FAKE,1,ONE_FACE,0.9180,"[58,43,170,229]"
Fake/fake_426_aug_3.jpg,FAKE,1,ONE_FACE,0.8979,"[80,61,216,235]"
Fake/fake_426_aug_4.jpg,FAKE,1,ONE_FACE,0.9013,"[43,35,179,220]"
Fake/fake_427_aug_0.jpg,FAKE,1,ONE_FACE,0.9353,"[70,69,167,191]"
Fake/fake_427_aug_1.jpg,FAKE,1,ONE_FACE,0.9525,"[15,37,172,226]"
Fake/fake_427_aug_2.jpg,FAKE,1,ONE_FACE,0.9502,"[51,61,180,219]"
Fake/fake_427_aug_3.jpg,FAKE,1,ONE_FACE,0.8886,"[93,25,161,196]"
Fake/fake_427_aug_4.jpg,FAKE,1,ONE_FACE,0.9514,"[16,7,177,231]"
Fake/fake_428_aug_0.jpg,FAKE,1,ONE_FACE,0.9140,"[76,47,181,212]"
Fake/fake_428_aug_1.jpg,FAKE,1,ONE_FACE,0.9482,"[42,29,186,225]"
Fake/fake_428_aug_2.jpg,FAKE,1,ONE_FACE,0.8964,"[61,48,186,202]"
Fake/fake_428_aug_3.jpg,FAKE,1,ONE_FACE,0.9109,"[55,27,177,220]"
Fake/fake_428_aug_4.jpg,FAKE,1,ONE_FACE,0.9040,"[45,7,188,192]"
Fake/fake_429_aug_0.jpg,FAKE,1,ONE_FACE,0.9522,"[47,23,179,231]"
Fake/fake_429_aug_1.jpg,FAKE,1,ONE_FACE,0.8636,"[58,16,197,234]"
Fake/fake_429_aug_2.jpg,FAKE,1,ONE_FACE,0.9376,"[34,31,220,241]"
Fake/fake_429_aug_3.jpg,FAKE,1,ONE_FACE,0.9537,"[48,2,173,238]"
Fake/fake_429_aug_4.jpg,FAKE,1,ONE_FACE,0.9444,"[44,43,187,246]"
Fake/fake_42_aug_0.jpg,FAKE,1,ONE_FACE,0.9002,"[62,55,169,193]"
Fake/fake_42_aug_1.jpg,FAKE,1,ONE_FACE,0.9068,"[2,29,171,211]"
Fake/fake_42_aug_2.jpg,FAKE,1,ONE_FACE,0.8753,"[36,60,186,204]"
Fake/fake_42_aug_3.jpg,FAKE,1,ONE_FACE,0.9503,"[59,47,170,220]"
Fake/fake_42_aug_4.jpg,FAKE,1,ONE_FACE,0.9559,"[73,51,164,220]"
Fake/fake_430_aug_0.jpg,FAKE,1,ONE_FACE,0.8897,"[104,5,166,197]"
Fake/fake_430_aug_1.jpg,FAKE,1,ONE_FACE,0.8871,"[67,30,166,190]"
Fake/fake_430_aug_2.jpg,FAKE,1,ONE_FACE,0.8667,"[49,28,152,194]"
Fake/fake_430_aug_3.jpg,FAKE,1,ONE_FACE,0.9548,"[69,49,156,218]"
Fake/fake_430_aug_4.jpg,FAKE,1,ONE_FACE,0.9468,"[53,86,155,208]"
Fake/fake_431_aug_0.jpg,FAKE,1,ONE_FACE,0.9285,"[80,52,173,211]"
Fake/fake_431_aug_1.jpg,FAKE,1,ONE_FACE,0.8915,"[53,34,175,229]"
Fake/fake_431_aug_2.jpg,FAKE,1,ONE_FACE,0.9477,"[47,30,178,229]"
Fake/fake_431_aug_3.jpg,FAKE,1,ONE_FACE,0.8966,"[56,42,171,228]"
Fake/fake_431_aug_4.jpg,FAKE,1,ONE_FACE,0.9542,"[27,19,171,226]"
Fake/fake_432_aug_0.jpg,FAKE,1,ONE_FACE,0.8646,"[11,8,169,205]"
Fake/fake_432_aug_1.jpg,FAKE,1,ONE_FACE,0.8863,"[14,6,181,194]"
Fake/fake_432_aug_2.jpg,FAKE,1,ONE_FACE,0.9467,"[-1,7,143,231]"
Fake/fake_432_aug_3.jpg,FAKE,1,ONE_FACE,0.9506,"[46,66,173,229]"
Fake/fake_432_aug_4.jpg,FAKE,1,ONE_FACE,0.9458,"[57,43,182,228]"
Fake/fake_433_aug_0.jpg,FAKE,1,ONE_FACE,0.9316,"[47,88,176,227]"
Fake/fake_433_aug_1.jpg,FAKE,1,ONE_FACE,0.8499,"[84,13,190,227]"
Fake/fake_433_aug_2.jpg,FAKE,1,ONE_FACE,0.9363,"[56,68,172,235]"
Fake/fake_433_aug_3.jpg,FAKE,1,ONE_FACE,0.8619,"[-1,9,193,253]"
Fake/fake_433_aug_4.jpg,FAKE,1,ONE_FACE,0.8698,"[61,3,188,218]"
Fake/fake_434_aug_0.jpg,FAKE,1,ONE_FACE,0.9465,"[48,35,178,219]"
Fake/fake_434_aug_1.jpg,FAKE,1,ONE_FACE,0.8738,"[16,13,182,171]"
Fake/fake_434_aug_2.jpg,FAKE,1,ONE_FACE,0.9326,"[78,73,181,219]"
Fake/fake_434_aug_3.jpg,FAKE,1,ONE_FACE,0.8788,"[112,78,150,166]"
Fake/fake_434_aug_4.jpg,FAKE,1,ONE_FACE,0.9375,"[39,34,174,228]"
Fake/fake_435_aug_0.jpg,FAKE,1,ONE_FACE,0.9495,"[19,28,176,217]"
Fake/fake_435_aug_1.jpg,FAKE,1,ONE_FACE,0.8792,"[93,8,165,202]"
Fake/fake_435_aug_2.jpg,FAKE,1,ONE_FACE,0.9506,"[36,11,171,219]"
Fake/fake_435_aug_3.jpg,FAKE,1,ONE_FACE,0.9501,"[62,89,171,217]"
Fake/fake_435_aug_4.jpg,FAKE,1,ONE_FACE,0.8644,"[58,17,217,208]"
Fake/fake_436_aug_0.jpg,FAKE,1,ONE_FACE,0.8936,"[67,26,180,216]"
Fake/fake_436_aug_1.jpg,FAKE,1,ONE_FACE,0.9449,"[51,42,172,231]"
Fake/fake_436_aug_2.jpg,FAKE,1,ONE_FACE,0.9393,"[106,66,165,229]"
Fake/fake_436_aug_3.jpg,FAKE,1,ONE_FACE,0.9015,"[23,19,193,210]"
Fake/fake_436_aug_4.jpg,FAKE,1,ONE_FACE,0.9424,"[114,22,167,212]"
Fake/fake_437_aug_0.jpg,FAKE,1,ONE_FACE,0.9415,"[72,32,162,209]"
Fake/fake_437_aug_1.jpg,FAKE,1,ONE_FACE,0.8773,"[59,27,171,215]"
Fake/fake_437_aug_2.jpg,FAKE,1,ONE_FACE,0.8793,"[70,28,168,224]"
Fake/fake_437_aug_3.jpg,FAKE,1,ONE_FACE,0.9099,"[9,2,165,170]"
Fake/fake_437_aug_4.jpg,FAKE,1,ONE_FACE,0.9092,"[19,34,166,207]"
Fake/fake_438_aug_0.jpg,FAKE,1,ONE_FACE,0.9487,"[129,51,159,237]"
Fake/fake_438_aug_1.jpg,FAKE,1,ONE_FACE,0.9438,"[54,32,177,231]"
Fake/fake_438_aug_2.jpg,FAKE,1,ONE_FACE,0.8451,"[94,12,163,210]"
Fake/fake_438_aug_3.jpg,FAKE,1,ONE_FACE,0.8442,"[62,8,181,195]"
Fake/fake_438_aug_4.jpg,FAKE,1,ONE_FACE,0.8277,"[63,18,200,251]"
Fake/fake_439_aug_0.jpg,FAKE,1,ONE_FACE,0.8026,"[31,26,188,205]"
Fake/fake_439_aug_1.jpg,FAKE,1,ONE_FACE,0.9363,"[48,42,194,221]"
Fake/fake_439_aug_2.jpg,FAKE,1,ONE_FACE,0.8612,"[28,35,191,208]"
Fake/fake_439_aug_3.jpg,FAKE,1,ONE_FACE,0.8839,"[64,19,202,243]"
Fake/fake_439_aug_4.jpg,FAKE,1,ONE_FACE,0.8231,"[42,10,196,206]"
Fake/fake_43_aug_0.jpg,FAKE,1,ONE_FACE,0.9593,"[80,31,158,211]"
Fake/fake_43_aug_1.jpg,FAKE,1,ONE_FACE,0.9523,"[49,31,159,226]"
Fake/fake_43_aug_2.jpg,FAKE,1,ONE_FACE,0.8914,"[75,39,171,228]"
Fake/fake_43_aug_3.jpg,FAKE,1,ONE_FACE,0.9511,"[47,46,163,216]"
Fake/fake_43_aug_4.jpg,FAKE,1,ONE_FACE,0.9559,"[64,55,164,219]"
Fake/fake_440_aug_0.jpg,FAKE,1,ONE_FACE,0.9449,"[68,29,171,211]"
Fake/fake_440_aug_1.jpg,FAKE,1,ONE_FACE,0.8907,"[79,57,173,208]"
Fake/fake_440_aug_2.jpg,FAKE,1,ONE_FACE,0.8957,"[60,30,163,212]"
Fake/fake_440_aug_3.jpg,FAKE,1,ONE_FACE,0.9456,"[52,75,170,213]"
Fake/fake_440_aug_4.jpg,FAKE,1,ONE_FACE,0.9321,"[38,39,179,226]"
Fake/fake_441_aug_0.jpg,FAKE,1,ONE_FACE,0.7733,"[23,-3,170,204]"
Fake/fake_441_aug_1.jpg,FAKE,1,ONE_FACE,0.8509,"[57,11,205,197]"
Fake/fake_441_aug_2.jpg,FAKE,1,ONE_FACE,0.8055,"[31,6,196,214]"
Fake/fake_441_aug_3.jpg,FAKE,1,ONE_FACE,0.8823,"[57,11,166,181]"
Fake/fake_441_aug_4.jpg,FAKE,1,ONE_FACE,0.9434,"[18,21,163,209]"
Fake/fake_442_aug_0.jpg,FAKE,1,ONE_FACE,0.9384,"[71,54,172,210]"
Fake/fake_442_aug_1.jpg,FAKE,1,ONE_FACE,0.9376,"[55,55,174,213]"
Fake/fake_442_aug_2.jpg,FAKE,1,ONE_FACE,0.8427,"[48,45,168,193]"
Fake/fake_442_aug_3.jpg,FAKE,1,ONE_FACE,0.9328,"[14,69,168,202]"
Fake/fake_442_aug_4.jpg,FAKE,1,ONE_FACE,0.8714,"[64,57,198,206]"
Fake/fake_443_aug_0.jpg,FAKE,1,ONE_FACE,0.8485,"[130,18,170,173]"
Fake/fake_443_aug_1.jpg,FAKE,1,ONE_FACE,0.9321,"[44,58,173,209]"
Fake/fake_443_aug_2.jpg,FAKE,1,ONE_FACE,0.8624,"[49,14,192,203]"
Fake/fake_443_aug_3.jpg,FAKE,1,ONE_FACE,0.9254,"[60,18,183,226]"
Fake/fake_443_aug_4.jpg,FAKE,1,ONE_FACE,0.9249,"[83,86,170,209]"
Fake/fake_444_aug_0.jpg,FAKE,1,ONE_FACE,0.9189,"[16,29,198,215]"
Fake/fake_444_aug_1.jpg,FAKE,1,ONE_FACE,0.8700,"[6,28,168,216]"
Fake/fake_444_aug_2.jpg,FAKE,1,ONE_FACE,0.8841,"[10,2,179,220]"
Fake/fake_444_aug_3.jpg,FAKE,1,ONE_FACE,0.9142,"[103,17,180,214]"
Fake/fake_444_aug_4.jpg,FAKE,1,ONE_FACE,0.8703,"[21,20,195,240]"
Fake/fake_445_aug_0.jpg,FAKE,1,ONE_FACE,0.8847,"[57,21,171,220]"
Fake/fake_445_aug_1.jpg,FAKE,1,ONE_FACE,0.8840,"[62,21,170,217]"
Fake/fake_445_aug_2.jpg,FAKE,1,ONE_FACE,0.9432,"[55,64,160,213]"
Fake/fake_445_aug_3.jpg,FAKE,1,ONE_FACE,0.9493,"[93,86,158,220]"
Fake/fake_445_aug_4.jpg,FAKE,1,ONE_FACE,0.9014,"[55,26,178,210]"
Fake/fake_446_aug_0.jpg,FAKE,1,ONE_FACE,0.8826,"[66,33,168,201]"
Fake/fake_446_aug_1.jpg,FAKE,1,ONE_FACE,0.8249,"[2,42,175,202]"
Fake/fake_446_aug_2.jpg,FAKE,1,ONE_FACE,0.8659,"[61,26,175,208]"
Fake/fake_446_aug_3.jpg,FAKE,1,ONE_FACE,0.8536,"[-6,2,174,172]"
Fake/fake_446_aug_4.jpg,FAKE,1,ONE_FACE,0.8667,"[47,25,179,213]"
Fake/fake_447_aug_0.jpg,FAKE,1,ONE_FACE,0.9433,"[23,35,180,258]"
Fake/fake_447_aug_1.jpg,FAKE,1,ONE_FACE,0.8804,"[84,6,195,252]"
Fake/fake_447_aug_2.jpg,FAKE,1,ONE_FACE,0.9409,"[6,43,160,242]"
Fake/fake_447_aug_3.jpg,FAKE,1,ONE_FACE,0.8705,"[83,18,200,240]"
Fake/fake_447_aug_4.jpg,FAKE,1,ONE_FACE,0.9454,"[3,8,158,268]"
Fake/fake_448_aug_0.jpg,FAKE,1,ONE_FACE,0.7924,"[76,37,174,210]"
Fake/fake_448_aug_1.jpg,FAKE,1,ONE_FACE,0.9516,"[82,92,168,222]"
Fake/fake_448_aug_2.jpg,FAKE,1,ONE_FACE,0.9560,"[43,26,165,229]"
Fake/fake_448_aug_3.jpg,FAKE,1,ONE_FACE,0.8751,"[14,6,174,199]"
Fake/fake_448_aug_4.jpg,FAKE,1,ONE_FACE,0.9568,"[20,0,165,230]"
Fake/fake_449_aug_0.jpg,FAKE,1,ONE_FACE,0.8851,"[83,22,185,201]"
Fake/fake_449_aug_1.jpg,FAKE,1,ONE_FACE,0.8052,"[71,25,200,245]"
Fake/fake_449_aug_2.jpg,FAKE,1,ONE_FACE,0.8542,"[13,20,205,204]"
Fake/fake_449_aug_3.jpg,FAKE,1,ONE_FACE,0.9115,"[69,26,186,241]"
Fake/fake_449_aug_4.jpg,FAKE,1,ONE_FACE,0.9420,"[129,22,157,217]"
Fake/fake_44_aug_0.jpg,FAKE,1,ONE_FACE,0.9561,"[49,29,179,243]"
Fake/fake_44_aug_1.jpg,FAKE,1,ONE_FACE,0.9578,"[56,41,181,249]"
Fake/fake_44_aug_2.jpg,FAKE,1,ONE_FACE,0.8969,"[83,60,178,242]"
Fake/fake_44_aug_3.jpg,FAKE,1,ONE_FACE,0.8810,"[31,20,189,214]"
Fake/fake_44_aug_4.jpg,FAKE,1,ONE_FACE,0.8628,"[-1,37,193,216]"
Fake/fake_450_aug_0.jpg,FAKE,1,ONE_FACE,0.8749,"[57,3,194,240]"
Fake/fake_450_aug_1.jpg,FAKE,1,ONE_FACE,0.8913,"[42,10,217,227]"
Fake/fake_450_aug_2.jpg,FAKE,1,ONE_FACE,0.9544,"[2,0,154,216]"
Fake/fake_450_aug_3.jpg,FAKE,1,ONE_FACE,0.9554,"[84,47,176,238]"
Fake/fake_450_aug_4.jpg,FAKE,1,ONE_FACE,0.8812,"[84,9,206,234]"
Fake/fake_451_aug_0.jpg,FAKE,1,ONE_FACE,0.9583,"[102,3,168,216]"
Fake/fake_451_aug_1.jpg,FAKE,1,ONE_FACE,0.9569,"[70,66,181,229]"
Fake/fake_451_aug_2.jpg,FAKE,1,ONE_FACE,0.9594,"[63,1,174,229]"
Fake/fake_451_aug_3.jpg,FAKE,1,ONE_FACE,0.8888,"[6,65,204,236]"
Fake/fake_451_aug_4.jpg,FAKE,1,ONE_FACE,0.9474,"[23,33,187,227]"
Fake/fake_452_aug_0.jpg,FAKE,1,ONE_FACE,0.9474,"[37,33,162,231]"
Fake/fake_452_aug_1.jpg,FAKE,1,ONE_FACE,0.9439,"[67,35,156,226]"
Fake/fake_452_aug_2.jpg,FAKE,1,ONE_FACE,0.8787,"[121,6,177,190]"
Fake/fake_452_aug_3.jpg,FAKE,1,ONE_FACE,0.8950,"[35,20,182,207]"
Fake/fake_452_aug_4.jpg,FAKE,1,ONE_FACE,0.9055,"[66,18,175,221]"
Fake/fake_453_aug_0.jpg,FAKE,1,ONE_FACE,0.9531,"[53,37,158,209]"
Fake/fake_453_aug_1.jpg,FAKE,1,ONE_FACE,0.8977,"[61,40,167,201]"
Fake/fake_453_aug_2.jpg,FAKE,1,ONE_FACE,0.9515,"[56,41,166,205]"
Fake/fake_453_aug_3.jpg,FAKE,1,ONE_FACE,0.9038,"[56,34,165,202]"
Fake/fake_453_aug_4.jpg,FAKE,1,ONE_FACE,0.9004,"[86,31,170,194]"
Fake/fake_454_aug_0.jpg,FAKE,1,ONE_FACE,0.9437,"[76,46,181,232]"
Fake/fake_454_aug_1.jpg,FAKE,1,ONE_FACE,0.8899,"[48,10,217,212]"
Fake/fake_454_aug_2.jpg,FAKE,1,ONE_FACE,0.8824,"[49,57,196,235]"
Fake/fake_454_aug_3.jpg,FAKE,1,ONE_FACE,0.9035,"[93,18,180,236]"
Fake/fake_454_aug_4.jpg,FAKE,1,ONE_FACE,0.8999,"[22,19,193,238]"
Fake/fake_455_aug_0.jpg,FAKE,1,ONE_FACE,0.8995,"[55,22,201,214]"
Fake/fake_455_aug_1.jpg,FAKE,1,ONE_FACE,0.9519,"[50,24,172,223]"
Fake/fake_455_aug_2.jpg,FAKE,1,ONE_FACE,0.8902,"[19,29,180,203]"
Fake/fake_455_aug_3.jpg,FAKE,1,ONE_FACE,0.9376,"[55,43,193,217]"
Fake/fake_455_aug_4.jpg,FAKE,1,ONE_FACE,0.9537,"[40,29,165,233]"
Fake/fake_456_aug_0.jpg,FAKE,1,ONE_FACE,0.9077,"[89,23,175,222]"
Fake/fake_456_aug_1.jpg,FAKE,1,ONE_FACE,0.9400,"[71,89,168,205]"
Fake/fake_456_aug_2.jpg,FAKE,1,ONE_FACE,0.9537,"[45,32,163,214]"
Fake/fake_456_aug_3.jpg,FAKE,1,ONE_FACE,0.9153,"[14,17,188,198]"
Fake/fake_456_aug_4.jpg,FAKE,1,ONE_FACE,0.9194,"[4,24,170,234]"
Fake/fake_457_aug_0.jpg,FAKE,1,ONE_FACE,0.9286,"[92,62,185,236]"
Fake/fake_457_aug_1.jpg,FAKE,1,ONE_FACE,0.8816,"[18,15,199,246]"
Fake/fake_457_aug_2.jpg,FAKE,1,ONE_FACE,0.8744,"[14,48,170,249]"
Fake/fake_457_aug_3.jpg,FAKE,1,ONE_FACE,0.8978,"[45,23,158,228]"
Fake/fake_457_aug_4.jpg,FAKE,1,ONE_FACE,0.9481,"[25,23,174,234]"
Fake/fake_458_aug_0.jpg,FAKE,1,ONE_FACE,0.9386,"[60,23,168,233]"
Fake/fake_458_aug_1.jpg,FAKE,1,ONE_FACE,0.9522,"[57,32,181,242]"
Fake/fake_458_aug_2.jpg,FAKE,1,ONE_FACE,0.7990,"[31,11,191,260]"
Fake/fake_458_aug_3.jpg,FAKE,1,ONE_FACE,0.8307,"[81,4,205,283]"
Fake/fake_458_aug_4.jpg,FAKE,1,ONE_FACE,0.8366,"[44,2,207,251]"
Fake/fake_459_aug_0.jpg,FAKE,1,ONE_FACE,0.9553,"[65,43,162,243]"
Fake/fake_459_aug_1.jpg,FAKE,1,ONE_FACE,0.9489,"[49,57,167,224]"
Fake/fake_459_aug_2.jpg,FAKE,1,ONE_FACE,0.8935,"[42,27,169,208]"
Fake/fake_459_aug_3.jpg,FAKE,1,ONE_FACE,0.9063,"[61,28,176,225]"
Fake/fake_459_aug_4.jpg,FAKE,1,ONE_FACE,0.9532,"[45,19,163,228]"
Fake/fake_45_aug_0.jpg,FAKE,1,ONE_FACE,0.9477,"[49,48,169,232]"
Fake/fake_45_aug_1.jpg,FAKE,1,ONE_FACE,0.9508,"[81,46,173,239]"
Fake/fake_45_aug_2.jpg,FAKE,1,ONE_FACE,0.9513,"[31,82,175,225]"
Fake/fake_45_aug_3.jpg,FAKE,1,ONE_FACE,0.9512,"[46,18,172,232]"
Fake/fake_45_aug_4.jpg,FAKE,1,ONE_FACE,0.9445,"[72,70,167,233]"
Fake/fake_460_aug_0.jpg,FAKE,1,ONE_FACE,0.9432,"[41,14,171,220]"
Fake/fake_460_aug_1.jpg,FAKE,1,ONE_FACE,0.8829,"[106,75,169,217]"
Fake/fake_460_aug_2.jpg,FAKE,1,ONE_FACE,0.9510,"[45,24,164,223]"
Fake/fake_460_aug_3.jpg,FAKE,1,ONE_FACE,0.8843,"[60,44,172,205]"
Fake/fake_460_aug_4.jpg,FAKE,1,ONE_FACE,0.9292,"[74,109,178,220]"
Fake/fake_461_aug_0.jpg,FAKE,1,ONE_FACE,0.8944,"[26,6,221,261]"
Fake/fake_461_aug_1.jpg,FAKE,1,ONE_FACE,0.8280,"[44,27,238,254]"
Fake/fake_461_aug_2.jpg,FAKE,1,ONE_FACE,0.8410,"[37,2,214,236]"
Fake/fake_461_aug_3.jpg,FAKE,1,ONE_FACE,0.8339,"[-1,8,259,261]"
Fake/fake_461_aug_4.jpg,FAKE,1,ONE_FACE,0.9428,"[61,13,201,267]"
Fake/fake_462_aug_0.jpg,FAKE,1,ONE_FACE,0.8937,"[40,75,175,221]"
Fake/fake_462_aug_1.jpg,FAKE,1,ONE_FACE,0.9534,"[75,92,162,215]"
Fake/fake_462_aug_2.jpg,FAKE,1,ONE_FACE,0.9534,"[123,94,171,217]"
Fake/fake_462_aug_3.jpg,FAKE,1,ONE_FACE,0.9003,"[65,28,181,212]"
Fake/fake_462_aug_4.jpg,FAKE,1,ONE_FACE,0.9498,"[77,53,163,210]"
Fake/fake_463_aug_0.jpg,FAKE,1,ONE_FACE,0.8761,"[66,46,204,187]"
Fake/fake_463_aug_1.jpg,FAKE,1,ONE_FACE,0.8664,"[40,48,196,212]"
Fake/fake_463_aug_2.jpg,FAKE,1,ONE_FACE,0.9004,"[67,4,192,180]"
Fake/fake_463_aug_3.jpg,FAKE,1,ONE_FACE,0.8758,"[14,10,184,184]"
Fake/fake_463_aug_4.jpg,FAKE,1,ONE_FACE,0.8912,"[48,14,196,214]"
Fake/fake_464_aug_0.jpg,FAKE,1,ONE_FACE,0.8238,"[27,9,242,267]"
Fake/fake_464_aug_1.jpg,FAKE,1,ONE_FACE,0.8195,"[18,19,225,231]"
Fake/fake_464_aug_2.jpg,FAKE,1,ONE_FACE,0.9492,"[47,24,168,237]"
Fake/fake_464_aug_3.jpg,FAKE,1,ONE_FACE,0.8581,"[52,10,252,241]"
Fake/fake_464_aug_4.jpg,FAKE,1,ONE_FACE,0.8310,"[28,18,198,262]"
Fake/fake_465_aug_0.jpg,FAKE,1,ONE_FACE,0.9152,"[21,32,167,194]"
Fake/fake_465_aug_1.jpg,FAKE,1,ONE_FACE,0.9300,"[62,43,165,206]"
Fake/fake_465_aug_2.jpg,FAKE,1,ONE_FACE,0.9019,"[31,7,193,208]"
Fake/fake_465_aug_3.jpg,FAKE,1,ONE_FACE,0.8923,"[62,22,192,217]"
Fake/fake_465_aug_4.jpg,FAKE,1,ONE_FACE,0.8978,"[87,34,192,240]"
Fake/fake_466_aug_0.jpg,FAKE,1,ONE_FACE,0.9059,"[34,92,191,202]"
Fake/fake_466_aug_1.jpg,FAKE,1,ONE_FACE,0.9494,"[76,52,170,214]"
Fake/fake_466_aug_2.jpg,FAKE,1,ONE_FACE,0.8923,"[58,37,180,216]"
Fake/fake_466_aug_3.jpg,FAKE,1,ONE_FACE,0.9158,"[51,17,181,215]"
Fake/fake_466_aug_4.jpg,FAKE,1,ONE_FACE,0.9059,"[42,39,188,193]"
Fake/fake_467_aug_0.jpg,FAKE,1,ONE_FACE,0.9094,"[2,4,163,194]"
Fake/fake_467_aug_1.jpg,FAKE,1,ONE_FACE,0.9463,"[50,72,167,226]"
Fake/fake_467_aug_2.jpg,FAKE,1,ONE_FACE,0.9537,"[77,4,165,211]"
Fake/fake_467_aug_3.jpg,FAKE,1,ONE_FACE,0.9403,"[122,103,180,213]"
Fake/fake_467_aug_4.jpg,FAKE,1,ONE_FACE,0.9517,"[76,56,158,214]"
Fake/fake_468_aug_0.jpg,FAKE,1,ONE_FACE,0.9066,"[17,13,169,199]"
Fake/fake_468_aug_1.jpg,FAKE,1,ONE_FACE,0.8639,"[66,30,188,228]"
Fake/fake_468_aug_2.jpg,FAKE,1,ONE_FACE,0.8936,"[31,84,172,212]"
Fake/fake_468_aug_3.jpg,FAKE,1,ONE_FACE,0.9007,"[42,20,159,205]"
Fake/fake_468_aug_4.jpg,FAKE,1,ONE_FACE,0.9550,"[40,19,161,225]"
Fake/fake_469_aug_0.jpg,FAKE,1,ONE_FACE,0.8829,"[52,22,177,208]"
Fake/fake_469_aug_1.jpg,FAKE,1,ONE_FACE,0.8719,"[29,23,177,221]"
Fake/fake_469_aug_2.jpg,FAKE,1,ONE_FACE,0.9328,"[38,53,167,210]"
Fake/fake_469_aug_3.jpg,FAKE,1,ONE_FACE,0.8732,"[42,41,179,237]"
Fake/fake_469_aug_4.jpg,FAKE,1,ONE_FACE,0.8669,"[120,55,165,221]"
Fake/fake_46_aug_0.jpg,FAKE,1,ONE_FACE,0.9037,"[95,44,164,204]"
Fake/fake_46_aug_1.jpg,FAKE,1,ONE_FACE,0.9059,"[73,59,167,202]"
Fake/fake_46_aug_2.jpg,FAKE,1,ONE_FACE,0.8964,"[51,26,165,213]"
Fake/fake_46_aug_3.jpg,FAKE,1,ONE_FACE,0.9475,"[99,109,170,217]"
Fake/fake_46_aug_4.jpg,FAKE,1,ONE_FACE,0.9526,"[52,32,159,214]"
Fake/fake_470_aug_0.jpg,FAKE,1,ONE_FACE,0.9469,"[35,26,166,209]"
Fake/fake_470_aug_1.jpg,FAKE,1,ONE_FACE,0.9370,"[42,32,181,209]"
Fake/fake_470_aug_2.jpg,FAKE,1,ONE_FACE,0.8716,"[53,28,183,220]"
Fake/fake_470_aug_3.jpg,FAKE,1,ONE_FACE,0.8936,"[59,37,182,207]"
Fake/fake_470_aug_4.jpg,FAKE,1,ONE_FACE,0.8754,"[36,27,192,203]"
Fake/fake_471_aug_0.jpg,FAKE,1,ONE_FACE,0.9310,"[87,70,160,193]"
Fake/fake_471_aug_1.jpg,FAKE,1,ONE_FACE,0.9386,"[73,85,188,236]"
Fake/fake_471_aug_2.jpg,FAKE,1,ONE_FACE,0.8830,"[93,25,177,232]"
Fake/fake_471_aug_3.jpg,FAKE,1,ONE_FACE,0.9525,"[116,41,180,239]"
Fake/fake_471_aug_4.jpg,FAKE,1,ONE_FACE,0.8847,"[45,30,171,226]"
Fake/fake_472_aug_0.jpg,FAKE,1,ONE_FACE,0.8968,"[67,33,154,214]"
Fake/fake_472_aug_1.jpg,FAKE,1,ONE_FACE,0.8965,"[122,33,162,222]"
Fake/fake_472_aug_2.jpg,FAKE,1,ONE_FACE,0.9476,"[110,65,165,221]"
Fake/fake_472_aug_3.jpg,FAKE,1,ONE_FACE,0.8867,"[3,8,157,204]"
Fake/fake_472_aug_4.jpg,FAKE,1,ONE_FACE,0.8956,"[71,31,157,216]"
Fake/fake_473_aug_0.jpg,FAKE,1,ONE_FACE,0.9455,"[92,62,172,212]"
Fake/fake_473_aug_1.jpg,FAKE,1,ONE_FACE,0.9476,"[99,110,163,228]"
Fake/fake_473_aug_2.jpg,FAKE,1,ONE_FACE,0.9525,"[28,49,167,225]"
Fake/fake_473_aug_3.jpg,FAKE,1,ONE_FACE,0.8960,"[66,20,184,233]"
Fake/fake_473_aug_4.jpg,FAKE,1,ONE_FACE,0.8894,"[46,66,179,234]"
Fake/fake_474_aug_0.jpg,FAKE,1,ONE_FACE,0.9503,"[92,94,159,200]"
Fake/fake_474_aug_1.jpg,FAKE,1,ONE_FACE,0.9294,"[43,40,161,199]"
Fake/fake_474_aug_2.jpg,FAKE,1,ONE_FACE,0.8914,"[38,29,166,203]"
Fake/fake_474_aug_3.jpg,FAKE,1,ONE_FACE,0.9494,"[105,59,154,208]"
Fake/fake_474_aug_4.jpg,FAKE,1,ONE_FACE,0.8819,"[133,104,166,200]"
Fake/fake_475_aug_0.jpg,FAKE,1,ONE_FACE,0.9485,"[84,42,182,248]"
Fake/fake_475_aug_1.jpg,FAKE,1,ONE_FACE,0.9525,"[78,42,169,249]"
Fake/fake_475_aug_2.jpg,FAKE,1,ONE_FACE,0.8786,"[81,26,204,214]"
Fake/fake_475_aug_3.jpg,FAKE,1,ONE_FACE,0.9464,"[30,58,170,235]"
Fake/fake_475_aug_4.jpg,FAKE,1,ONE_FACE,0.8901,"[109,55,186,238]"
Fake/fake_476_aug_0.jpg,FAKE,1,ONE_FACE,0.9504,"[99,70,184,236]"
Fake/fake_476_aug_1.jpg,FAKE,1,ONE_FACE,0.8928,"[74,27,189,213]"
Fake/fake_476_aug_2.jpg,FAKE,1,ONE_FACE,0.9467,"[41,54,167,232]"
Fake/fake_476_aug_3.jpg,FAKE,1,ONE_FACE,0.9385,"[45,42,188,222]"
Fake/fake_476_aug_4.jpg,FAKE,1,ONE_FACE,0.9343,"[16,7,179,212]"
Fake/fake_477_aug_0.jpg,FAKE,1,ONE_FACE,0.9121,"[1,14,148,193]"
Fake/fake_477_aug_1.jpg,FAKE,1,ONE_FACE,0.9263,"[82,66,168,196]"
Fake/fake_477_aug_2.jpg,FAKE,1,ONE_FACE,0.9289,"[15,78,179,203]"
Fake/fake_477_aug_3.jpg,FAKE,1,ONE_FACE,0.9397,"[53,124,170,207]"
Fake/fake_477_aug_4.jpg,FAKE,1,ONE_FACE,0.9464,"[79,65,169,210]"
Fake/fake_478_aug_0.jpg,FAKE,1,ONE_FACE,0.9505,"[40,22,179,226]"
Fake/fake_478_aug_1.jpg,FAKE,1,ONE_FACE,0.9343,"[36,33,195,217]"
Fake/fake_478_aug_2.jpg,FAKE,1,ONE_FACE,0.9423,"[80,74,176,219]"
Fake/fake_478_aug_3.jpg,FAKE,1,ONE_FACE,0.8998,"[19,0,230,228]"
Fake/fake_478_aug_4.jpg,FAKE,1,ONE_FACE,0.9460,"[1,15,162,209]"
Fake/fake_479_aug_0.jpg,FAKE,1,ONE_FACE,0.8776,"[50,14,172,186]"
Fake/fake_479_aug_1.jpg,FAKE,1,ONE_FACE,0.9540,"[58,44,165,235]"
Fake/fake_479_aug_2.jpg,FAKE,1,ONE_FACE,0.8767,"[55,64,170,194]"
Fake/fake_479_aug_3.jpg,FAKE,1,ONE_FACE,0.9079,"[88,89,177,203]"
Fake/fake_479_aug_4.jpg,FAKE,1,ONE_FACE,0.9489,"[66,39,168,229]"
Fake/fake_47_aug_0.jpg,FAKE,1,ONE_FACE,0.9395,"[80,63,186,228]"
Fake/fake_47_aug_1.jpg,FAKE,1,ONE_FACE,0.8922,"[58,16,175,229]"
Fake/fake_47_aug_2.jpg,FAKE,1,ONE_FACE,0.9558,"[93,65,177,234]"
Fake/fake_47_aug_3.jpg,FAKE,1,ONE_FACE,0.9364,"[67,100,189,221]"
Fake/fake_47_aug_4.jpg,FAKE,1,ONE_FACE,0.9460,"[68,78,174,227]"
Fake/fake_480_aug_0.jpg,FAKE,1,ONE_FACE,0.9397,"[27,18,175,210]"
Fake/fake_480_aug_1.jpg,FAKE,1,ONE_FACE,0.9428,"[19,9,175,211]"
Fake/fake_480_aug_2.jpg,FAKE,1,ONE_FACE,0.9545,"[87,52,168,234]"
Fake/fake_480_aug_3.jpg,FAKE,1,ONE_FACE,0.9241,"[63,58,187,219]"
Fake/fake_480_aug_4.jpg,FAKE,1,ONE_FACE,0.8900,"[55,84,178,213]"
Fake/fake_481_aug_0.jpg,FAKE,1,ONE_FACE,0.9433,"[67,58,171,212]"
Fake/fake_481_aug_1.jpg,FAKE,1,ONE_FACE,0.8569,"[56,20,191,240]"
Fake/fake_481_aug_2.jpg,FAKE,1,ONE_FACE,0.9441,"[56,43,168,221]"
Fake/fake_481_aug_3.jpg,FAKE,1,ONE_FACE,0.8067,"[40,23,217,245]"
Fake/fake_481_aug_4.jpg,FAKE,1,ONE_FACE,0.9418,"[62,52,166,221]"
Fake/fake_482_aug_0.jpg,FAKE,1,ONE_FACE,0.9370,"[-2,52,167,179]"
Fake/fake_482_aug_1.jpg,FAKE,1,ONE_FACE,0.8974,"[26,8,190,188]"
Fake/fake_482_aug_2.jpg,FAKE,1,ONE_FACE,0.9536,"[58,48,171,222]"
Fake/fake_482_aug_3.jpg,FAKE,1,ONE_FACE,0.9485,"[65,57,171,221]"
Fake/fake_482_aug_4.jpg,FAKE,1,ONE_FACE,0.9508,"[13,51,178,219]"
Fake/fake_483_aug_0.jpg,FAKE,1,ONE_FACE,0.9613,"[60,42,170,230]"
Fake/fake_483_aug_1.jpg,FAKE,1,ONE_FACE,0.9123,"[55,23,167,213]"
Fake/fake_483_aug_2.jpg,FAKE,1,ONE_FACE,0.9524,"[124,115,168,222]"
Fake/fake_483_aug_3.jpg,FAKE,1,ONE_FACE,0.9109,"[86,56,177,212]"
Fake/fake_483_aug_4.jpg,FAKE,1,ONE_FACE,0.9598,"[54,40,170,225]"
Fake/fake_484_aug_0.jpg,FAKE,1,ONE_FACE,0.9476,"[89,69,174,234]"
Fake/fake_484_aug_1.jpg,FAKE,1,ONE_FACE,0.9570,"[62,47,171,232]"
Fake/fake_484_aug_2.jpg,FAKE,1,ONE_FACE,0.9570,"[62,47,171,232]"
Fake/fake_484_aug_3.jpg,FAKE,1,ONE_FACE,0.9562,"[55,1,179,238]"
Fake/fake_484_aug_4.jpg,FAKE,1,ONE_FACE,0.8863,"[63,36,185,231]"
Fake/fake_485_aug_0.jpg,FAKE,1,ONE_FACE,0.9022,"[44,26,168,241]"
Fake/fake_485_aug_1.jpg,FAKE,1,ONE_FACE,0.9505,"[71,62,166,211]"
Fake/fake_485_aug_2.jpg,FAKE,1,ONE_FACE,0.9459,"[52,31,164,218]"
Fake/fake_485_aug_3.jpg,FAKE,1,ONE_FACE,0.9306,"[23,58,165,200]"
Fake/fake_485_aug_4.jpg,FAKE,1,ONE_FACE,0.9478,"[18,21,158,215]"
Fake/fake_486_aug_0.jpg,FAKE,1,ONE_FACE,0.8835,"[12,22,184,196]"
Fake/fake_486_aug_1.jpg,FAKE,1,ONE_FACE,0.8895,"[98,0,182,186]"
Fake/fake_486_aug_2.jpg,FAKE,1,ONE_FACE,0.9530,"[63,56,179,236]"
Fake/fake_486_aug_3.jpg,FAKE,1,ONE_FACE,0.9090,"[58,48,200,211]"
Fake/fake_486_aug_4.jpg,FAKE,1,ONE_FACE,0.8959,"[18,89,174,189]"
Fake/fake_487_aug_0.jpg,FAKE,1,ONE_FACE,0.8904,"[95,29,189,238]"
Fake/fake_487_aug_1.jpg,FAKE,1,ONE_FACE,0.9475,"[34,37,174,257]"
Fake/fake_487_aug_2.jpg,FAKE,1,ONE_FACE,0.9113,"[60,5,180,219]"
Fake/fake_487_aug_3.jpg,FAKE,1,ONE_FACE,0.9485,"[49,17,175,244]"
Fake/fake_487_aug_4.jpg,FAKE,1,ONE_FACE,0.9484,"[69,24,178,250]"
Fake/fake_488_aug_0.jpg,FAKE,1,ONE_FACE,0.8431,"[85,33,185,227]"
Fake/fake_488_aug_1.jpg,FAKE,1,ONE_FACE,0.8733,"[58,3,182,251]"
Fake/fake_488_aug_2.jpg,FAKE,1,ONE_FACE,0.8747,"[75,27,210,232]"
Fake/fake_488_aug_3.jpg,FAKE,1,ONE_FACE,0.9493,"[50,35,172,237]"
Fake/fake_488_aug_4.jpg,FAKE,1,ONE_FACE,0.9480,"[55,74,174,221]"
Fake/fake_489_aug_0.jpg,FAKE,1,ONE_FACE,0.9346,"[35,110,160,196]"
Fake/fake_489_aug_1.jpg,FAKE,1,ONE_FACE,0.9359,"[78,90,158,193]"
Fake/fake_489_aug_2.jpg,FAKE,1,ONE_FACE,0.9332,"[63,32,161,214]"
Fake/fake_489_aug_3.jpg,FAKE,1,ONE_FACE,0.8900,"[13,15,192,218]"
Fake/fake_489_aug_4.jpg,FAKE,1,ONE_FACE,0.8877,"[46,16,194,214]"
Fake/fake_48_aug_0.jpg,FAKE,1,ONE_FACE,0.9412,"[55,40,177,229]"
Fake/fake_48_aug_1.jpg,FAKE,1,ONE_FACE,0.9511,"[55,45,171,230]"
Fake/fake_48_aug_2.jpg,FAKE,1,ONE_FACE,0.8932,"[56,21,184,216]"
Fake/fake_48_aug_3.jpg,FAKE,1,ONE_FACE,0.9494,"[71,42,169,224]"
Fake/fake_48_aug_4.jpg,FAKE,1,ONE_FACE,0.8671,"[55,32,232,276]"
Fake/fake_490_aug_0.jpg,FAKE,1,ONE_FACE,0.9037,"[37,22,215,241]"
Fake/fake_490_aug_1.jpg,FAKE,1,ONE_FACE,0.9558,"[53,59,170,217]"
Fake/fake_490_aug_2.jpg,FAKE,1,ONE_FACE,0.9508,"[115,104,168,219]"
Fake/fake_490_aug_3.jpg,FAKE,1,ONE_FACE,0.8699,"[89,92,187,201]"
Fake/fake_490_aug_4.jpg,FAKE,1,ONE_FACE,0.9488,"[67,91,167,214]"
Fake/fake_491_aug_0.jpg,FAKE,1,ONE_FACE,0.9527,"[16,17,159,218]"
Fake/fake_491_aug_1.jpg,FAKE,1,ONE_FACE,0.9116,"[59,17,169,212]"
Fake/fake_491_aug_2.jpg,FAKE,1,ONE_FACE,0.9129,"[85,48,178,209]"
Fake/fake_491_aug_3.jpg,FAKE,1,ONE_FACE,0.9074,"[61,15,168,213]"
Fake/fake_491_aug_4.jpg,FAKE,1,ONE_FACE,0.9430,"[24,31,177,206]"
Fake/fake_492_aug_0.jpg,FAKE,1,ONE_FACE,0.9421,"[59,72,169,218]"
Fake/fake_492_aug_1.jpg,FAKE,1,ONE_FACE,0.8751,"[41,5,195,191]"
Fake/fake_492_aug_2.jpg,FAKE,1,ONE_FACE,0.8485,"[12,15,179,192]"
Fake/fake_492_aug_3.jpg,FAKE,1,ONE_FACE,0.8785,"[57,6,179,189]"
Fake/fake_492_aug_4.jpg,FAKE,1,ONE_FACE,0.8829,"[52,10,181,219]"
Fake/fake_493_aug_0.jpg,FAKE,1,ONE_FACE,0.9497,"[153,55,153,210]"
Fake/fake_493_aug_1.jpg,FAKE,1,ONE_FACE,0.9439,"[49,31,152,203]"
Fake/fake_493_aug_2.jpg,FAKE,1,ONE_FACE,0.9438,"[49,32,150,202]"
Fake/fake_493_aug_3.jpg,FAKE,1,ONE_FACE,0.9175,"[72,35,180,199]"
Fake/fake_493_aug_4.jpg,FAKE,1,ONE_FACE,0.7852,"[51,5,156,187]"
Fake/fake_494_aug_0.jpg,FAKE,1,ONE_FACE,0.9499,"[19,16,177,212]"
Fake/fake_494_aug_1.jpg,FAKE,1,ONE_FACE,0.9449,"[46,40,170,219]"
Fake/fake_494_aug_2.jpg,FAKE,1,ONE_FACE,0.8884,"[9,13,204,225]"
Fake/fake_494_aug_3.jpg,FAKE,1,ONE_FACE,0.9016,"[95,67,176,227]"
Fake/fake_494_aug_4.jpg,FAKE,1,ONE_FACE,0.9090,"[49,30,178,220]"
Fake/fake_495_aug_0.jpg,FAKE,1,ONE_FACE,0.9519,"[46,49,179,233]"
Fake/fake_495_aug_1.jpg,FAKE,1,ONE_FACE,0.8963,"[67,36,196,239]"
Fake/fake_495_aug_2.jpg,FAKE,1,ONE_FACE,0.8863,"[71,30,186,209]"
Fake/fake_495_aug_3.jpg,FAKE,1,ONE_FACE,0.9475,"[13,11,185,231]"
Fake/fake_495_aug_4.jpg,FAKE,1,ONE_FACE,0.8996,"[14,18,189,216]"
Fake/fake_496_aug_0.jpg,FAKE,1,ONE_FACE,0.9404,"[57,46,179,223]"
Fake/fake_496_aug_1.jpg,FAKE,1,ONE_FACE,0.9115,"[50,21,179,221]"
Fake/fake_496_aug_2.jpg,FAKE,1,ONE_FACE,0.9526,"[50,46,170,218]"
Fake/fake_496_aug_3.jpg,FAKE,1,ONE_FACE,0.9451,"[2,1,164,204]"
Fake/fake_496_aug_4.jpg,FAKE,1,ONE_FACE,0.9496,"[56,55,172,209]"
Fake/fake_497_aug_0.jpg,FAKE,1,ONE_FACE,0.9426,"[92,98,163,201]"
Fake/fake_497_aug_1.jpg,FAKE,1,ONE_FACE,0.9464,"[66,94,159,202]"
Fake/fake_497_aug_2.jpg,FAKE,1,ONE_FACE,0.9323,"[58,49,175,201]"
Fake/fake_497_aug_3.jpg,FAKE,1,ONE_FACE,0.8885,"[72,15,172,185]"
Fake/fake_497_aug_4.jpg,FAKE,1,ONE_FACE,0.9445,"[12,23,166,202]"
Fake/fake_498_aug_0.jpg,FAKE,1,ONE_FACE,0.9376,"[93,41,168,226]"
Fake/fake_498_aug_1.jpg,FAKE,1,ONE_FACE,0.9517,"[86,0,167,211]"
Fake/fake_498_aug_2.jpg,FAKE,1,ONE_FACE,0.9474,"[42,58,164,220]"
Fake/fake_498_aug_3.jpg,FAKE,1,ONE_FACE,0.9346,"[45,104,169,215]"
Fake/fake_498_aug_4.jpg,FAKE,1,ONE_FACE,0.9353,"[18,46,174,227]"
Fake/fake_499_aug_0.jpg,FAKE,1,ONE_FACE,0.9280,"[29,32,200,261]"
Fake/fake_499_aug_1.jpg,FAKE,1,ONE_FACE,0.9234,"[37,77,196,231]"
Fake/fake_499_aug_2.jpg,FAKE,1,ONE_FACE,0.9406,"[33,29,168,243]"
Fake/fake_499_aug_3.jpg,FAKE,1,ONE_FACE,0.8467,"[53,23,189,240]"
Fake/fake_499_aug_4.jpg,FAKE,1,ONE_FACE,0.8509,"[92,1,184,224]"
Fake/fake_49_aug_0.jpg,FAKE,1,ONE_FACE,0.9398,"[63,54,179,220]"
Fake/fake_49_aug_1.jpg,FAKE,1,ONE_FACE,0.8603,"[67,25,178,204]"
Fake/fake_49_aug_2.jpg,FAKE,1,ONE_FACE,0.9308,"[39,36,186,231]"
Fake/fake_49_aug_3.jpg,FAKE,1,ONE_FACE,0.9486,"[95,12,171,219]"
Fake/fake_49_aug_4.jpg,FAKE,1,ONE_FACE,0.9539,"[54,2,170,210]"
Fake/fake_4_aug_0.jpg,FAKE,1,ONE_FACE,0.8787,"[39,4,208,275]"
Fake/fake_4_aug_1.jpg,FAKE,1,ONE_FACE,0.9484,"[58,45,171,224]"
Fake/fake_4_aug_2.jpg,FAKE,1,ONE_FACE,0.8777,"[80,15,189,246]"
Fake/fake_4_aug_3.jpg,FAKE,1,ONE_FACE,0.9355,"[46,94,166,217]"
Fake/fake_4_aug_4.jpg,FAKE,1,ONE_FACE,0.9445,"[61,59,163,224]"
Fake/fake_500_aug_0.jpg,FAKE,1,ONE_FACE,0.9267,"[81,69,186,215]"
Fake/fake_500_aug_1.jpg,FAKE,1,ONE_FACE,0.8521,"[95,40,197,274]"
Fake/fake_500_aug_2.jpg,FAKE,1,ONE_FACE,0.8476,"[16,1,190,188]"
Fake/fake_500_aug_3.jpg,FAKE,1,ONE_FACE,0.8655,"[-3,-1,182,163]"
Fake/fake_500_aug_4.jpg,FAKE,1,ONE_FACE,0.9375,"[46,46,178,226]"
Fake/fake_501_aug_0.jpg,FAKE,1,ONE_FACE,0.8853,"[94,19,151,252]"
Fake/fake_501_aug_1.jpg,FAKE,1,ONE_FACE,0.9304,"[84,30,146,213]"
Fake/fake_501_aug_2.jpg,FAKE,1,ONE_FACE,0.9310,"[101,55,146,226]"
Fake/fake_501_aug_3.jpg,FAKE,1,ONE_FACE,0.9298,"[69,24,151,226]"
Fake/fake_501_aug_4.jpg,FAKE,1,ONE_FACE,0.8968,"[24,10,176,253]"
Fake/fake_502_aug_0.jpg,FAKE,1,ONE_FACE,0.9519,"[48,31,179,221]"
Fake/fake_502_aug_1.jpg,FAKE,1,ONE_FACE,0.9505,"[108,103,180,228]"
Fake/fake_502_aug_2.jpg,FAKE,1,ONE_FACE,0.9604,"[58,33,174,237]"
Fake/fake_502_aug_3.jpg,FAKE,1,ONE_FACE,0.9209,"[55,25,174,210]"
Fake/fake_502_aug_4.jpg,FAKE,1,ONE_FACE,0.9176,"[47,44,179,220]"
Fake/fake_503_aug_0.jpg,FAKE,1,ONE_FACE,0.9528,"[69,30,168,233]"
Fake/fake_503_aug_1.jpg,FAKE,1,ONE_FACE,0.8891,"[56,52,166,213]"
Fake/fake_503_aug_2.jpg,FAKE,1,ONE_FACE,0.9473,"[45,103,166,230]"
Fake/fake_503_aug_3.jpg,FAKE,1,ONE_FACE,0.8771,"[102,48,183,206]"
Fake/fake_503_aug_4.jpg,FAKE,1,ONE_FACE,0.8939,"[13,13,183,200]"
Fake/fake_504_aug_0.jpg,FAKE,1,ONE_FACE,0.8986,"[27,20,167,210]"
Fake/fake_504_aug_1.jpg,FAKE,1,ONE_FACE,0.9042,"[80,9,165,203]"
Fake/fake_504_aug_2.jpg,FAKE,1,ONE_FACE,0.9520,"[98,55,163,214]"
Fake/fake_504_aug_3.jpg,FAKE,1,ONE_FACE,0.9500,"[80,53,163,210]"
Fake/fake_504_aug_4.jpg,FAKE,1,ONE_FACE,0.8835,"[61,27,174,233]"
Fake/fake_505_aug_0.jpg,FAKE,1,ONE_FACE,0.8313,"[73,0,196,185]"
Fake/fake_505_aug_1.jpg,FAKE,1,ONE_FACE,0.9445,"[82,33,168,219]"
Fake/fake_505_aug_2.jpg,FAKE,1,ONE_FACE,0.9336,"[37,35,178,230]"
Fake/fake_505_aug_3.jpg,FAKE,1,ONE_FACE,0.8267,"[19,1,197,210]"
Fake/fake_505_aug_4.jpg,FAKE,1,ONE_FACE,0.9454,"[19,0,175,207]"
Fake/fake_506_aug_0.jpg,FAKE,1,ONE_FACE,0.9437,"[120,96,165,219]"
Fake/fake_506_aug_1.jpg,FAKE,1,ONE_FACE,0.9341,"[24,66,169,213]"
Fake/fake_506_aug_2.jpg,FAKE,1,ONE_FACE,0.9027,"[82,56,208,225]"
Fake/fake_506_aug_3.jpg,FAKE,1,ONE_FACE,0.8802,"[51,5,177,221]"
Fake/fake_506_aug_4.jpg,FAKE,1,ONE_FACE,0.8986,"[23,69,179,227]"
Fake/fake_507_aug_0.jpg,FAKE,1,ONE_FACE,0.8909,"[63,23,174,215]"
Fake/fake_507_aug_1.jpg,FAKE,1,ONE_FACE,0.9355,"[66,1,180,196]"
Fake/fake_507_aug_2.jpg,FAKE,1,ONE_FACE,0.9419,"[85,73,176,216]"
Fake/fake_507_aug_3.jpg,FAKE,1,ONE_FACE,0.9053,"[55,4,167,204]"
Fake/fake_507_aug_4.jpg,FAKE,1,ONE_FACE,0.9075,"[105,2,168,200]"
Fake/fake_508_aug_0.jpg,FAKE,1,ONE_FACE,0.9485,"[19,18,175,214]"
Fake/fake_508_aug_1.jpg,FAKE,1,ONE_FACE,0.8660,"[82,7,210,217]"
Fake/fake_508_aug_2.jpg,FAKE,1,ONE_FACE,0.9467,"[61,42,168,237]"
Fake/fake_508_aug_3.jpg,FAKE,1,ONE_FACE,0.9378,"[16,63,164,228]"
Fake/fake_508_aug_4.jpg,FAKE,1,ONE_FACE,0.8782,"[66,20,179,248]"
Fake/fake_509_aug_0.jpg,FAKE,1,ONE_FACE,0.8676,"[76,9,160,196]"
Fake/fake_509_aug_1.jpg,FAKE,1,ONE_FACE,0.8729,"[96,23,163,214]"
Fake/fake_509_aug_2.jpg,FAKE,1,ONE_FACE,0.9364,"[20,6,150,213]"
Fake/fake_509_aug_3.jpg,FAKE,1,ONE_FACE,0.9313,"[86,74,173,196]"
Fake/fake_509_aug_4.jpg,FAKE,1,ONE_FACE,0.9422,"[37,45,147,217]"
Fake/fake_50_aug_0.jpg,FAKE,1,ONE_FACE,0.9453,"[83,13,165,245]"
Fake/fake_50_aug_1.jpg,FAKE,1,ONE_FACE,0.9438,"[42,52,179,232]"
Fake/fake_50_aug_2.jpg,FAKE,1,ONE_FACE,0.9342,"[24,3,171,220]"
Fake/fake_50_aug_3.jpg,FAKE,1,ONE_FACE,0.9173,"[73,28,190,225]"
Fake/fake_50_aug_4.jpg,FAKE,1,ONE_FACE,0.9001,"[38,21,181,221]"
Fake/fake_510_aug_0.jpg,FAKE,1,ONE_FACE,0.9262,"[10,56,180,207]"
Fake/fake_510_aug_1.jpg,FAKE,1,ONE_FACE,0.9258,"[58,60,191,208]"
Fake/fake_510_aug_2.jpg,FAKE,1,ONE_FACE,0.8741,"[53,22,185,215]"
Fake/fake_510_aug_3.jpg,FAKE,1,ONE_FACE,0.9289,"[60,1,174,195]"
Fake/fake_510_aug_4.jpg,FAKE,1,ONE_FACE,0.8369,"[9,57,218,225]"
Fake/fake_511_aug_0.jpg,FAKE,1,ONE_FACE,0.9582,"[54,45,173,241]"
Fake/fake_511_aug_1.jpg,FAKE,1,ONE_FACE,0.9041,"[34,6,176,222]"
Fake/fake_511_aug_2.jpg,FAKE,1,ONE_FACE,0.9438,"[40,16,192,226]"
Fake/fake_511_aug_3.jpg,FAKE,1,ONE_FACE,0.9601,"[25,29,178,230]"
Fake/fake_511_aug_4.jpg,FAKE,1,ONE_FACE,0.9551,"[29,54,176,233]"
Fake/fake_512_aug_0.jpg,FAKE,1,ONE_FACE,0.8595,"[45,9,175,230]"
Fake/fake_512_aug_1.jpg,FAKE,1,ONE_FACE,0.9372,"[80,58,157,218]"
Fake/fake_512_aug_2.jpg,FAKE,1,ONE_FACE,0.9446,"[57,36,162,220]"
Fake/fake_512_aug_3.jpg,FAKE,1,ONE_FACE,0.9473,"[70,36,156,229]"
Fake/fake_512_aug_4.jpg,FAKE,1,ONE_FACE,0.9506,"[78,70,158,232]"
Fake/fake_513_aug_0.jpg,FAKE,1,ONE_FACE,0.9511,"[45,20,156,225]"
Fake/fake_513_aug_1.jpg,FAKE,1,ONE_FACE,0.9341,"[3,0,181,214]"
Fake/fake_513_aug_2.jpg,FAKE,1,ONE_FACE,0.9504,"[73,46,167,230]"
Fake/fake_513_aug_3.jpg,FAKE,1,ONE_FACE,0.8993,"[35,25,161,220]"
Fake/fake_513_aug_4.jpg,FAKE,1,ONE_FACE,0.9476,"[71,62,168,236]"
Fake/fake_514_aug_0.jpg,FAKE,1,ONE_FACE,0.8808,"[18,23,182,247]"
Fake/fake_514_aug_1.jpg,FAKE,1,ONE_FACE,0.9444,"[39,10,161,225]"
Fake/fake_514_aug_2.jpg,FAKE,1,ONE_FACE,0.9456,"[45,32,166,242]"
Fake/fake_514_aug_3.jpg,FAKE,1,ONE_FACE,0.8834,"[63,14,179,217]"
Fake/fake_514_aug_4.jpg,FAKE,1,ONE_FACE,0.8704,"[48,30,179,243]"
Fake/fake_515_aug_0.jpg,FAKE,1,ONE_FACE,0.9223,"[117,24,178,208]"
Fake/fake_515_aug_1.jpg,FAKE,1,ONE_FACE,0.9457,"[95,18,165,204]"
Fake/fake_515_aug_2.jpg,FAKE,1,ONE_FACE,0.9414,"[48,-2,161,185]"
Fake/fake_515_aug_3.jpg,FAKE,1,ONE_FACE,0.9404,"[30,38,163,217]"
Fake/fake_515_aug_4.jpg,FAKE,1,ONE_FACE,0.8800,"[19,27,182,233]"
Fake/fake_516_aug_0.jpg,FAKE,1,ONE_FACE,0.9477,"[63,50,172,213]"
Fake/fake_516_aug_1.jpg,FAKE,1,ONE_FACE,0.8845,"[61,64,170,198]"
Fake/fake_516_aug_2.jpg,FAKE,1,ONE_FACE,0.9495,"[54,32,170,216]"
Fake/fake_516_aug_3.jpg,FAKE,1,ONE_FACE,0.8854,"[29,10,188,217]"
Fake/fake_516_aug_4.jpg,FAKE,1,ONE_FACE,0.8808,"[56,48,174,213]"
Fake/fake_517_aug_0.jpg,FAKE,1,ONE_FACE,0.9489,"[71,19,182,261]"
Fake/fake_517_aug_1.jpg,FAKE,1,ONE_FACE,0.8997,"[14,-1,200,263]"
Fake/fake_517_aug_2.jpg,FAKE,1,ONE_FACE,0.8720,"[89,22,203,268]"
Fake/fake_517_aug_3.jpg,FAKE,1,ONE_FACE,0.9298,"[18,26,177,227]"
Fake/fake_517_aug_4.jpg,FAKE,1,ONE_FACE,0.9452,"[24,39,191,257]"
Fake/fake_518_aug_0.jpg,FAKE,1,ONE_FACE,0.9018,"[-7,1,178,182]"
Fake/fake_518_aug_1.jpg,FAKE,1,ONE_FACE,0.9416,"[35,36,174,221]"
Fake/fake_518_aug_2.jpg,FAKE,1,ONE_FACE,0.8970,"[36,19,167,210]"
Fake/fake_518_aug_3.jpg,FAKE,1,ONE_FACE,0.9014,"[55,26,167,219]"
Fake/fake_518_aug_4.jpg,FAKE,1,ONE_FACE,0.8784,"[43,10,168,187]"
Fake/fake_519_aug_0.jpg,FAKE,1,ONE_FACE,0.9460,"[43,33,169,230]"
Fake/fake_519_aug_1.jpg,FAKE,1,ONE_FACE,0.8913,"[42,14,202,248]"
Fake/fake_519_aug_2.jpg,FAKE,1,ONE_FACE,0.9049,"[36,3,212,214]"
Fake/fake_519_aug_3.jpg,FAKE,1,ONE_FACE,0.8961,"[85,56,201,224]"
Fake/fake_519_aug_4.jpg,FAKE,1,ONE_FACE,0.9436,"[73,67,168,212]"
Fake/fake_51_aug_0.jpg,FAKE,1,ONE_FACE,0.9530,"[41,21,188,252]"
Fake/fake_51_aug_1.jpg,FAKE,1,ONE_FACE,0.8728,"[28,18,194,280]"
Fake/fake_51_aug_2.jpg,FAKE,1,ONE_FACE,0.9381,"[37,32,166,240]"
Fake/fake_51_aug_3.jpg,FAKE,1,ONE_FACE,0.8888,"[61,17,189,242]"
Fake/fake_51_aug_4.jpg,FAKE,1,ONE_FACE,0.8446,"[23,29,201,211]"
Fake/fake_520_aug_0.jpg,FAKE,1,ONE_FACE,0.9477,"[35,42,183,204]"
Fake/fake_520_aug_1.jpg,FAKE,1,ONE_FACE,0.9027,"[68,0,205,161]"
Fake/fake_520_aug_2.jpg,FAKE,1,ONE_FACE,0.9446,"[44,48,178,210]"
Fake/fake_520_aug_3.jpg,FAKE,1,ONE_FACE,0.8991,"[52,14,205,209]"
Fake/fake_520_aug_4.jpg,FAKE,1,ONE_FACE,0.9423,"[35,48,181,212]"
Fake/fake_521_aug_0.jpg,FAKE,1,ONE_FACE,0.9438,"[103,77,156,226]"
Fake/fake_521_aug_1.jpg,FAKE,1,ONE_FACE,0.9241,"[82,45,173,215]"
Fake/fake_521_aug_2.jpg,FAKE,1,ONE_FACE,0.9352,"[62,7,163,232]"
Fake/fake_521_aug_3.jpg,FAKE,1,ONE_FACE,0.8897,"[92,48,153,205]"
Fake/fake_521_aug_4.jpg,FAKE,1,ONE_FACE,0.9441,"[81,56,158,233]"
Fake/fake_522_aug_0.jpg,FAKE,1,ONE_FACE,0.8043,"[2,4,195,224]"
Fake/fake_522_aug_1.jpg,FAKE,1,ONE_FACE,0.9125,"[85,28,207,243]"
Fake/fake_522_aug_2.jpg,FAKE,1,ONE_FACE,0.9460,"[42,40,180,257]"
Fake/fake_522_aug_3.jpg,FAKE,1,ONE_FACE,0.6043,"[117,66,201,223]"
Fake/fake_522_aug_4.jpg,FAKE,1,ONE_FACE,0.9345,"[17,12,181,253]"
Fake/fake_523_aug_0.jpg,FAKE,1,ONE_FACE,0.9086,"[28,46,171,231]"
Fake/fake_523_aug_1.jpg,FAKE,1,ONE_FACE,0.9021,"[24,25,197,196]"
Fake/fake_523_aug_2.jpg,FAKE,1,ONE_FACE,0.9512,"[13,21,176,224]"
Fake/fake_523_aug_3.jpg,FAKE,1,ONE_FACE,0.9444,"[88,90,181,226]"
Fake/fake_523_aug_4.jpg,FAKE,1,ONE_FACE,0.8772,"[50,13,176,195]"
Fake/fake_524_aug_0.jpg,FAKE,1,ONE_FACE,0.8979,"[52,29,161,208]"
Fake/fake_524_aug_1.jpg,FAKE,1,ONE_FACE,0.9506,"[68,61,160,210]"
Fake/fake_524_aug_2.jpg,FAKE,1,ONE_FACE,0.9554,"[28,26,164,201]"
Fake/fake_524_aug_3.jpg,FAKE,1,ONE_FACE,0.9369,"[60,66,175,196]"
Fake/fake_524_aug_4.jpg,FAKE,1,ONE_FACE,0.9517,"[130,95,155,208]"
Fake/fake_525_aug_0.jpg,FAKE,1,ONE_FACE,0.9241,"[1,5,183,213]"
Fake/fake_525_aug_1.jpg,FAKE,1,ONE_FACE,0.9435,"[36,87,169,217]"
Fake/fake_525_aug_2.jpg,FAKE,2,MULTIPLE_FACES,"[0.903, 0.8071]","[[93, 56, 179, 225], [13, 5, 51, 47]]"
Fake/fake_525_aug_3.jpg,FAKE,2,MULTIPLE_FACES,"[0.9064, 0.7595]","[[45, 16, 173, 236], [257, -2, 28, 30]]"
Fake/fake_525_aug_4.jpg,FAKE,1,ONE_FACE,0.8972,"[32,32,169,219]"
Fake/fake_526_aug_0.jpg,FAKE,1,ONE_FACE,0.9426,"[14,46,167,235]"
Fake/fake_526_aug_1.jpg,FAKE,1,ONE_FACE,0.9442,"[42,7,179,247]"
Fake/fake_526_aug_2.jpg,FAKE,1,ONE_FACE,0.8889,"[40,37,173,232]"
Fake/fake_526_aug_3.jpg,FAKE,1,ONE_FACE,0.8899,"[49,16,188,228]"
Fake/fake_526_aug_4.jpg,FAKE,1,ONE_FACE,0.9481,"[49,17,181,246]"
Fake/fake_527_aug_0.jpg,FAKE,1,ONE_FACE,0.9506,"[84,67,170,220]"
Fake/fake_527_aug_1.jpg,FAKE,1,ONE_FACE,0.9201,"[62,25,170,204]"
Fake/fake_527_aug_2.jpg,FAKE,1,ONE_FACE,0.9043,"[60,10,178,201]"
Fake/fake_527_aug_3.jpg,FAKE,1,ONE_FACE,0.8949,"[47,69,175,209]"
Fake/fake_527_aug_4.jpg,FAKE,1,ONE_FACE,0.8897,"[47,9,174,207]"
Fake/fake_528_aug_0.jpg,FAKE,1,ONE_FACE,0.9523,"[84,41,183,227]"
Fake/fake_528_aug_1.jpg,FAKE,1,ONE_FACE,0.9522,"[82,35,180,221]"
Fake/fake_528_aug_2.jpg,FAKE,1,ONE_FACE,0.9540,"[68,66,182,234]"
Fake/fake_528_aug_3.jpg,FAKE,1,ONE_FACE,0.8917,"[12,4,192,193]"
Fake/fake_528_aug_4.jpg,FAKE,1,ONE_FACE,0.9567,"[82,65,183,238]"
Fake/fake_529_aug_0.jpg,FAKE,1,ONE_FACE,0.9070,"[51,32,194,237]"
Fake/fake_529_aug_1.jpg,FAKE,1,ONE_FACE,0.9005,"[82,37,181,218]"
Fake/fake_529_aug_2.jpg,FAKE,1,ONE_FACE,0.9567,"[97,4,178,236]"
Fake/fake_529_aug_3.jpg,FAKE,1,ONE_FACE,0.9581,"[22,8,184,251]"
Fake/fake_529_aug_4.jpg,FAKE,1,ONE_FACE,0.9017,"[34,22,218,231]"
Fake/fake_52_aug_0.jpg,FAKE,1,ONE_FACE,0.8019,"[26,43,182,230]"
Fake/fake_52_aug_1.jpg,FAKE,1,ONE_FACE,0.8639,"[102,56,193,191]"
Fake/fake_52_aug_2.jpg,FAKE,1,ONE_FACE,0.9499,"[70,65,173,213]"
Fake/fake_52_aug_3.jpg,FAKE,1,ONE_FACE,0.8913,"[69,2,195,177]"
Fake/fake_52_aug_4.jpg,FAKE,1,ONE_FACE,0.9422,"[25,96,170,212]"
Fake/fake_530_aug_0.jpg,FAKE,1,ONE_FACE,0.8673,"[31,5,217,183]"
Fake/fake_530_aug_1.jpg,FAKE,1,ONE_FACE,0.8865,"[33,0,180,208]"
Fake/fake_530_aug_2.jpg,FAKE,1,ONE_FACE,0.9439,"[52,51,167,216]"
Fake/fake_530_aug_3.jpg,FAKE,1,ONE_FACE,0.8674,"[41,4,171,232]"
Fake/fake_530_aug_4.jpg,FAKE,1,ONE_FACE,0.8835,"[87,5,174,235]"
Fake/fake_531_aug_0.jpg,FAKE,1,ONE_FACE,0.9405,"[48,56,149,204]"
Fake/fake_531_aug_1.jpg,FAKE,1,ONE_FACE,0.8563,"[63,38,145,183]"
Fake/fake_531_aug_2.jpg,FAKE,1,ONE_FACE,0.9373,"[78,57,140,202]"
Fake/fake_531_aug_3.jpg,FAKE,1,ONE_FACE,0.9295,"[83,76,152,192]"
Fake/fake_531_aug_4.jpg,FAKE,1,ONE_FACE,0.9316,"[87,76,147,195]"
Fake/fake_532_aug_0.jpg,FAKE,1,ONE_FACE,0.8802,"[30,24,201,212]"
Fake/fake_532_aug_1.jpg,FAKE,1,ONE_FACE,0.8982,"[51,30,194,255]"
Fake/fake_532_aug_2.jpg,FAKE,1,ONE_FACE,0.8732,"[58,43,188,242]"
Fake/fake_532_aug_3.jpg,FAKE,1,ONE_FACE,0.8603,"[33,36,201,244]"
Fake/fake_532_aug_4.jpg,FAKE,1,ONE_FACE,0.9469,"[23,18,170,207]"
Fake/fake_533_aug_0.jpg,FAKE,1,ONE_FACE,0.8796,"[17,67,211,227]"
Fake/fake_533_aug_1.jpg,FAKE,1,ONE_FACE,0.9022,"[32,30,203,233]"
Fake/fake_533_aug_2.jpg,FAKE,1,ONE_FACE,0.9504,"[81,29,176,237]"
Fake/fake_533_aug_3.jpg,FAKE,1,ONE_FACE,0.9506,"[52,38,175,221]"
Fake/fake_533_aug_4.jpg,FAKE,1,ONE_FACE,0.9567,"[74,17,168,238]"
Fake/fake_534_aug_0.jpg,FAKE,1,ONE_FACE,0.9527,"[45,46,176,245]"
Fake/fake_534_aug_1.jpg,FAKE,1,ONE_FACE,0.8953,"[73,30,184,237]"
Fake/fake_534_aug_2.jpg,FAKE,1,ONE_FACE,0.8768,"[57,25,217,238]"
Fake/fake_534_aug_3.jpg,FAKE,1,ONE_FACE,0.9421,"[1,4,182,226]"
Fake/fake_534_aug_4.jpg,FAKE,1,ONE_FACE,0.9610,"[60,25,176,241]"
Fake/fake_535_aug_0.jpg,FAKE,1,ONE_FACE,0.9491,"[67,38,165,230]"
Fake/fake_535_aug_1.jpg,FAKE,1,ONE_FACE,0.9044,"[57,17,163,220]"
Fake/fake_535_aug_2.jpg,FAKE,1,ONE_FACE,0.9010,"[90,41,175,231]"
Fake/fake_535_aug_3.jpg,FAKE,1,ONE_FACE,0.9502,"[97,41,162,224]"
Fake/fake_535_aug_4.jpg,FAKE,1,ONE_FACE,0.9452,"[66,7,173,214]"
Fake/fake_536_aug_0.jpg,FAKE,1,ONE_FACE,0.9416,"[6,67,164,199]"
Fake/fake_536_aug_1.jpg,FAKE,1,ONE_FACE,0.8986,"[74,39,172,208]"
Fake/fake_536_aug_2.jpg,FAKE,1,ONE_FACE,0.9587,"[101,8,159,227]"
Fake/fake_536_aug_3.jpg,FAKE,1,ONE_FACE,0.9497,"[59,39,167,224]"
Fake/fake_536_aug_4.jpg,FAKE,1,ONE_FACE,0.9046,"[92,28,165,198]"
Fake/fake_537_aug_0.jpg,FAKE,1,ONE_FACE,0.8804,"[54,24,184,212]"
Fake/fake_537_aug_1.jpg,FAKE,1,ONE_FACE,0.8606,"[31,2,196,160]"
Fake/fake_537_aug_2.jpg,FAKE,1,ONE_FACE,0.8909,"[92,14,184,195]"
Fake/fake_537_aug_3.jpg,FAKE,1,ONE_FACE,0.9000,"[2,3,155,211]"
Fake/fake_537_aug_4.jpg,FAKE,1,ONE_FACE,0.8917,"[120,37,166,227]"
Fake/fake_538_aug_0.jpg,FAKE,1,ONE_FACE,0.9535,"[72,65,160,205]"
Fake/fake_538_aug_1.jpg,FAKE,1,ONE_FACE,0.8998,"[56,12,166,214]"
Fake/fake_538_aug_2.jpg,FAKE,1,ONE_FACE,0.9060,"[41,7,167,212]"
Fake/fake_538_aug_3.jpg,FAKE,1,ONE_FACE,0.8816,"[40,29,169,221]"
Fake/fake_538_aug_4.jpg,FAKE,1,ONE_FACE,0.8844,"[89,53,174,241]"
Fake/fake_539_aug_0.jpg,FAKE,1,ONE_FACE,0.8660,"[7,71,184,209]"
Fake/fake_539_aug_1.jpg,FAKE,1,ONE_FACE,0.9425,"[37,39,170,200]"
Fake/fake_539_aug_2.jpg,FAKE,1,ONE_FACE,0.8307,"[57,27,192,230]"
Fake/fake_539_aug_3.jpg,FAKE,1,ONE_FACE,0.9296,"[19,61,182,213]"
Fake/fake_539_aug_4.jpg,FAKE,1,ONE_FACE,0.8735,"[58,83,170,194]"
Fake/fake_53_aug_0.jpg,FAKE,1,ONE_FACE,0.9101,"[31,8,161,186]"
Fake/fake_53_aug_1.jpg,FAKE,1,ONE_FACE,0.8922,"[122,61,174,205]"
Fake/fake_53_aug_2.jpg,FAKE,1,ONE_FACE,0.9393,"[69,72,174,202]"
Fake/fake_53_aug_3.jpg,FAKE,1,ONE_FACE,0.9511,"[55,52,170,210]"
Fake/fake_53_aug_4.jpg,FAKE,1,ONE_FACE,0.9515,"[72,65,157,206]"
Fake/fake_540_aug_0.jpg,FAKE,1,ONE_FACE,0.8561,"[44,0,183,214]"
Fake/fake_540_aug_1.jpg,FAKE,1,ONE_FACE,0.8045,"[52,7,170,227]"
Fake/fake_540_aug_2.jpg,FAKE,1,ONE_FACE,0.8403,"[98,6,188,224]"
Fake/fake_540_aug_3.jpg,FAKE,1,ONE_FACE,0.8107,"[78,85,188,246]"
Fake/fake_540_aug_4.jpg,FAKE,1,ONE_FACE,0.7837,"[73,40,182,203]"
Fake/fake_541_aug_0.jpg,FAKE,1,ONE_FACE,0.9360,"[84,85,168,224]"
Fake/fake_541_aug_1.jpg,FAKE,1,ONE_FACE,0.9189,"[30,13,195,221]"
Fake/fake_541_aug_2.jpg,FAKE,1,ONE_FACE,0.8990,"[84,41,177,236]"
Fake/fake_541_aug_3.jpg,FAKE,1,ONE_FACE,0.9153,"[38,52,189,211]"
Fake/fake_541_aug_4.jpg,FAKE,1,ONE_FACE,0.8644,"[18,27,185,220]"
Fake/fake_542_aug_0.jpg,FAKE,1,ONE_FACE,0.7938,"[52,73,169,206]"
Fake/fake_542_aug_1.jpg,FAKE,1,ONE_FACE,0.9488,"[103,72,154,216]"
Fake/fake_542_aug_2.jpg,FAKE,1,ONE_FACE,0.8490,"[84,3,166,202]"
Fake/fake_542_aug_3.jpg,FAKE,1,ONE_FACE,0.9512,"[50,39,163,218]"
Fake/fake_542_aug_4.jpg,FAKE,1,ONE_FACE,0.9502,"[63,49,159,214]"
Fake/fake_543_aug_0.jpg,FAKE,1,ONE_FACE,0.9179,"[95,95,163,209]"
Fake/fake_543_aug_1.jpg,FAKE,1,ONE_FACE,0.9343,"[71,10,171,199]"
Fake/fake_543_aug_2.jpg,FAKE,1,ONE_FACE,0.9348,"[78,95,182,210]"
Fake/fake_543_aug_3.jpg,FAKE,1,ONE_FACE,0.8929,"[121,19,161,186]"
Fake/fake_543_aug_4.jpg,FAKE,1,ONE_FACE,0.8953,"[52,23,177,215]"
Fake/fake_544_aug_0.jpg,FAKE,1,ONE_FACE,0.9369,"[64,58,193,209]"
Fake/fake_544_aug_1.jpg,FAKE,1,ONE_FACE,0.9501,"[35,37,175,221]"
Fake/fake_544_aug_2.jpg,FAKE,1,ONE_FACE,0.9447,"[58,47,185,216]"
Fake/fake_544_aug_3.jpg,FAKE,1,ONE_FACE,0.9496,"[79,72,178,209]"
Fake/fake_544_aug_4.jpg,FAKE,1,ONE_FACE,0.9556,"[55,41,171,224]"
Fake/fake_545_aug_0.jpg,FAKE,1,ONE_FACE,0.8977,"[89,55,172,206]"
Fake/fake_545_aug_1.jpg,FAKE,1,ONE_FACE,0.9064,"[32,26,182,206]"
Fake/fake_545_aug_2.jpg,FAKE,1,ONE_FACE,0.9022,"[77,12,177,207]"
Fake/fake_545_aug_3.jpg,FAKE,1,ONE_FACE,0.9026,"[13,19,181,228]"
Fake/fake_545_aug_4.jpg,FAKE,1,ONE_FACE,0.8984,"[97,46,177,208]"
Fake/fake_546_aug_0.jpg,FAKE,1,ONE_FACE,0.9488,"[42,27,156,211]"
Fake/fake_546_aug_1.jpg,FAKE,1,ONE_FACE,0.8870,"[48,25,178,225]"
Fake/fake_546_aug_2.jpg,FAKE,1,ONE_FACE,0.8746,"[51,36,186,204]"
Fake/fake_546_aug_3.jpg,FAKE,1,ONE_FACE,0.9070,"[79,6,167,190]"
Fake/fake_546_aug_4.jpg,FAKE,1,ONE_FACE,0.9487,"[42,28,157,217]"
Fake/fake_547_aug_0.jpg,FAKE,1,ONE_FACE,0.9044,"[27,60,163,197]"
Fake/fake_547_aug_1.jpg,FAKE,1,ONE_FACE,0.8755,"[28,29,166,205]"
Fake/fake_547_aug_2.jpg,FAKE,1,ONE_FACE,0.8998,"[84,43,159,208]"
Fake/fake_547_aug_3.jpg,FAKE,1,ONE_FACE,0.9502,"[48,45,162,220]"
Fake/fake_547_aug_4.jpg,FAKE,1,ONE_FACE,0.8932,"[42,15,178,206]"
Fake/fake_548_aug_0.jpg,FAKE,1,ONE_FACE,0.8939,"[109,17,175,210]"
Fake/fake_548_aug_1.jpg,FAKE,1,ONE_FACE,0.9240,"[-1,0,181,183]"
Fake/fake_548_aug_2.jpg,FAKE,1,ONE_FACE,0.9543,"[51,56,168,214]"
Fake/fake_548_aug_3.jpg,FAKE,1,ONE_FACE,0.8843,"[73,57,185,220]"
Fake/fake_548_aug_4.jpg,FAKE,1,ONE_FACE,0.9475,"[66,58,171,212]"
Fake/fake_549_aug_0.jpg,FAKE,1,ONE_FACE,0.9531,"[102,23,177,223]"
Fake/fake_549_aug_1.jpg,FAKE,1,ONE_FACE,0.8941,"[16,36,165,212]"
Fake/fake_549_aug_2.jpg,FAKE,1,ONE_FACE,0.9417,"[64,51,182,230]"
Fake/fake_549_aug_3.jpg,FAKE,1,ONE_FACE,0.9434,"[57,75,182,215]"
Fake/fake_549_aug_4.jpg,FAKE,1,ONE_FACE,0.8994,"[125,57,183,218]"
Fake/fake_54_aug_0.jpg,FAKE,1,ONE_FACE,0.8447,"[62,37,156,186]"
Fake/fake_54_aug_1.jpg,FAKE,1,ONE_FACE,0.9219,"[59,68,182,194]"
Fake/fake_54_aug_2.jpg,FAKE,1,ONE_FACE,0.9427,"[92,83,166,208]"
Fake/fake_54_aug_3.jpg,FAKE,1,ONE_FACE,0.9358,"[65,56,164,204]"
Fake/fake_54_aug_4.jpg,FAKE,1,ONE_FACE,0.9422,"[20,-2,169,188]"
Fake/fake_550_aug_0.jpg,FAKE,1,ONE_FACE,0.9055,"[92,17,205,247]"
Fake/fake_550_aug_1.jpg,FAKE,1,ONE_FACE,0.8764,"[71,56,202,242]"
Fake/fake_550_aug_2.jpg,FAKE,1,ONE_FACE,0.8951,"[64,57,172,191]"
Fake/fake_550_aug_3.jpg,FAKE,1,ONE_FACE,0.9056,"[52,27,192,207]"
Fake/fake_550_aug_4.jpg,FAKE,1,ONE_FACE,0.9158,"[51,26,194,214]"
Fake/fake_551_aug_0.jpg,FAKE,1,ONE_FACE,0.9566,"[31,26,169,209]"
Fake/fake_551_aug_1.jpg,FAKE,1,ONE_FACE,0.8868,"[80,34,163,177]"
Fake/fake_551_aug_2.jpg,FAKE,1,ONE_FACE,0.8808,"[52,30,170,170]"
Fake/fake_551_aug_3.jpg,FAKE,1,ONE_FACE,0.9508,"[89,97,169,201]"
Fake/fake_551_aug_4.jpg,FAKE,1,ONE_FACE,0.9554,"[88,63,173,214]"
Fake/fake_552_aug_0.jpg,FAKE,1,ONE_FACE,0.9307,"[52,37,168,203]"
Fake/fake_552_aug_1.jpg,FAKE,1,ONE_FACE,0.9420,"[73,57,159,216]"
Fake/fake_552_aug_2.jpg,FAKE,1,ONE_FACE,0.8431,"[82,52,174,212]"
Fake/fake_552_aug_3.jpg,FAKE,1,ONE_FACE,0.8754,"[88,33,155,191]"
Fake/fake_552_aug_4.jpg,FAKE,1,ONE_FACE,0.8569,"[44,18,194,216]"
Fake/fake_553_aug_0.jpg,FAKE,1,ONE_FACE,0.9602,"[80,3,171,210]"
Fake/fake_553_aug_1.jpg,FAKE,1,ONE_FACE,0.9471,"[23,55,174,211]"
Fake/fake_553_aug_2.jpg,FAKE,1,ONE_FACE,0.8977,"[27,45,164,193]"
Fake/fake_553_aug_3.jpg,FAKE,1,ONE_FACE,0.9539,"[71,53,165,223]"
Fake/fake_553_aug_4.jpg,FAKE,1,ONE_FACE,0.9041,"[79,28,166,225]"
Fake/fake_554_aug_0.jpg,FAKE,1,ONE_FACE,0.9510,"[94,73,170,231]"
Fake/fake_554_aug_1.jpg,FAKE,1,ONE_FACE,0.9514,"[41,25,169,238]"
Fake/fake_554_aug_2.jpg,FAKE,1,ONE_FACE,0.9563,"[93,7,167,238]"
Fake/fake_554_aug_3.jpg,FAKE,1,ONE_FACE,0.9493,"[58,45,170,240]"
Fake/fake_554_aug_4.jpg,FAKE,1,ONE_FACE,0.8890,"[48,42,179,227]"
Fake/fake_555_aug_0.jpg,FAKE,1,ONE_FACE,0.8735,"[68,35,197,214]"
Fake/fake_555_aug_1.jpg,FAKE,1,ONE_FACE,0.9127,"[43,34,180,241]"
Fake/fake_555_aug_2.jpg,FAKE,1,ONE_FACE,0.8833,"[50,68,190,227]"
Fake/fake_555_aug_3.jpg,FAKE,1,ONE_FACE,0.8911,"[95,38,179,240]"
Fake/fake_555_aug_4.jpg,FAKE,1,ONE_FACE,0.9538,"[11,6,168,239]"
Fake/fake_556_aug_0.jpg,FAKE,1,ONE_FACE,0.8969,"[90,32,157,222]"
Fake/fake_556_aug_1.jpg,FAKE,1,ONE_FACE,0.9325,"[66,28,163,225]"
Fake/fake_556_aug_2.jpg,FAKE,1,ONE_FACE,0.8888,"[97,39,159,223]"
Fake/fake_556_aug_3.jpg,FAKE,1,ONE_FACE,0.9434,"[69,14,157,222]"
Fake/fake_556_aug_4.jpg,FAKE,1,ONE_FACE,0.9341,"[60,0,174,205]"
Fake/fake_557_aug_0.jpg,FAKE,1,ONE_FACE,0.8698,"[62,41,176,203]"
Fake/fake_557_aug_1.jpg,FAKE,1,ONE_FACE,0.8998,"[24,20,181,194]"
Fake/fake_557_aug_2.jpg,FAKE,1,ONE_FACE,0.9402,"[63,50,175,220]"
Fake/fake_557_aug_3.jpg,FAKE,1,ONE_FACE,0.8695,"[54,31,180,210]"
Fake/fake_557_aug_4.jpg,FAKE,1,ONE_FACE,0.9347,"[24,16,180,222]"
Fake/fake_558_aug_0.jpg,FAKE,1,ONE_FACE,0.9379,"[36,58,164,215]"
Fake/fake_558_aug_1.jpg,FAKE,1,ONE_FACE,0.8937,"[52,17,171,233]"
Fake/fake_558_aug_2.jpg,FAKE,1,ONE_FACE,0.8776,"[67,23,183,234]"
Fake/fake_558_aug_3.jpg,FAKE,1,ONE_FACE,0.9398,"[43,41,161,211]"
Fake/fake_558_aug_4.jpg,FAKE,1,ONE_FACE,0.9456,"[64,88,167,217]"
Fake/fake_559_aug_0.jpg,FAKE,1,ONE_FACE,0.9293,"[63,69,175,205]"
Fake/fake_559_aug_1.jpg,FAKE,1,ONE_FACE,0.9129,"[67,62,171,208]"
Fake/fake_559_aug_2.jpg,FAKE,1,ONE_FACE,0.9479,"[54,65,164,225]"
Fake/fake_559_aug_3.jpg,FAKE,1,ONE_FACE,0.9141,"[60,52,172,204]"
Fake/fake_559_aug_4.jpg,FAKE,1,ONE_FACE,0.9547,"[61,58,166,221]"
Fake/fake_55_aug_0.jpg,FAKE,1,ONE_FACE,0.8965,"[66,30,166,200]"
Fake/fake_55_aug_1.jpg,FAKE,1,ONE_FACE,0.9002,"[61,8,159,190]"
Fake/fake_55_aug_2.jpg,FAKE,1,ONE_FACE,0.9351,"[62,61,185,211]"
Fake/fake_55_aug_3.jpg,FAKE,1,ONE_FACE,0.8860,"[69,40,168,203]"
Fake/fake_55_aug_4.jpg,FAKE,1,ONE_FACE,0.8966,"[13,58,160,209]"
Fake/fake_560_aug_0.jpg,FAKE,1,ONE_FACE,0.9492,"[84,73,179,252]"
Fake/fake_560_aug_1.jpg,FAKE,1,ONE_FACE,0.8363,"[3,3,209,202]"
Fake/fake_560_aug_2.jpg,FAKE,1,ONE_FACE,0.8078,"[24,6,208,240]"
Fake/fake_560_aug_3.jpg,FAKE,1,ONE_FACE,0.8213,"[23,7,205,241]"
Fake/fake_560_aug_4.jpg,FAKE,1,ONE_FACE,0.9309,"[52,41,196,253]"
Fake/fake_561_aug_0.jpg,FAKE,1,ONE_FACE,0.9516,"[69,66,171,237]"
Fake/fake_561_aug_1.jpg,FAKE,1,ONE_FACE,0.8660,"[55,55,177,219]"
Fake/fake_561_aug_2.jpg,FAKE,1,ONE_FACE,0.9473,"[73,50,177,242]"
Fake/fake_561_aug_3.jpg,FAKE,1,ONE_FACE,0.9546,"[63,48,174,225]"
Fake/fake_561_aug_4.jpg,FAKE,1,ONE_FACE,0.8742,"[80,95,176,207]"
Fake/fake_562_aug_0.jpg,FAKE,1,ONE_FACE,0.9185,"[32,24,182,207]"
Fake/fake_562_aug_1.jpg,FAKE,1,ONE_FACE,0.9313,"[111,80,171,212]"
Fake/fake_562_aug_2.jpg,FAKE,1,ONE_FACE,0.8804,"[66,38,176,209]"
Fake/fake_562_aug_3.jpg,FAKE,1,ONE_FACE,0.8817,"[75,9,193,221]"
Fake/fake_562_aug_4.jpg,FAKE,1,ONE_FACE,0.9530,"[83,34,169,211]"
Fake/fake_563_aug_0.jpg,FAKE,1,ONE_FACE,0.8923,"[66,30,174,218]"
Fake/fake_563_aug_1.jpg,FAKE,1,ONE_FACE,0.9371,"[9,37,188,235]"
Fake/fake_563_aug_2.jpg,FAKE,1,ONE_FACE,0.9431,"[17,84,168,230]"
Fake/fake_563_aug_3.jpg,FAKE,1,ONE_FACE,0.9404,"[10,66,188,229]"
Fake/fake_563_aug_4.jpg,FAKE,1,ONE_FACE,0.9557,"[44,-1,179,235]"
Fake/fake_564_aug_0.jpg,FAKE,1,ONE_FACE,0.9144,"[34,6,167,221]"
Fake/fake_564_aug_1.jpg,FAKE,1,ONE_FACE,0.9173,"[65,34,181,228]"
Fake/fake_564_aug_2.jpg,FAKE,1,ONE_FACE,0.9576,"[78,6,174,226]"
Fake/fake_564_aug_3.jpg,FAKE,1,ONE_FACE,0.9096,"[98,66,167,204]"
Fake/fake_564_aug_4.jpg,FAKE,1,ONE_FACE,0.9113,"[85,55,168,217]"
Fake/fake_565_aug_0.jpg,FAKE,1,ONE_FACE,0.9399,"[43,39,166,207]"
Fake/fake_565_aug_1.jpg,FAKE,1,ONE_FACE,0.9114,"[38,6,169,194]"
Fake/fake_565_aug_2.jpg,FAKE,1,ONE_FACE,0.9431,"[66,52,164,213]"
Fake/fake_565_aug_3.jpg,FAKE,1,ONE_FACE,0.8831,"[54,21,178,211]"
Fake/fake_565_aug_4.jpg,FAKE,1,ONE_FACE,0.9295,"[26,79,180,200]"
Fake/fake_566_aug_0.jpg,FAKE,1,ONE_FACE,0.9355,"[96,64,160,201]"
Fake/fake_566_aug_1.jpg,FAKE,1,ONE_FACE,0.8839,"[76,56,154,183]"
Fake/fake_566_aug_2.jpg,FAKE,1,ONE_FACE,0.9431,"[69,51,161,229]"
Fake/fake_566_aug_3.jpg,FAKE,1,ONE_FACE,0.9389,"[50,44,163,217]"
Fake/fake_566_aug_4.jpg,FAKE,1,ONE_FACE,0.9439,"[67,51,160,222]"
Fake/fake_567_aug_0.jpg,FAKE,1,ONE_FACE,0.9544,"[94,65,174,232]"
Fake/fake_567_aug_1.jpg,FAKE,1,ONE_FACE,0.9512,"[93,66,179,230]"
Fake/fake_567_aug_2.jpg,FAKE,1,ONE_FACE,0.9122,"[31,8,173,201]"
Fake/fake_567_aug_3.jpg,FAKE,1,ONE_FACE,0.9100,"[49,40,182,210]"
Fake/fake_567_aug_4.jpg,FAKE,1,ONE_FACE,0.9090,"[27,27,169,202]"
Fake/fake_568_aug_0.jpg,FAKE,1,ONE_FACE,0.8913,"[43,30,208,259]"
Fake/fake_568_aug_1.jpg,FAKE,1,ONE_FACE,0.8756,"[53,9,209,214]"
Fake/fake_568_aug_2.jpg,FAKE,1,ONE_FACE,0.9502,"[51,43,183,228]"
Fake/fake_568_aug_3.jpg,FAKE,1,ONE_FACE,0.9479,"[19,95,184,219]"
Fake/fake_568_aug_4.jpg,FAKE,1,ONE_FACE,0.8827,"[61,44,211,264]"
Fake/fake_569_aug_0.jpg,FAKE,1,ONE_FACE,0.8716,"[58,30,168,191]"
Fake/fake_569_aug_1.jpg,FAKE,1,ONE_FACE,0.9546,"[42,38,174,210]"
Fake/fake_569_aug_2.jpg,FAKE,1,ONE_FACE,0.9448,"[41,94,169,197]"
Fake/fake_569_aug_3.jpg,FAKE,1,ONE_FACE,0.9115,"[39,40,190,210]"
Fake/fake_569_aug_4.jpg,FAKE,1,ONE_FACE,0.9593,"[67,45,168,222]"
Fake/fake_56_aug_0.jpg,FAKE,1,ONE_FACE,0.8941,"[93,0,186,180]"
Fake/fake_56_aug_1.jpg,FAKE,1,ONE_FACE,0.9590,"[106,5,162,223]"
Fake/fake_56_aug_2.jpg,FAKE,1,ONE_FACE,0.8992,"[63,23,175,213]"
Fake/fake_56_aug_3.jpg,FAKE,1,ONE_FACE,0.8885,"[121,5,168,201]"
Fake/fake_56_aug_4.jpg,FAKE,1,ONE_FACE,0.9546,"[68,55,159,217]"
Fake/fake_570_aug_0.jpg,FAKE,1,ONE_FACE,0.9417,"[57,14,161,218]"
Fake/fake_570_aug_1.jpg,FAKE,1,ONE_FACE,0.9249,"[51,50,174,219]"
Fake/fake_570_aug_2.jpg,FAKE,1,ONE_FACE,0.8806,"[50,59,183,225]"
Fake/fake_570_aug_3.jpg,FAKE,1,ONE_FACE,0.9444,"[64,49,160,214]"
Fake/fake_570_aug_4.jpg,FAKE,1,ONE_FACE,0.8797,"[32,42,196,221]"
Fake/fake_571_aug_0.jpg,FAKE,1,ONE_FACE,0.9501,"[56,37,170,241]"
Fake/fake_571_aug_1.jpg,FAKE,1,ONE_FACE,0.9471,"[43,18,169,229]"
Fake/fake_571_aug_2.jpg,FAKE,1,ONE_FACE,0.9383,"[56,51,174,228]"
Fake/fake_571_aug_3.jpg,FAKE,1,ONE_FACE,0.8579,"[55,37,196,225]"
Fake/fake_571_aug_4.jpg,FAKE,1,ONE_FACE,0.8592,"[65,21,176,252]"
Fake/fake_572_aug_0.jpg,FAKE,1,ONE_FACE,0.8997,"[56,41,184,231]"
Fake/fake_572_aug_1.jpg,FAKE,1,ONE_FACE,0.9366,"[51,19,182,203]"
Fake/fake_572_aug_2.jpg,FAKE,1,ONE_FACE,0.8843,"[88,27,175,228]"
Fake/fake_572_aug_3.jpg,FAKE,1,ONE_FACE,0.8930,"[46,31,187,230]"
Fake/fake_572_aug_4.jpg,FAKE,1,ONE_FACE,0.9492,"[72,56,160,215]"
Fake/fake_573_aug_0.jpg,FAKE,1,ONE_FACE,0.9364,"[16,22,189,221]"
Fake/fake_573_aug_1.jpg,FAKE,1,ONE_FACE,0.9480,"[55,62,169,231]"
Fake/fake_573_aug_2.jpg,FAKE,1,ONE_FACE,0.9028,"[32,37,181,217]"
Fake/fake_573_aug_3.jpg,FAKE,1,ONE_FACE,0.9480,"[2,39,164,226]"
Fake/fake_573_aug_4.jpg,FAKE,1,ONE_FACE,0.8950,"[67,35,181,235]"
Fake/fake_574_aug_0.jpg,FAKE,1,ONE_FACE,0.8845,"[15,77,171,206]"
Fake/fake_574_aug_1.jpg,FAKE,1,ONE_FACE,0.8988,"[67,28,176,215]"
Fake/fake_574_aug_2.jpg,FAKE,1,ONE_FACE,0.8956,"[79,27,173,210]"
Fake/fake_574_aug_3.jpg,FAKE,1,ONE_FACE,0.9611,"[61,48,170,241]"
Fake/fake_574_aug_4.jpg,FAKE,1,ONE_FACE,0.9382,"[76,87,183,217]"
Fake/fake_575_aug_0.jpg,FAKE,1,ONE_FACE,0.8942,"[53,53,185,235]"
Fake/fake_575_aug_1.jpg,FAKE,1,ONE_FACE,0.9118,"[28,10,196,202]"
Fake/fake_575_aug_2.jpg,FAKE,1,ONE_FACE,0.9125,"[59,22,193,226]"
Fake/fake_575_aug_3.jpg,FAKE,1,ONE_FACE,0.9147,"[55,19,185,216]"
Fake/fake_575_aug_4.jpg,FAKE,1,ONE_FACE,0.9529,"[32,28,173,237]"
Fake/fake_576_aug_0.jpg,FAKE,1,ONE_FACE,0.9477,"[42,28,169,215]"
Fake/fake_576_aug_1.jpg,FAKE,1,ONE_FACE,0.8746,"[8,25,181,185]"
Fake/fake_576_aug_2.jpg,FAKE,1,ONE_FACE,0.9502,"[114,94,171,220]"
Fake/fake_576_aug_3.jpg,FAKE,1,ONE_FACE,0.9003,"[82,10,176,223]"
Fake/fake_576_aug_4.jpg,FAKE,1,ONE_FACE,0.8684,"[42,6,173,222]"
Fake/fake_577_aug_0.jpg,FAKE,1,ONE_FACE,0.9576,"[95,74,166,229]"
Fake/fake_577_aug_1.jpg,FAKE,1,ONE_FACE,0.8662,"[90,78,177,204]"
Fake/fake_577_aug_2.jpg,FAKE,1,ONE_FACE,0.9570,"[20,12,177,214]"
Fake/fake_577_aug_3.jpg,FAKE,1,ONE_FACE,0.8794,"[26,9,184,187]"
Fake/fake_577_aug_4.jpg,FAKE,1,ONE_FACE,0.9542,"[56,38,170,230]"
Fake/fake_578_aug_0.jpg,FAKE,1,ONE_FACE,0.9414,"[45,33,167,205]"
Fake/fake_578_aug_1.jpg,FAKE,1,ONE_FACE,0.8981,"[69,16,179,204]"
Fake/fake_578_aug_2.jpg,FAKE,1,ONE_FACE,0.9177,"[63,74,182,226]"
Fake/fake_578_aug_3.jpg,FAKE,1,ONE_FACE,0.9246,"[31,4,184,195]"
Fake/fake_578_aug_4.jpg,FAKE,1,ONE_FACE,0.9100,"[69,18,186,223]"
Fake/fake_579_aug_0.jpg,FAKE,1,ONE_FACE,0.8865,"[21,14,161,200]"
Fake/fake_579_aug_1.jpg,FAKE,1,ONE_FACE,0.8946,"[37,9,163,199]"
Fake/fake_579_aug_2.jpg,FAKE,1,ONE_FACE,0.9401,"[47,32,162,212]"
Fake/fake_579_aug_3.jpg,FAKE,1,ONE_FACE,0.8986,"[67,21,174,213]"
Fake/fake_579_aug_4.jpg,FAKE,1,ONE_FACE,0.9507,"[95,82,157,213]"
Fake/fake_57_aug_0.jpg,FAKE,1,ONE_FACE,0.8533,"[67,26,167,215]"
Fake/fake_57_aug_1.jpg,FAKE,1,ONE_FACE,0.8991,"[26,11,151,185]"
Fake/fake_57_aug_2.jpg,FAKE,1,ONE_FACE,0.8487,"[7,25,143,211]"
Fake/fake_57_aug_3.jpg,FAKE,1,ONE_FACE,0.8666,"[65,40,148,199]"
Fake/fake_57_aug_4.jpg,FAKE,1,ONE_FACE,0.9399,"[95,40,151,223]"
Fake/fake_580_aug_0.jpg,FAKE,1,ONE_FACE,0.8474,"[55,26,206,213]"
Fake/fake_580_aug_1.jpg,FAKE,1,ONE_FACE,0.9484,"[5,46,164,230]"
Fake/fake_580_aug_2.jpg,FAKE,1,ONE_FACE,0.9400,"[113,80,163,220]"
Fake/fake_580_aug_3.jpg,FAKE,1,ONE_FACE,0.9495,"[32,21,164,221]"
Fake/fake_580_aug_4.jpg,FAKE,1,ONE_FACE,0.8582,"[27,48,197,191]"
Fake/fake_581_aug_0.jpg,FAKE,1,ONE_FACE,0.8948,"[55,47,186,225]"
Fake/fake_581_aug_1.jpg,FAKE,1,ONE_FACE,0.9067,"[25,16,183,231]"
Fake/fake_581_aug_2.jpg,FAKE,1,ONE_FACE,0.9497,"[18,1,177,213]"
Fake/fake_581_aug_3.jpg,FAKE,1,ONE_FACE,0.8819,"[55,37,186,219]"
Fake/fake_581_aug_4.jpg,FAKE,1,ONE_FACE,0.9037,"[82,17,178,213]"
Fake/fake_582_aug_0.jpg,FAKE,2,MULTIPLE_FACES,"[0.8988, 0.7032]","[[77, 41, 156, 221], [1, 59, 59, 77]]"
Fake/fake_582_aug_1.jpg,FAKE,2,MULTIPLE_FACES,"[0.889, 0.6467]","[[56, 28, 163, 214], [-1, 33, 41, 87]]"
Fake/fake_582_aug_2.jpg,FAKE,1,ONE_FACE,0.9529,"[37,14,152,213]"
Fake/fake_582_aug_3.jpg,FAKE,1,ONE_FACE,0.9524,"[73,72,152,201]"
Fake/fake_582_aug_4.jpg,FAKE,1,ONE_FACE,0.9014,"[39,61,159,203]"
Fake/fake_583_aug_0.jpg,FAKE,1,ONE_FACE,0.8687,"[23,4,195,155]"
Fake/fake_583_aug_1.jpg,FAKE,1,ONE_FACE,0.8782,"[39,9,185,199]"
Fake/fake_583_aug_2.jpg,FAKE,1,ONE_FACE,0.9491,"[101,29,149,229]"
Fake/fake_583_aug_3.jpg,FAKE,1,ONE_FACE,0.9242,"[24,75,190,221]"
Fake/fake_583_aug_4.jpg,FAKE,1,ONE_FACE,0.9491,"[81,59,181,238]"
Fake/fake_584_aug_0.jpg,FAKE,1,ONE_FACE,0.9494,"[61,36,175,229]"
Fake/fake_584_aug_1.jpg,FAKE,1,ONE_FACE,0.9483,"[78,56,173,225]"
Fake/fake_584_aug_2.jpg,FAKE,1,ONE_FACE,0.9052,"[22,30,176,221]"
Fake/fake_584_aug_3.jpg,FAKE,1,ONE_FACE,0.9017,"[94,51,168,211]"
Fake/fake_584_aug_4.jpg,FAKE,1,ONE_FACE,0.9446,"[16,44,185,212]"
Fake/fake_585_aug_0.jpg,FAKE,1,ONE_FACE,0.9330,"[51,103,187,214]"
Fake/fake_585_aug_1.jpg,FAKE,1,ONE_FACE,0.9482,"[53,49,177,226]"
Fake/fake_585_aug_2.jpg,FAKE,1,ONE_FACE,0.8868,"[-6,20,204,253]"
Fake/fake_585_aug_3.jpg,FAKE,1,ONE_FACE,0.9427,"[65,58,183,212]"
Fake/fake_585_aug_4.jpg,FAKE,1,ONE_FACE,0.8808,"[34,12,223,249]"
Fake/fake_586_aug_0.jpg,FAKE,1,ONE_FACE,0.9435,"[62,13,168,222]"
Fake/fake_586_aug_1.jpg,FAKE,1,ONE_FACE,0.9310,"[84,60,161,210]"
Fake/fake_586_aug_2.jpg,FAKE,1,ONE_FACE,0.9432,"[82,56,162,220]"
Fake/fake_586_aug_3.jpg,FAKE,1,ONE_FACE,0.7708,"[101,32,183,297]"
Fake/fake_586_aug_4.jpg,FAKE,1,ONE_FACE,0.8786,"[29,13,171,240]"
Fake/fake_587_aug_0.jpg,FAKE,1,ONE_FACE,0.9513,"[21,38,171,222]"
Fake/fake_587_aug_1.jpg,FAKE,1,ONE_FACE,0.8568,"[32,19,186,202]"
Fake/fake_587_aug_2.jpg,FAKE,1,ONE_FACE,0.8930,"[121,1,190,185]"
Fake/fake_587_aug_3.jpg,FAKE,1,ONE_FACE,0.9478,"[40,71,171,217]"
Fake/fake_587_aug_4.jpg,FAKE,1,ONE_FACE,0.8613,"[29,5,184,175]"
Fake/fake_588_aug_0.jpg,FAKE,1,ONE_FACE,0.8652,"[52,19,152,241]"
Fake/fake_588_aug_1.jpg,FAKE,1,ONE_FACE,0.9373,"[69,40,144,226]"
Fake/fake_588_aug_2.jpg,FAKE,1,ONE_FACE,0.8662,"[58,6,164,211]"
Fake/fake_588_aug_3.jpg,FAKE,1,ONE_FACE,0.9176,"[38,36,183,216]"
Fake/fake_588_aug_4.jpg,FAKE,1,ONE_FACE,0.9288,"[104,92,157,215]"
Fake/fake_589_aug_0.jpg,FAKE,1,ONE_FACE,0.9508,"[68,43,174,241]"
Fake/fake_589_aug_1.jpg,FAKE,1,ONE_FACE,0.8894,"[43,14,162,203]"
Fake/fake_589_aug_2.jpg,FAKE,1,ONE_FACE,0.9118,"[25,35,176,222]"
Fake/fake_589_aug_3.jpg,FAKE,1,ONE_FACE,0.8760,"[80,58,170,210]"
Fake/fake_589_aug_4.jpg,FAKE,1,ONE_FACE,0.9015,"[52,23,175,216]"
Fake/fake_58_aug_0.jpg,FAKE,1,ONE_FACE,0.9410,"[78,59,182,212]"
Fake/fake_58_aug_1.jpg,FAKE,1,ONE_FACE,0.8450,"[118,17,151,204]"
Fake/fake_58_aug_2.jpg,FAKE,1,ONE_FACE,0.7703,"[19,16,203,253]"
Fake/fake_58_aug_3.jpg,FAKE,1,ONE_FACE,0.9440,"[82,51,175,221]"
Fake/fake_58_aug_4.jpg,FAKE,1,ONE_FACE,0.8800,"[66,22,175,224]"
Fake/fake_590_aug_0.jpg,FAKE,1,ONE_FACE,0.8975,"[47,9,182,228]"
Fake/fake_590_aug_1.jpg,FAKE,1,ONE_FACE,0.8878,"[44,13,188,238]"
Fake/fake_590_aug_2.jpg,FAKE,1,ONE_FACE,0.8937,"[118,64,184,215]"
Fake/fake_590_aug_3.jpg,FAKE,1,ONE_FACE,0.8947,"[24,-1,193,227]"
Fake/fake_590_aug_4.jpg,FAKE,1,ONE_FACE,0.9428,"[0,49,166,222]"
Fake/fake_591_aug_0.jpg,FAKE,1,ONE_FACE,0.6452,"[74,36,208,224]"
Fake/fake_591_aug_1.jpg,FAKE,1,ONE_FACE,0.9318,"[1,48,139,217]"
Fake/fake_591_aug_2.jpg,FAKE,1,ONE_FACE,0.7766,"[22,46,219,204]"
Fake/fake_591_aug_3.jpg,FAKE,1,ONE_FACE,0.8402,"[75,18,198,241]"
Fake/fake_591_aug_4.jpg,FAKE,1,ONE_FACE,0.8664,"[6,12,191,202]"
Fake/fake_592_aug_0.jpg,FAKE,1,ONE_FACE,0.9360,"[64,43,150,220]"
Fake/fake_592_aug_1.jpg,FAKE,1,ONE_FACE,0.8386,"[55,27,219,205]"
Fake/fake_592_aug_2.jpg,FAKE,1,ONE_FACE,0.8903,"[64,25,174,241]"
Fake/fake_592_aug_3.jpg,FAKE,1,ONE_FACE,0.9321,"[41,37,179,229]"
Fake/fake_592_aug_4.jpg,FAKE,1,ONE_FACE,0.8684,"[19,5,177,208]"
Fake/fake_593_aug_0.jpg,FAKE,1,ONE_FACE,0.9314,"[69,59,184,206]"
Fake/fake_593_aug_1.jpg,FAKE,1,ONE_FACE,0.9412,"[91,80,173,211]"
Fake/fake_593_aug_2.jpg,FAKE,1,ONE_FACE,0.9433,"[52,49,180,213]"
Fake/fake_593_aug_3.jpg,FAKE,1,ONE_FACE,0.9433,"[113,42,161,225]"
Fake/fake_593_aug_4.jpg,FAKE,1,ONE_FACE,0.9453,"[43,39,167,228]"
Fake/fake_594_aug_0.jpg,FAKE,1,ONE_FACE,0.9411,"[48,93,166,212]"
Fake/fake_594_aug_1.jpg,FAKE,1,ONE_FACE,0.9510,"[19,14,177,221]"
Fake/fake_594_aug_2.jpg,FAKE,1,ONE_FACE,0.9070,"[71,23,186,244]"
Fake/fake_594_aug_3.jpg,FAKE,1,ONE_FACE,0.9309,"[67,69,181,216]"
Fake/fake_594_aug_4.jpg,FAKE,1,ONE_FACE,0.9162,"[87,5,179,203]"
Fake/fake_595_aug_0.jpg,FAKE,1,ONE_FACE,0.9274,"[72,66,169,196]"
Fake/fake_595_aug_1.jpg,FAKE,1,ONE_FACE,0.9479,"[36,85,165,216]"
Fake/fake_595_aug_2.jpg,FAKE,1,ONE_FACE,0.9365,"[30,36,195,213]"
Fake/fake_595_aug_3.jpg,FAKE,1,ONE_FACE,0.9372,"[29,42,173,225]"
Fake/fake_595_aug_4.jpg,FAKE,1,ONE_FACE,0.8678,"[23,21,172,211]"
Fake/fake_596_aug_0.jpg,FAKE,1,ONE_FACE,0.9604,"[53,48,171,232]"
Fake/fake_596_aug_1.jpg,FAKE,1,ONE_FACE,0.9576,"[65,48,175,234]"
Fake/fake_596_aug_2.jpg,FAKE,1,ONE_FACE,0.9564,"[27,83,179,215]"
Fake/fake_596_aug_3.jpg,FAKE,1,ONE_FACE,0.9045,"[103,59,189,211]"
Fake/fake_596_aug_4.jpg,FAKE,1,ONE_FACE,0.9004,"[106,43,180,226]"
Fake/fake_597_aug_0.jpg,FAKE,1,ONE_FACE,0.9478,"[48,44,159,224]"
Fake/fake_597_aug_1.jpg,FAKE,1,ONE_FACE,0.8356,"[37,46,163,189]"
Fake/fake_597_aug_2.jpg,FAKE,1,ONE_FACE,0.8807,"[44,8,160,201]"
Fake/fake_597_aug_3.jpg,FAKE,1,ONE_FACE,0.8818,"[66,24,163,225]"
Fake/fake_597_aug_4.jpg,FAKE,1,ONE_FACE,0.9515,"[45,26,162,229]"
Fake/fake_598_aug_0.jpg,FAKE,1,ONE_FACE,0.9471,"[54,39,175,251]"
Fake/fake_598_aug_1.jpg,FAKE,1,ONE_FACE,0.9453,"[52,44,174,245]"
Fake/fake_598_aug_2.jpg,FAKE,1,ONE_FACE,0.9033,"[52,45,172,250]"
Fake/fake_598_aug_3.jpg,FAKE,1,ONE_FACE,0.8697,"[50,36,198,230]"
Fake/fake_598_aug_4.jpg,FAKE,1,ONE_FACE,0.8985,"[58,30,170,262]"
Fake/fake_599_aug_0.jpg,FAKE,1,ONE_FACE,0.9563,"[84,73,176,236]"
Fake/fake_599_aug_1.jpg,FAKE,1,ONE_FACE,0.9081,"[25,17,177,209]"
Fake/fake_599_aug_2.jpg,FAKE,1,ONE_FACE,0.8923,"[87,57,175,226]"
Fake/fake_599_aug_3.jpg,FAKE,1,ONE_FACE,0.9634,"[21,1,171,208]"
Fake/fake_599_aug_4.jpg,FAKE,1,ONE_FACE,0.9442,"[17,68,178,193]"
Fake/fake_59_aug_0.jpg,FAKE,1,ONE_FACE,0.9064,"[121,23,160,236]"
Fake/fake_59_aug_1.jpg,FAKE,1,ONE_FACE,0.9137,"[54,28,148,216]"
Fake/fake_59_aug_2.jpg,FAKE,1,ONE_FACE,0.9265,"[59,53,169,225]"
Fake/fake_59_aug_3.jpg,FAKE,1,ONE_FACE,0.9112,"[24,21,150,191]"
Fake/fake_59_aug_4.jpg,FAKE,1,ONE_FACE,0.9446,"[36,69,155,220]"
Fake/fake_5_aug_0.jpg,FAKE,1,ONE_FACE,0.9449,"[25,65,183,233]"
Fake/fake_5_aug_1.jpg,FAKE,1,ONE_FACE,0.9350,"[47,34,205,230]"
Fake/fake_5_aug_2.jpg,FAKE,1,ONE_FACE,0.8670,"[28,13,209,261]"
Fake/fake_5_aug_3.jpg,FAKE,1,ONE_FACE,0.8855,"[8,28,211,269]"
Fake/fake_5_aug_4.jpg,FAKE,1,ONE_FACE,0.8270,"[6,7,225,263]"
Fake/fake_600_aug_0.jpg,FAKE,1,ONE_FACE,0.8835,"[61,43,168,215]"
Fake/fake_600_aug_1.jpg,FAKE,1,ONE_FACE,0.8979,"[74,51,167,217]"
Fake/fake_600_aug_2.jpg,FAKE,1,ONE_FACE,0.8754,"[8,17,172,211]"
Fake/fake_600_aug_3.jpg,FAKE,1,ONE_FACE,0.8905,"[71,18,192,243]"
Fake/fake_600_aug_4.jpg,FAKE,1,ONE_FACE,0.9334,"[10,2,167,187]"
Fake/fake_601_aug_0.jpg,FAKE,1,ONE_FACE,0.9496,"[67,59,163,214]"
Fake/fake_601_aug_1.jpg,FAKE,1,ONE_FACE,0.8977,"[80,50,170,212]"
Fake/fake_601_aug_2.jpg,FAKE,1,ONE_FACE,0.8902,"[29,2,197,215]"
Fake/fake_601_aug_3.jpg,FAKE,1,ONE_FACE,0.8893,"[3,56,177,207]"
Fake/fake_601_aug_4.jpg,FAKE,1,ONE_FACE,0.9513,"[49,34,168,237]"
Fake/fake_602_aug_0.jpg,FAKE,1,ONE_FACE,0.8864,"[69,24,160,205]"
Fake/fake_602_aug_1.jpg,FAKE,1,ONE_FACE,0.9394,"[119,97,163,211]"
Fake/fake_602_aug_2.jpg,FAKE,1,ONE_FACE,0.9493,"[59,49,165,220]"
Fake/fake_602_aug_3.jpg,FAKE,1,ONE_FACE,0.9290,"[39,23,168,195]"
Fake/fake_602_aug_4.jpg,FAKE,1,ONE_FACE,0.9428,"[81,62,167,218]"
Fake/fake_603_aug_0.jpg,FAKE,1,ONE_FACE,0.9439,"[28,50,161,215]"
Fake/fake_603_aug_1.jpg,FAKE,1,ONE_FACE,0.9396,"[56,34,162,218]"
Fake/fake_603_aug_2.jpg,FAKE,1,ONE_FACE,0.8968,"[68,40,169,202]"
Fake/fake_603_aug_3.jpg,FAKE,1,ONE_FACE,0.9460,"[52,46,164,221]"
Fake/fake_603_aug_4.jpg,FAKE,1,ONE_FACE,0.8907,"[34,0,163,174]"
Fake/fake_604_aug_0.jpg,FAKE,1,ONE_FACE,0.9501,"[23,31,178,236]"
Fake/fake_604_aug_1.jpg,FAKE,1,ONE_FACE,0.8607,"[9,8,177,202]"
Fake/fake_604_aug_2.jpg,FAKE,1,ONE_FACE,0.9530,"[88,44,178,227]"
Fake/fake_604_aug_3.jpg,FAKE,1,ONE_FACE,0.9367,"[37,29,175,232]"
Fake/fake_604_aug_4.jpg,FAKE,1,ONE_FACE,0.9535,"[62,44,168,231]"
Fake/fake_605_aug_0.jpg,FAKE,1,ONE_FACE,0.9051,"[101,11,197,242]"
Fake/fake_605_aug_1.jpg,FAKE,1,ONE_FACE,0.9508,"[73,16,178,256]"
Fake/fake_605_aug_2.jpg,FAKE,1,ONE_FACE,0.8883,"[57,19,189,276]"
Fake/fake_605_aug_3.jpg,FAKE,1,ONE_FACE,0.9405,"[52,39,198,264]"
Fake/fake_605_aug_4.jpg,FAKE,1,ONE_FACE,0.9464,"[24,17,192,256]"
Fake/fake_606_aug_0.jpg,FAKE,1,ONE_FACE,0.9141,"[63,16,198,236]"
Fake/fake_606_aug_1.jpg,FAKE,1,ONE_FACE,0.9454,"[79,30,189,212]"
Fake/fake_606_aug_2.jpg,FAKE,1,ONE_FACE,0.9007,"[7,26,200,228]"
Fake/fake_606_aug_3.jpg,FAKE,1,ONE_FACE,0.9521,"[29,31,173,237]"
Fake/fake_606_aug_4.jpg,FAKE,1,ONE_FACE,0.9116,"[17,28,169,222]"
Fake/fake_607_aug_0.jpg,FAKE,1,ONE_FACE,0.8715,"[99,43,169,208]"
Fake/fake_607_aug_1.jpg,FAKE,1,ONE_FACE,0.8863,"[93,42,173,188]"
Fake/fake_607_aug_2.jpg,FAKE,1,ONE_FACE,0.9443,"[55,97,184,214]"
Fake/fake_607_aug_3.jpg,FAKE,1,ONE_FACE,0.9011,"[121,28,178,185]"
Fake/fake_607_aug_4.jpg,FAKE,1,ONE_FACE,0.9039,"[63,12,168,191]"
Fake/fake_608_aug_0.jpg,FAKE,1,ONE_FACE,0.8726,"[47,4,165,196]"
Fake/fake_608_aug_1.jpg,FAKE,1,ONE_FACE,0.7953,"[96,3,137,189]"
Fake/fake_608_aug_2.jpg,FAKE,1,ONE_FACE,0.9405,"[50,59,169,223]"
Fake/fake_608_aug_3.jpg,FAKE,1,ONE_FACE,0.9325,"[0,14,165,209]"
Fake/fake_608_aug_4.jpg,FAKE,1,ONE_FACE,0.9452,"[40,22,166,231]"
Fake/fake_609_aug_0.jpg,FAKE,1,ONE_FACE,0.8505,"[68,15,192,230]"
Fake/fake_609_aug_1.jpg,FAKE,1,ONE_FACE,0.8663,"[43,71,202,232]"
Fake/fake_609_aug_2.jpg,FAKE,1,ONE_FACE,0.9463,"[71,54,167,224]"
Fake/fake_609_aug_3.jpg,FAKE,1,ONE_FACE,0.9335,"[81,75,195,224]"
Fake/fake_609_aug_4.jpg,FAKE,1,ONE_FACE,0.8856,"[9,10,197,230]"
Fake/fake_60_aug_0.jpg,FAKE,1,ONE_FACE,0.9441,"[31,94,176,214]"
Fake/fake_60_aug_1.jpg,FAKE,1,ONE_FACE,0.9034,"[46,34,181,213]"
Fake/fake_60_aug_2.jpg,FAKE,1,ONE_FACE,0.8978,"[61,50,178,207]"
Fake/fake_60_aug_3.jpg,FAKE,1,ONE_FACE,0.9556,"[30,-2,170,209]"
Fake/fake_60_aug_4.jpg,FAKE,1,ONE_FACE,0.9043,"[1,13,166,194]"
Fake/fake_610_aug_0.jpg,FAKE,1,ONE_FACE,0.9543,"[77,39,178,228]"
Fake/fake_610_aug_1.jpg,FAKE,1,ONE_FACE,0.9611,"[51,35,182,251]"
Fake/fake_610_aug_2.jpg,FAKE,1,ONE_FACE,0.9009,"[34,25,166,200]"
Fake/fake_610_aug_3.jpg,FAKE,1,ONE_FACE,0.9616,"[27,17,181,250]"
Fake/fake_610_aug_4.jpg,FAKE,1,ONE_FACE,0.9577,"[11,6,184,222]"
Fake/fake_611_aug_0.jpg,FAKE,1,ONE_FACE,0.9397,"[60,63,179,200]"
Fake/fake_611_aug_1.jpg,FAKE,1,ONE_FACE,0.8989,"[28,77,201,207]"
Fake/fake_611_aug_2.jpg,FAKE,1,ONE_FACE,0.9497,"[81,61,193,235]"
Fake/fake_611_aug_3.jpg,FAKE,1,ONE_FACE,0.9142,"[63,30,201,200]"
Fake/fake_611_aug_4.jpg,FAKE,1,ONE_FACE,0.9482,"[10,28,181,227]"
Fake/fake_612_aug_0.jpg,FAKE,1,ONE_FACE,0.8976,"[0,0,166,161]"
Fake/fake_612_aug_1.jpg,FAKE,1,ONE_FACE,0.8792,"[94,51,177,228]"
Fake/fake_612_aug_2.jpg,FAKE,1,ONE_FACE,0.8718,"[35,19,174,262]"
Fake/fake_612_aug_3.jpg,FAKE,1,ONE_FACE,0.8919,"[33,9,174,236]"
Fake/fake_612_aug_4.jpg,FAKE,1,ONE_FACE,0.8353,"[15,61,175,225]"
Fake/fake_613_aug_0.jpg,FAKE,1,ONE_FACE,0.9455,"[23,10,170,214]"
Fake/fake_613_aug_1.jpg,FAKE,1,ONE_FACE,0.9211,"[35,3,167,202]"
Fake/fake_613_aug_2.jpg,FAKE,1,ONE_FACE,0.9259,"[54,45,192,222]"
Fake/fake_613_aug_3.jpg,FAKE,1,ONE_FACE,0.8732,"[67,27,173,237]"
Fake/fake_613_aug_4.jpg,FAKE,1,ONE_FACE,0.9470,"[43,12,164,247]"
Fake/fake_614_aug_0.jpg,FAKE,1,ONE_FACE,0.9545,"[18,45,182,241]"
Fake/fake_614_aug_1.jpg,FAKE,1,ONE_FACE,0.9530,"[49,45,185,247]"
Fake/fake_614_aug_2.jpg,FAKE,1,ONE_FACE,0.8945,"[24,13,212,222]"
Fake/fake_614_aug_3.jpg,FAKE,1,ONE_FACE,0.8640,"[-1,3,190,201]"
Fake/fake_614_aug_4.jpg,FAKE,1,ONE_FACE,0.9396,"[97,33,184,244]"
Fake/fake_615_aug_0.jpg,FAKE,1,ONE_FACE,0.9547,"[65,43,167,217]"
Fake/fake_615_aug_1.jpg,FAKE,1,ONE_FACE,0.9001,"[128,22,176,218]"
Fake/fake_615_aug_2.jpg,FAKE,1,ONE_FACE,0.9395,"[107,43,185,215]"
Fake/fake_615_aug_3.jpg,FAKE,1,ONE_FACE,0.9554,"[87,80,169,215]"
Fake/fake_615_aug_4.jpg,FAKE,1,ONE_FACE,0.9011,"[55,30,169,208]"
Fake/fake_616_aug_0.jpg,FAKE,1,ONE_FACE,0.9599,"[21,32,173,221]"
Fake/fake_616_aug_1.jpg,FAKE,1,ONE_FACE,0.9040,"[47,16,176,220]"
Fake/fake_616_aug_2.jpg,FAKE,1,ONE_FACE,0.9112,"[78,1,177,205]"
Fake/fake_616_aug_3.jpg,FAKE,1,ONE_FACE,0.9091,"[63,33,191,201]"
Fake/fake_616_aug_4.jpg,FAKE,1,ONE_FACE,0.9075,"[57,16,172,231]"
Fake/fake_617_aug_0.jpg,FAKE,1,ONE_FACE,0.9080,"[30,3,179,207]"
Fake/fake_617_aug_1.jpg,FAKE,1,ONE_FACE,0.9020,"[29,29,181,225]"
Fake/fake_617_aug_2.jpg,FAKE,1,ONE_FACE,0.9172,"[34,9,196,233]"
Fake/fake_617_aug_3.jpg,FAKE,1,ONE_FACE,0.9446,"[41,24,185,239]"
Fake/fake_617_aug_4.jpg,FAKE,1,ONE_FACE,0.9463,"[69,49,174,236]"
Fake/fake_618_aug_0.jpg,FAKE,1,ONE_FACE,0.8631,"[22,24,203,256]"
Fake/fake_618_aug_1.jpg,FAKE,1,ONE_FACE,0.9423,"[75,79,167,230]"
Fake/fake_618_aug_2.jpg,FAKE,1,ONE_FACE,0.6791,"[19,7,202,269]"
Fake/fake_618_aug_3.jpg,FAKE,1,ONE_FACE,0.9301,"[24,25,182,238]"
Fake/fake_618_aug_4.jpg,FAKE,1,ONE_FACE,0.9401,"[43,42,167,237]"
Fake/fake_619_aug_0.jpg,FAKE,1,ONE_FACE,0.9406,"[34,41,173,224]"
Fake/fake_619_aug_1.jpg,FAKE,1,ONE_FACE,0.9346,"[48,66,178,209]"
Fake/fake_619_aug_2.jpg,FAKE,1,ONE_FACE,0.9341,"[37,22,206,226]"
Fake/fake_619_aug_3.jpg,FAKE,1,ONE_FACE,0.9463,"[71,51,193,236]"
Fake/fake_619_aug_4.jpg,FAKE,1,ONE_FACE,0.8974,"[34,55,197,220]"
Fake/fake_61_aug_0.jpg,FAKE,1,ONE_FACE,0.9087,"[35,4,170,199]"
Fake/fake_61_aug_1.jpg,FAKE,1,ONE_FACE,0.9357,"[87,73,184,207]"
Fake/fake_61_aug_2.jpg,FAKE,1,ONE_FACE,0.9013,"[3,33,156,196]"
Fake/fake_61_aug_3.jpg,FAKE,1,ONE_FACE,0.9509,"[66,52,160,209]"
Fake/fake_61_aug_4.jpg,FAKE,1,ONE_FACE,0.9076,"[63,20,176,211]"
Fake/fake_620_aug_0.jpg,FAKE,1,ONE_FACE,0.8628,"[38,20,169,233]"
Fake/fake_620_aug_1.jpg,FAKE,1,ONE_FACE,0.8564,"[62,10,171,212]"
Fake/fake_620_aug_2.jpg,FAKE,1,ONE_FACE,0.8621,"[103,3,176,183]"
Fake/fake_620_aug_3.jpg,FAKE,1,ONE_FACE,0.9443,"[80,48,163,209]"
Fake/fake_620_aug_4.jpg,FAKE,1,ONE_FACE,0.8727,"[30,17,161,190]"
Fake/fake_621_aug_0.jpg,FAKE,1,ONE_FACE,0.9329,"[95,57,171,231]"
Fake/fake_621_aug_1.jpg,FAKE,1,ONE_FACE,0.9343,"[101,63,164,238]"
Fake/fake_621_aug_2.jpg,FAKE,1,ONE_FACE,0.9026,"[111,37,157,226]"
Fake/fake_621_aug_3.jpg,FAKE,1,ONE_FACE,0.9403,"[21,26,165,226]"
Fake/fake_621_aug_4.jpg,FAKE,1,ONE_FACE,0.9356,"[47,109,158,221]"
Fake/fake_622_aug_0.jpg,FAKE,1,ONE_FACE,0.9414,"[69,91,175,206]"
Fake/fake_622_aug_1.jpg,FAKE,1,ONE_FACE,0.8928,"[25,11,197,199]"
Fake/fake_622_aug_2.jpg,FAKE,1,ONE_FACE,0.9431,"[50,59,176,214]"
Fake/fake_622_aug_3.jpg,FAKE,1,ONE_FACE,0.8914,"[23,22,186,231]"
Fake/fake_622_aug_4.jpg,FAKE,1,ONE_FACE,0.8307,"[40,47,206,187]"
Fake/fake_623_aug_0.jpg,FAKE,1,ONE_FACE,0.9013,"[23,12,186,246]"
Fake/fake_623_aug_1.jpg,FAKE,1,ONE_FACE,0.9536,"[54,35,174,237]"
Fake/fake_623_aug_2.jpg,FAKE,1,ONE_FACE,0.9507,"[59,52,184,213]"
Fake/fake_623_aug_3.jpg,FAKE,1,ONE_FACE,0.9572,"[68,32,171,240]"
Fake/fake_623_aug_4.jpg,FAKE,1,ONE_FACE,0.9463,"[77,89,181,228]"
Fake/fake_624_aug_0.jpg,FAKE,1,ONE_FACE,0.9451,"[62,0,171,202]"
Fake/fake_624_aug_1.jpg,FAKE,1,ONE_FACE,0.9395,"[48,57,176,226]"
Fake/fake_624_aug_2.jpg,FAKE,1,ONE_FACE,0.9389,"[81,91,177,207]"
Fake/fake_624_aug_3.jpg,FAKE,1,ONE_FACE,0.9544,"[21,55,170,224]"
Fake/fake_624_aug_4.jpg,FAKE,1,ONE_FACE,0.9553,"[84,13,167,224]"
Fake/fake_625_aug_0.jpg,FAKE,1,ONE_FACE,0.8982,"[95,32,181,220]"
Fake/fake_625_aug_1.jpg,FAKE,1,ONE_FACE,0.9569,"[24,42,171,229]"
Fake/fake_625_aug_2.jpg,FAKE,1,ONE_FACE,0.9525,"[91,65,170,231]"
Fake/fake_625_aug_3.jpg,FAKE,1,ONE_FACE,0.9157,"[7,9,189,214]"
Fake/fake_625_aug_4.jpg,FAKE,1,ONE_FACE,0.9599,"[67,45,162,240]"
Fake/fake_626_aug_0.jpg,FAKE,1,ONE_FACE,0.9359,"[2,36,166,199]"
Fake/fake_626_aug_1.jpg,FAKE,1,ONE_FACE,0.9500,"[38,56,171,225]"
Fake/fake_626_aug_2.jpg,FAKE,1,ONE_FACE,0.8795,"[53,56,209,221]"
Fake/fake_626_aug_3.jpg,FAKE,1,ONE_FACE,0.9309,"[38,52,187,219]"
Fake/fake_626_aug_4.jpg,FAKE,1,ONE_FACE,0.9390,"[62,50,191,223]"
Fake/fake_627_aug_0.jpg,FAKE,1,ONE_FACE,0.9419,"[5,63,161,202]"
Fake/fake_627_aug_1.jpg,FAKE,1,ONE_FACE,0.9362,"[32,32,186,214]"
Fake/fake_627_aug_2.jpg,FAKE,1,ONE_FACE,0.8949,"[75,94,174,209]"
Fake/fake_627_aug_3.jpg,FAKE,1,ONE_FACE,0.9042,"[42,25,170,211]"
Fake/fake_627_aug_4.jpg,FAKE,1,ONE_FACE,0.9095,"[89,88,169,201]"
Fake/fake_628_aug_0.jpg,FAKE,1,ONE_FACE,0.9335,"[58,49,186,216]"
Fake/fake_628_aug_1.jpg,FAKE,1,ONE_FACE,0.9439,"[54,38,179,214]"
Fake/fake_628_aug_2.jpg,FAKE,1,ONE_FACE,0.9340,"[33,28,187,206]"
Fake/fake_628_aug_3.jpg,FAKE,1,ONE_FACE,0.9034,"[84,62,188,214]"
Fake/fake_628_aug_4.jpg,FAKE,1,ONE_FACE,0.9129,"[55,12,189,232]"
Fake/fake_629_aug_0.jpg,FAKE,1,ONE_FACE,0.9447,"[47,39,157,216]"
Fake/fake_629_aug_1.jpg,FAKE,1,ONE_FACE,0.8527,"[32,4,167,178]"
Fake/fake_629_aug_2.jpg,FAKE,1,ONE_FACE,0.8675,"[73,26,165,217]"
Fake/fake_629_aug_3.jpg,FAKE,1,ONE_FACE,0.8782,"[42,17,177,200]"
Fake/fake_629_aug_4.jpg,FAKE,1,ONE_FACE,0.9479,"[46,34,153,208]"
Fake/fake_62_aug_0.jpg,FAKE,1,ONE_FACE,0.8948,"[50,20,170,214]"
Fake/fake_62_aug_1.jpg,FAKE,1,ONE_FACE,0.9004,"[47,18,165,226]"
Fake/fake_62_aug_2.jpg,FAKE,1,ONE_FACE,0.8901,"[52,24,174,230]"
Fake/fake_62_aug_3.jpg,FAKE,1,ONE_FACE,0.9487,"[20,10,173,215]"
Fake/fake_62_aug_4.jpg,FAKE,1,ONE_FACE,0.9508,"[112,46,161,234]"
Fake/fake_630_aug_0.jpg,FAKE,1,ONE_FACE,0.9249,"[67,65,166,192]"
Fake/fake_630_aug_1.jpg,FAKE,1,ONE_FACE,0.9468,"[71,67,155,201]"
Fake/fake_630_aug_2.jpg,FAKE,1,ONE_FACE,0.9444,"[89,86,159,202]"
Fake/fake_630_aug_3.jpg,FAKE,1,ONE_FACE,0.9440,"[62,64,165,202]"
Fake/fake_630_aug_4.jpg,FAKE,1,ONE_FACE,0.8652,"[91,33,195,254]"
Fake/fake_631_aug_0.jpg,FAKE,1,ONE_FACE,0.8996,"[96,24,158,227]"
Fake/fake_631_aug_1.jpg,FAKE,1,ONE_FACE,0.9370,"[68,60,160,220]"
Fake/fake_631_aug_2.jpg,FAKE,1,ONE_FACE,0.9368,"[53,49,164,218]"
Fake/fake_631_aug_3.jpg,FAKE,1,ONE_FACE,0.9103,"[35,36,186,204]"
Fake/fake_631_aug_4.jpg,FAKE,1,ONE_FACE,0.9037,"[113,69,164,196]"
Fake/fake_632_aug_0.jpg,FAKE,1,ONE_FACE,0.9110,"[63,8,177,180]"
Fake/fake_632_aug_1.jpg,FAKE,1,ONE_FACE,0.9003,"[67,19,178,214]"
Fake/fake_632_aug_2.jpg,FAKE,1,ONE_FACE,0.9037,"[61,84,174,194]"
Fake/fake_632_aug_3.jpg,FAKE,1,ONE_FACE,0.8991,"[99,8,177,191]"
Fake/fake_632_aug_4.jpg,FAKE,1,ONE_FACE,0.9519,"[85,28,157,223]"
Fake/fake_633_aug_0.jpg,FAKE,1,ONE_FACE,0.9473,"[55,53,172,228]"
Fake/fake_633_aug_1.jpg,FAKE,1,ONE_FACE,0.9541,"[63,17,167,226]"
Fake/fake_633_aug_2.jpg,FAKE,1,ONE_FACE,0.8699,"[28,28,182,191]"
Fake/fake_633_aug_3.jpg,FAKE,1,ONE_FACE,0.9051,"[65,30,178,224]"
Fake/fake_633_aug_4.jpg,FAKE,1,ONE_FACE,0.9479,"[43,32,168,236]"
Fake/fake_634_aug_0.jpg,FAKE,1,ONE_FACE,0.9081,"[27,18,180,223]"
Fake/fake_634_aug_1.jpg,FAKE,1,ONE_FACE,0.9397,"[68,47,167,217]"
Fake/fake_634_aug_2.jpg,FAKE,1,ONE_FACE,0.9098,"[28,62,181,225]"
Fake/fake_634_aug_3.jpg,FAKE,1,ONE_FACE,0.8912,"[94,54,192,245]"
Fake/fake_634_aug_4.jpg,FAKE,1,ONE_FACE,0.9022,"[118,58,190,250]"
Fake/fake_635_aug_0.jpg,FAKE,1,ONE_FACE,0.9154,"[86,2,179,218]"
Fake/fake_635_aug_1.jpg,FAKE,1,ONE_FACE,0.9480,"[50,88,183,233]"
Fake/fake_635_aug_2.jpg,FAKE,1,ONE_FACE,0.9482,"[83,61,181,223]"
Fake/fake_635_aug_3.jpg,FAKE,1,ONE_FACE,0.9225,"[12,67,192,198]"
Fake/fake_635_aug_4.jpg,FAKE,1,ONE_FACE,0.9195,"[43,21,178,203]"
Fake/fake_636_aug_0.jpg,FAKE,1,ONE_FACE,0.9451,"[48,38,177,231]"
Fake/fake_636_aug_1.jpg,FAKE,1,ONE_FACE,0.8427,"[81,103,186,220]"
Fake/fake_636_aug_2.jpg,FAKE,1,ONE_FACE,0.9247,"[98,61,199,236]"
Fake/fake_636_aug_3.jpg,FAKE,1,ONE_FACE,0.9326,"[61,54,178,224]"
Fake/fake_636_aug_4.jpg,FAKE,1,ONE_FACE,0.8642,"[75,56,206,244]"
Fake/fake_637_aug_0.jpg,FAKE,1,ONE_FACE,0.9493,"[82,42,181,252]"
Fake/fake_637_aug_1.jpg,FAKE,1,ONE_FACE,0.9456,"[50,57,181,248]"
Fake/fake_637_aug_2.jpg,FAKE,1,ONE_FACE,0.9426,"[6,4,183,253]"
Fake/fake_637_aug_3.jpg,FAKE,1,ONE_FACE,0.9491,"[99,0,157,235]"
Fake/fake_637_aug_4.jpg,FAKE,1,ONE_FACE,0.9372,"[10,66,167,242]"
Fake/fake_638_aug_0.jpg,FAKE,1,ONE_FACE,0.8955,"[33,24,160,213]"
Fake/fake_638_aug_1.jpg,FAKE,1,ONE_FACE,0.9550,"[69,55,166,221]"
Fake/fake_638_aug_2.jpg,FAKE,1,ONE_FACE,0.8967,"[5,10,176,191]"
Fake/fake_638_aug_3.jpg,FAKE,1,ONE_FACE,0.8925,"[95,61,174,205]"
Fake/fake_638_aug_4.jpg,FAKE,1,ONE_FACE,0.9386,"[57,57,172,207]"
Fake/fake_639_aug_0.jpg,FAKE,1,ONE_FACE,0.9399,"[74,61,182,210]"
Fake/fake_639_aug_1.jpg,FAKE,1,ONE_FACE,0.8572,"[70,35,186,220]"
Fake/fake_639_aug_2.jpg,FAKE,1,ONE_FACE,0.9352,"[38,94,161,217]"
Fake/fake_639_aug_3.jpg,FAKE,1,ONE_FACE,0.9514,"[57,53,169,227]"
Fake/fake_639_aug_4.jpg,FAKE,1,ONE_FACE,0.8646,"[66,22,183,226]"
Fake/fake_63_aug_0.jpg,FAKE,1,ONE_FACE,0.8983,"[59,44,162,241]"
Fake/fake_63_aug_1.jpg,FAKE,1,ONE_FACE,0.9506,"[78,30,169,234]"
Fake/fake_63_aug_2.jpg,FAKE,1,ONE_FACE,0.9331,"[28,35,202,227]"
Fake/fake_63_aug_3.jpg,FAKE,1,ONE_FACE,0.9129,"[35,14,161,229]"
Fake/fake_63_aug_4.jpg,FAKE,1,ONE_FACE,0.9643,"[67,0,166,242]"
Fake/fake_640_aug_0.jpg,FAKE,1,ONE_FACE,0.9023,"[16,76,179,222]"
Fake/fake_640_aug_1.jpg,FAKE,1,ONE_FACE,0.9529,"[79,11,178,260]"
Fake/fake_640_aug_2.jpg,FAKE,1,ONE_FACE,0.9103,"[36,18,187,212]"
Fake/fake_640_aug_3.jpg,FAKE,1,ONE_FACE,0.9023,"[12,1,214,186]"
Fake/fake_640_aug_4.jpg,FAKE,1,ONE_FACE,0.9396,"[37,32,206,237]"
Fake/fake_641_aug_0.jpg,FAKE,1,ONE_FACE,0.9576,"[58,58,168,218]"
Fake/fake_641_aug_1.jpg,FAKE,1,ONE_FACE,0.9573,"[44,41,160,225]"
Fake/fake_641_aug_2.jpg,FAKE,1,ONE_FACE,0.8815,"[56,45,171,213]"
Fake/fake_641_aug_3.jpg,FAKE,1,ONE_FACE,0.9421,"[19,34,181,211]"
Fake/fake_641_aug_4.jpg,FAKE,1,ONE_FACE,0.8939,"[46,43,186,206]"
Fake/fake_642_aug_0.jpg,FAKE,1,ONE_FACE,0.9527,"[100,63,160,226]"
Fake/fake_642_aug_1.jpg,FAKE,1,ONE_FACE,0.9588,"[64,41,165,229]"
Fake/fake_642_aug_2.jpg,FAKE,1,ONE_FACE,0.8967,"[77,30,169,217]"
Fake/fake_642_aug_3.jpg,FAKE,1,ONE_FACE,0.8967,"[50,22,178,206]"
Fake/fake_642_aug_4.jpg,FAKE,1,ONE_FACE,0.8830,"[62,62,169,220]"
Fake/fake_643_aug_0.jpg,FAKE,1,ONE_FACE,0.9534,"[47,0,164,210]"
Fake/fake_643_aug_1.jpg,FAKE,1,ONE_FACE,0.9521,"[80,34,172,232]"
Fake/fake_643_aug_2.jpg,FAKE,1,ONE_FACE,0.9485,"[40,21,167,227]"
Fake/fake_643_aug_3.jpg,FAKE,1,ONE_FACE,0.9551,"[21,0,171,217]"
Fake/fake_643_aug_4.jpg,FAKE,1,ONE_FACE,0.9570,"[56,1,170,226]"
Fake/fake_644_aug_0.jpg,FAKE,1,ONE_FACE,0.9529,"[76,50,163,226]"
Fake/fake_644_aug_1.jpg,FAKE,1,ONE_FACE,0.9465,"[36,31,170,206]"
Fake/fake_644_aug_2.jpg,FAKE,1,ONE_FACE,0.9460,"[38,44,180,213]"
Fake/fake_644_aug_3.jpg,FAKE,1,ONE_FACE,0.8771,"[61,69,170,219]"
Fake/fake_644_aug_4.jpg,FAKE,1,ONE_FACE,0.9561,"[61,17,168,231]"
Fake/fake_645_aug_0.jpg,FAKE,1,ONE_FACE,0.9348,"[66,61,167,206]"
Fake/fake_645_aug_1.jpg,FAKE,1,ONE_FACE,0.9396,"[100,60,168,215]"
Fake/fake_645_aug_2.jpg,FAKE,1,ONE_FACE,0.8953,"[47,34,172,188]"
Fake/fake_645_aug_3.jpg,FAKE,1,ONE_FACE,0.9265,"[14,61,181,195]"
Fake/fake_645_aug_4.jpg,FAKE,1,ONE_FACE,0.9420,"[30,28,171,191]"
Fake/fake_646_aug_0.jpg,FAKE,1,ONE_FACE,0.7664,"[40,19,196,211]"
Fake/fake_646_aug_1.jpg,FAKE,1,ONE_FACE,0.9541,"[89,73,166,231]"
Fake/fake_646_aug_2.jpg,FAKE,1,ONE_FACE,0.9450,"[48,38,173,229]"
Fake/fake_646_aug_3.jpg,FAKE,1,ONE_FACE,0.9487,"[54,4,169,227]"
Fake/fake_646_aug_4.jpg,FAKE,1,ONE_FACE,0.9535,"[62,94,171,221]"
Fake/fake_647_aug_0.jpg,FAKE,1,ONE_FACE,0.9554,"[112,12,171,231]"
Fake/fake_647_aug_1.jpg,FAKE,1,ONE_FACE,0.8654,"[35,40,187,242]"
Fake/fake_647_aug_2.jpg,FAKE,1,ONE_FACE,0.8931,"[0,16,173,208]"
Fake/fake_647_aug_3.jpg,FAKE,1,ONE_FACE,0.9437,"[37,33,201,231]"
Fake/fake_647_aug_4.jpg,FAKE,1,ONE_FACE,0.9523,"[19,8,177,238]"
Fake/fake_648_aug_0.jpg,FAKE,1,ONE_FACE,0.8972,"[17,14,177,237]"
Fake/fake_648_aug_1.jpg,FAKE,1,ONE_FACE,0.9035,"[92,52,160,197]"
Fake/fake_648_aug_2.jpg,FAKE,1,ONE_FACE,0.9072,"[51,46,181,222]"
Fake/fake_648_aug_3.jpg,FAKE,1,ONE_FACE,0.9264,"[90,47,187,235]"
Fake/fake_648_aug_4.jpg,FAKE,1,ONE_FACE,0.8956,"[5,7,176,214]"
Fake/fake_649_aug_0.jpg,FAKE,1,ONE_FACE,0.9424,"[72,63,160,191]"
Fake/fake_649_aug_1.jpg,FAKE,1,ONE_FACE,0.8894,"[45,6,198,209]"
Fake/fake_649_aug_2.jpg,FAKE,1,ONE_FACE,0.9201,"[67,90,166,197]"
Fake/fake_649_aug_3.jpg,FAKE,1,ONE_FACE,0.8864,"[86,2,182,196]"
Fake/fake_649_aug_4.jpg,FAKE,1,ONE_FACE,0.8473,"[0,19,171,225]"
Fake/fake_64_aug_0.jpg,FAKE,1,ONE_FACE,0.8823,"[3,61,204,184]"
Fake/fake_64_aug_1.jpg,FAKE,1,ONE_FACE,0.8856,"[31,28,180,219]"
Fake/fake_64_aug_2.jpg,FAKE,1,ONE_FACE,0.9005,"[60,23,176,223]"
Fake/fake_64_aug_3.jpg,FAKE,1,ONE_FACE,0.8996,"[61,26,174,217]"
Fake/fake_64_aug_4.jpg,FAKE,1,ONE_FACE,0.9496,"[98,14,175,219]"
Fake/fake_650_aug_0.jpg,FAKE,1,ONE_FACE,0.9412,"[16,10,169,201]"
Fake/fake_650_aug_1.jpg,FAKE,1,ONE_FACE,0.7544,"[53,33,221,246]"
Fake/fake_650_aug_2.jpg,FAKE,1,ONE_FACE,0.9444,"[89,23,159,218]"
Fake/fake_650_aug_3.jpg,FAKE,1,ONE_FACE,0.9459,"[75,44,153,217]"
Fake/fake_650_aug_4.jpg,FAKE,1,ONE_FACE,0.9432,"[54,24,159,217]"
Fake/fake_651_aug_0.jpg,FAKE,1,ONE_FACE,0.8945,"[60,25,159,194]"
Fake/fake_651_aug_1.jpg,FAKE,1,ONE_FACE,0.8999,"[83,39,167,201]"
Fake/fake_651_aug_2.jpg,FAKE,1,ONE_FACE,0.9092,"[59,33,168,217]"
Fake/fake_651_aug_3.jpg,FAKE,1,ONE_FACE,0.9349,"[28,106,161,204]"
Fake/fake_651_aug_4.jpg,FAKE,1,ONE_FACE,0.8908,"[78,28,178,243]"
Fake/fake_652_aug_0.jpg,FAKE,1,ONE_FACE,0.9541,"[30,11,168,213]"
Fake/fake_652_aug_1.jpg,FAKE,1,ONE_FACE,0.9480,"[42,26,165,212]"
Fake/fake_652_aug_2.jpg,FAKE,1,ONE_FACE,0.8889,"[9,27,189,210]"
Fake/fake_652_aug_3.jpg,FAKE,1,ONE_FACE,0.8945,"[28,27,193,203]"
Fake/fake_652_aug_4.jpg,FAKE,1,ONE_FACE,0.8932,"[67,49,184,210]"
Fake/fake_653_aug_0.jpg,FAKE,1,ONE_FACE,0.9300,"[9,57,162,194]"
Fake/fake_653_aug_1.jpg,FAKE,1,ONE_FACE,0.9291,"[70,49,184,211]"
Fake/fake_653_aug_2.jpg,FAKE,1,ONE_FACE,0.9437,"[38,53,161,227]"
Fake/fake_653_aug_3.jpg,FAKE,1,ONE_FACE,0.8757,"[142,37,165,242]"
Fake/fake_653_aug_4.jpg,FAKE,1,ONE_FACE,0.9438,"[38,52,160,229]"
Fake/fake_654_aug_0.jpg,FAKE,1,ONE_FACE,0.9458,"[75,54,150,210]"
Fake/fake_654_aug_1.jpg,FAKE,1,ONE_FACE,0.9523,"[82,77,156,214]"
Fake/fake_654_aug_2.jpg,FAKE,1,ONE_FACE,0.9512,"[67,59,157,212]"
Fake/fake_654_aug_3.jpg,FAKE,1,ONE_FACE,0.9520,"[72,54,157,219]"
Fake/fake_654_aug_4.jpg,FAKE,1,ONE_FACE,0.9510,"[53,46,158,217]"
Fake/fake_655_aug_0.jpg,FAKE,1,ONE_FACE,0.8858,"[109,54,173,207]"
Fake/fake_655_aug_1.jpg,FAKE,1,ONE_FACE,0.8753,"[56,48,175,191]"
Fake/fake_655_aug_2.jpg,FAKE,1,ONE_FACE,0.8616,"[18,6,222,201]"
Fake/fake_655_aug_3.jpg,FAKE,1,ONE_FACE,0.9167,"[47,27,178,198]"
Fake/fake_655_aug_4.jpg,FAKE,1,ONE_FACE,0.9492,"[68,56,169,215]"
Fake/fake_656_aug_0.jpg,FAKE,1,ONE_FACE,0.8727,"[15,16,178,184]"
Fake/fake_656_aug_1.jpg,FAKE,1,ONE_FACE,0.8807,"[36,25,202,241]"
Fake/fake_656_aug_2.jpg,FAKE,1,ONE_FACE,0.8603,"[-3,34,167,213]"
Fake/fake_656_aug_3.jpg,FAKE,1,ONE_FACE,0.9125,"[59,19,190,233]"
Fake/fake_656_aug_4.jpg,FAKE,1,ONE_FACE,0.9493,"[59,47,176,210]"
Fake/fake_657_aug_0.jpg,FAKE,1,ONE_FACE,0.9538,"[58,42,167,219]"
Fake/fake_657_aug_1.jpg,FAKE,1,ONE_FACE,0.9144,"[60,19,168,227]"
Fake/fake_657_aug_2.jpg,FAKE,1,ONE_FACE,0.9003,"[37,6,192,196]"
Fake/fake_657_aug_3.jpg,FAKE,1,ONE_FACE,0.9536,"[69,42,162,226]"
Fake/fake_657_aug_4.jpg,FAKE,1,ONE_FACE,0.9037,"[88,27,174,257]"
Fake/fake_658_aug_0.jpg,FAKE,1,ONE_FACE,0.8385,"[33,16,180,187]"
Fake/fake_658_aug_1.jpg,FAKE,1,ONE_FACE,0.8869,"[66,33,174,190]"
Fake/fake_658_aug_2.jpg,FAKE,1,ONE_FACE,0.9421,"[44,36,167,212]"
Fake/fake_658_aug_3.jpg,FAKE,1,ONE_FACE,0.9394,"[111,131,165,216]"
Fake/fake_658_aug_4.jpg,FAKE,1,ONE_FACE,0.8843,"[20,9,194,187]"
Fake/fake_659_aug_0.jpg,FAKE,1,ONE_FACE,0.9346,"[6,89,162,223]"
Fake/fake_659_aug_1.jpg,FAKE,1,ONE_FACE,0.8991,"[53,61,171,214]"
Fake/fake_659_aug_2.jpg,FAKE,1,ONE_FACE,0.8890,"[35,32,167,212]"
Fake/fake_659_aug_3.jpg,FAKE,1,ONE_FACE,0.8538,"[4,23,132,202]"
Fake/fake_659_aug_4.jpg,FAKE,1,ONE_FACE,0.9466,"[92,51,175,230]"
Fake/fake_65_aug_0.jpg,FAKE,1,ONE_FACE,0.9413,"[108,30,173,248]"
Fake/fake_65_aug_1.jpg,FAKE,1,ONE_FACE,0.8196,"[21,0,168,152]"
Fake/fake_65_aug_2.jpg,FAKE,1,ONE_FACE,0.7575,"[86,45,177,172]"
Fake/fake_65_aug_3.jpg,FAKE,1,ONE_FACE,0.7848,"[19,2,181,161]"
Fake/fake_65_aug_4.jpg,FAKE,1,ONE_FACE,0.9245,"[5,22,168,211]"
Fake/fake_660_aug_0.jpg,FAKE,1,ONE_FACE,0.8267,"[26,41,218,240]"
Fake/fake_660_aug_1.jpg,FAKE,1,ONE_FACE,0.8781,"[39,6,209,224]"
Fake/fake_660_aug_2.jpg,FAKE,1,ONE_FACE,0.8901,"[109,26,195,236]"
Fake/fake_660_aug_3.jpg,FAKE,1,ONE_FACE,0.8901,"[54,17,198,247]"
Fake/fake_660_aug_4.jpg,FAKE,1,ONE_FACE,0.8957,"[29,6,198,211]"
Fake/fake_661_aug_0.jpg,FAKE,1,ONE_FACE,0.8500,"[92,20,183,254]"
Fake/fake_661_aug_1.jpg,FAKE,1,ONE_FACE,0.9436,"[63,53,164,201]"
Fake/fake_661_aug_2.jpg,FAKE,1,ONE_FACE,0.8566,"[96,73,170,188]"
Fake/fake_661_aug_3.jpg,FAKE,1,ONE_FACE,0.8837,"[76,37,151,194]"
Fake/fake_661_aug_4.jpg,FAKE,1,ONE_FACE,0.9414,"[89,75,163,205]"
Fake/fake_662_aug_0.jpg,FAKE,1,ONE_FACE,0.8959,"[59,6,203,222]"
Fake/fake_662_aug_1.jpg,FAKE,1,ONE_FACE,0.9582,"[52,38,175,237]"
Fake/fake_662_aug_2.jpg,FAKE,1,ONE_FACE,0.9536,"[21,73,178,229]"
Fake/fake_662_aug_3.jpg,FAKE,1,ONE_FACE,0.8457,"[43,20,215,264]"
Fake/fake_662_aug_4.jpg,FAKE,1,ONE_FACE,0.8991,"[83,75,177,226]"
Fake/fake_663_aug_0.jpg,FAKE,1,ONE_FACE,0.9526,"[47,39,160,213]"
Fake/fake_663_aug_1.jpg,FAKE,1,ONE_FACE,0.9361,"[6,16,175,220]"
Fake/fake_663_aug_2.jpg,FAKE,1,ONE_FACE,0.9531,"[43,31,156,210]"
Fake/fake_663_aug_3.jpg,FAKE,1,ONE_FACE,0.8961,"[70,12,180,219]"
Fake/fake_663_aug_4.jpg,FAKE,1,ONE_FACE,0.9490,"[34,65,159,208]"
Fake/fake_664_aug_0.jpg,FAKE,1,ONE_FACE,0.9330,"[56,44,182,223]"
Fake/fake_664_aug_1.jpg,FAKE,1,ONE_FACE,0.9391,"[77,63,172,202]"
Fake/fake_664_aug_2.jpg,FAKE,1,ONE_FACE,0.9539,"[87,71,169,229]"
Fake/fake_664_aug_3.jpg,FAKE,1,ONE_FACE,0.8972,"[60,36,165,213]"
Fake/fake_664_aug_4.jpg,FAKE,1,ONE_FACE,0.8951,"[20,28,170,197]"
Fake/fake_665_aug_0.jpg,FAKE,1,ONE_FACE,0.9008,"[90,49,160,214]"
Fake/fake_665_aug_1.jpg,FAKE,1,ONE_FACE,0.9029,"[57,112,165,203]"
Fake/fake_665_aug_2.jpg,FAKE,1,ONE_FACE,0.9485,"[65,35,165,218]"
Fake/fake_665_aug_3.jpg,FAKE,1,ONE_FACE,0.9047,"[26,20,167,202]"
Fake/fake_665_aug_4.jpg,FAKE,1,ONE_FACE,0.9049,"[58,29,168,203]"
Fake/fake_666_aug_0.jpg,FAKE,1,ONE_FACE,0.9495,"[47,20,175,233]"
Fake/fake_666_aug_1.jpg,FAKE,1,ONE_FACE,0.9477,"[37,26,177,229]"
Fake/fake_666_aug_2.jpg,FAKE,1,ONE_FACE,0.9011,"[67,32,177,201]"
Fake/fake_666_aug_3.jpg,FAKE,1,ONE_FACE,0.8808,"[37,13,183,228]"
Fake/fake_666_aug_4.jpg,FAKE,1,ONE_FACE,0.8996,"[73,6,176,187]"
Fake/fake_667_aug_0.jpg,FAKE,1,ONE_FACE,0.9583,"[101,19,164,219]"
Fake/fake_667_aug_1.jpg,FAKE,1,ONE_FACE,0.8985,"[45,36,171,197]"
Fake/fake_667_aug_2.jpg,FAKE,1,ONE_FACE,0.9029,"[71,61,166,209]"
Fake/fake_667_aug_3.jpg,FAKE,1,ONE_FACE,0.9484,"[52,38,177,224]"
Fake/fake_667_aug_4.jpg,FAKE,1,ONE_FACE,0.9125,"[63,92,161,195]"
Fake/fake_668_aug_0.jpg,FAKE,1,ONE_FACE,0.8282,"[86,39,217,260]"
Fake/fake_668_aug_1.jpg,FAKE,1,ONE_FACE,0.9372,"[110,73,173,245]"
Fake/fake_668_aug_2.jpg,FAKE,1,ONE_FACE,0.8265,"[40,13,183,243]"
Fake/fake_668_aug_3.jpg,FAKE,1,ONE_FACE,0.9501,"[64,39,171,252]"
Fake/fake_668_aug_4.jpg,FAKE,1,ONE_FACE,0.8062,"[75,38,181,269]"
Fake/fake_669_aug_0.jpg,FAKE,1,ONE_FACE,0.8763,"[67,23,183,239]"
Fake/fake_669_aug_1.jpg,FAKE,1,ONE_FACE,0.9500,"[80,63,167,228]"
Fake/fake_669_aug_2.jpg,FAKE,1,ONE_FACE,0.9524,"[89,60,171,235]"
Fake/fake_669_aug_3.jpg,FAKE,1,ONE_FACE,0.9512,"[87,36,171,235]"
Fake/fake_669_aug_4.jpg,FAKE,1,ONE_FACE,0.9556,"[23,0,173,231]"
Fake/fake_66_aug_0.jpg,FAKE,1,ONE_FACE,0.9303,"[53,41,174,205]"
Fake/fake_66_aug_1.jpg,FAKE,1,ONE_FACE,0.9370,"[50,48,151,229]"
Fake/fake_66_aug_2.jpg,FAKE,1,ONE_FACE,0.9379,"[35,35,158,231]"
Fake/fake_66_aug_3.jpg,FAKE,1,ONE_FACE,0.8898,"[73,7,162,208]"
Fake/fake_66_aug_4.jpg,FAKE,1,ONE_FACE,0.8889,"[47,7,143,213]"
Fake/fake_670_aug_0.jpg,FAKE,1,ONE_FACE,0.9082,"[48,10,157,192]"
Fake/fake_670_aug_1.jpg,FAKE,1,ONE_FACE,0.9565,"[18,1,161,222]"
Fake/fake_670_aug_2.jpg,FAKE,1,ONE_FACE,0.8845,"[112,42,168,222]"
Fake/fake_670_aug_3.jpg,FAKE,1,ONE_FACE,0.8872,"[51,37,160,199]"
Fake/fake_670_aug_4.jpg,FAKE,1,ONE_FACE,0.9506,"[97,70,159,223]"
Fake/fake_671_aug_0.jpg,FAKE,1,ONE_FACE,0.9474,"[69,6,171,241]"
Fake/fake_671_aug_1.jpg,FAKE,1,ONE_FACE,0.9470,"[63,44,172,242]"
Fake/fake_671_aug_2.jpg,FAKE,1,ONE_FACE,0.8384,"[72,33,200,259]"
Fake/fake_671_aug_3.jpg,FAKE,1,ONE_FACE,0.8643,"[35,-3,183,255]"
Fake/fake_671_aug_4.jpg,FAKE,1,ONE_FACE,0.8720,"[38,6,209,221]"
Fake/fake_672_aug_0.jpg,FAKE,1,ONE_FACE,0.9491,"[88,84,162,202]"
Fake/fake_672_aug_1.jpg,FAKE,1,ONE_FACE,0.9458,"[72,62,158,208]"
Fake/fake_672_aug_2.jpg,FAKE,1,ONE_FACE,0.8872,"[62,22,204,221]"
Fake/fake_672_aug_3.jpg,FAKE,1,ONE_FACE,0.9498,"[90,85,159,202]"
Fake/fake_672_aug_4.jpg,FAKE,1,ONE_FACE,0.8599,"[43,16,196,220]"
Fake/fake_673_aug_0.jpg,FAKE,1,ONE_FACE,0.8948,"[50,51,176,204]"
Fake/fake_673_aug_1.jpg,FAKE,1,ONE_FACE,0.8761,"[65,73,166,206]"
Fake/fake_673_aug_2.jpg,FAKE,1,ONE_FACE,0.8926,"[52,32,160,207]"
Fake/fake_673_aug_3.jpg,FAKE,1,ONE_FACE,0.9531,"[109,33,170,233]"
Fake/fake_673_aug_4.jpg,FAKE,1,ONE_FACE,0.9419,"[45,99,175,213]"
Fake/fake_674_aug_0.jpg,FAKE,1,ONE_FACE,0.9432,"[101,60,164,219]"
Fake/fake_674_aug_1.jpg,FAKE,1,ONE_FACE,0.9512,"[71,91,161,216]"
Fake/fake_674_aug_2.jpg,FAKE,1,ONE_FACE,0.9517,"[79,68,159,230]"
Fake/fake_674_aug_3.jpg,FAKE,1,ONE_FACE,0.8871,"[54,17,178,213]"
Fake/fake_674_aug_4.jpg,FAKE,1,ONE_FACE,0.9541,"[55,41,163,229]"
Fake/fake_675_aug_0.jpg,FAKE,1,ONE_FACE,0.9531,"[60,44,163,223]"
Fake/fake_675_aug_1.jpg,FAKE,1,ONE_FACE,0.9538,"[62,41,165,226]"
Fake/fake_675_aug_2.jpg,FAKE,1,ONE_FACE,0.9583,"[31,10,169,217]"
Fake/fake_675_aug_3.jpg,FAKE,1,ONE_FACE,0.8933,"[62,41,194,199]"
Fake/fake_675_aug_4.jpg,FAKE,1,ONE_FACE,0.9568,"[50,58,166,219]"
Fake/fake_676_aug_0.jpg,FAKE,1,ONE_FACE,0.8959,"[20,70,175,166]"
Fake/fake_676_aug_1.jpg,FAKE,1,ONE_FACE,0.9482,"[1,1,173,211]"
Fake/fake_676_aug_2.jpg,FAKE,1,ONE_FACE,0.9164,"[59,28,178,211]"
Fake/fake_676_aug_3.jpg,FAKE,1,ONE_FACE,0.8906,"[30,13,173,191]"
Fake/fake_676_aug_4.jpg,FAKE,1,ONE_FACE,0.8948,"[33,24,173,202]"
Fake/fake_677_aug_0.jpg,FAKE,1,ONE_FACE,0.8784,"[56,25,175,209]"
Fake/fake_677_aug_1.jpg,FAKE,1,ONE_FACE,0.8873,"[65,37,163,190]"
Fake/fake_677_aug_2.jpg,FAKE,1,ONE_FACE,0.8858,"[22,12,182,190]"
Fake/fake_677_aug_3.jpg,FAKE,1,ONE_FACE,0.8701,"[90,55,175,207]"
Fake/fake_677_aug_4.jpg,FAKE,1,ONE_FACE,0.8772,"[48,22,184,224]"
Fake/fake_678_aug_0.jpg,FAKE,1,ONE_FACE,0.9490,"[114,50,157,221]"
Fake/fake_678_aug_1.jpg,FAKE,1,ONE_FACE,0.9511,"[47,35,164,229]"
Fake/fake_678_aug_2.jpg,FAKE,1,ONE_FACE,0.9047,"[128,18,162,211]"
Fake/fake_678_aug_3.jpg,FAKE,1,ONE_FACE,0.9496,"[56,43,164,221]"
Fake/fake_678_aug_4.jpg,FAKE,1,ONE_FACE,0.8903,"[54,22,163,204]"
Fake/fake_679_aug_0.jpg,FAKE,1,ONE_FACE,0.9014,"[60,5,188,200]"
Fake/fake_679_aug_1.jpg,FAKE,1,ONE_FACE,0.9542,"[77,38,176,244]"
Fake/fake_679_aug_2.jpg,FAKE,1,ONE_FACE,0.9147,"[94,19,182,253]"
Fake/fake_679_aug_3.jpg,FAKE,1,ONE_FACE,0.9174,"[13,9,176,224]"
Fake/fake_679_aug_4.jpg,FAKE,1,ONE_FACE,0.8838,"[105,41,160,237]"
Fake/fake_67_aug_0.jpg,FAKE,1,ONE_FACE,0.9560,"[39,1,161,204]"
Fake/fake_67_aug_1.jpg,FAKE,1,ONE_FACE,0.9524,"[94,83,164,215]"
Fake/fake_67_aug_2.jpg,FAKE,1,ONE_FACE,0.9513,"[59,51,171,215]"
Fake/fake_67_aug_3.jpg,FAKE,1,ONE_FACE,0.9050,"[70,16,177,189]"
Fake/fake_67_aug_4.jpg,FAKE,1,ONE_FACE,0.9024,"[5,4,171,178]"
Fake/fake_680_aug_0.jpg,FAKE,1,ONE_FACE,0.9479,"[78,71,177,217]"
Fake/fake_680_aug_1.jpg,FAKE,1,ONE_FACE,0.9031,"[83,13,194,226]"
Fake/fake_680_aug_2.jpg,FAKE,1,ONE_FACE,0.9535,"[59,40,168,230]"
Fake/fake_680_aug_3.jpg,FAKE,1,ONE_FACE,0.9082,"[8,19,185,231]"
Fake/fake_680_aug_4.jpg,FAKE,1,ONE_FACE,0.9523,"[94,3,172,220]"
Fake/fake_681_aug_0.jpg,FAKE,1,ONE_FACE,0.9437,"[93,108,168,231]"
Fake/fake_681_aug_1.jpg,FAKE,1,ONE_FACE,0.9504,"[5,4,168,235]"
Fake/fake_681_aug_2.jpg,FAKE,1,ONE_FACE,0.9080,"[63,5,161,203]"
Fake/fake_681_aug_3.jpg,FAKE,1,ONE_FACE,0.9327,"[49,46,178,205]"
Fake/fake_681_aug_4.jpg,FAKE,1,ONE_FACE,0.9464,"[58,57,166,213]"
Fake/fake_682_aug_0.jpg,FAKE,1,ONE_FACE,0.9535,"[45,70,162,225]"
Fake/fake_682_aug_1.jpg,FAKE,1,ONE_FACE,0.8766,"[82,63,175,204]"
Fake/fake_682_aug_2.jpg,FAKE,1,ONE_FACE,0.8949,"[23,92,171,186]"
Fake/fake_682_aug_3.jpg,FAKE,1,ONE_FACE,0.9444,"[15,18,179,211]"
Fake/fake_682_aug_4.jpg,FAKE,1,ONE_FACE,0.8806,"[72,68,191,196]"
Fake/fake_683_aug_0.jpg,FAKE,1,ONE_FACE,0.9296,"[10,65,164,193]"
Fake/fake_683_aug_1.jpg,FAKE,1,ONE_FACE,0.9502,"[81,61,165,216]"
Fake/fake_683_aug_2.jpg,FAKE,1,ONE_FACE,0.9587,"[73,45,156,230]"
Fake/fake_683_aug_3.jpg,FAKE,1,ONE_FACE,0.8996,"[102,59,174,212]"
Fake/fake_683_aug_4.jpg,FAKE,1,ONE_FACE,0.9351,"[33,71,181,211]"
Fake/fake_684_aug_0.jpg,FAKE,1,ONE_FACE,0.8736,"[78,47,188,206]"
Fake/fake_684_aug_1.jpg,FAKE,1,ONE_FACE,0.9304,"[23,14,169,212]"
Fake/fake_684_aug_2.jpg,FAKE,1,ONE_FACE,0.9494,"[61,39,171,233]"
Fake/fake_684_aug_3.jpg,FAKE,1,ONE_FACE,0.8916,"[69,10,172,199]"
Fake/fake_684_aug_4.jpg,FAKE,1,ONE_FACE,0.9481,"[57,58,170,239]"
Fake/fake_685_aug_0.jpg,FAKE,1,ONE_FACE,0.9047,"[43,15,175,202]"
Fake/fake_685_aug_1.jpg,FAKE,1,ONE_FACE,0.9464,"[42,92,161,219]"
Fake/fake_685_aug_2.jpg,FAKE,1,ONE_FACE,0.9036,"[36,21,170,192]"
Fake/fake_685_aug_3.jpg,FAKE,1,ONE_FACE,0.9082,"[47,6,186,185]"
Fake/fake_685_aug_4.jpg,FAKE,1,ONE_FACE,0.8985,"[46,14,186,201]"
Fake/fake_686_aug_0.jpg,FAKE,1,ONE_FACE,0.8908,"[45,27,160,229]"
Fake/fake_686_aug_1.jpg,FAKE,1,ONE_FACE,0.8738,"[29,58,180,196]"
Fake/fake_686_aug_2.jpg,FAKE,1,ONE_FACE,0.8930,"[87,89,177,213]"
Fake/fake_686_aug_3.jpg,FAKE,1,ONE_FACE,0.9429,"[69,54,167,222]"
Fake/fake_686_aug_4.jpg,FAKE,1,ONE_FACE,0.8796,"[45,23,165,228]"
Fake/fake_687_aug_0.jpg,FAKE,1,ONE_FACE,0.9519,"[38,25,159,213]"
Fake/fake_687_aug_1.jpg,FAKE,1,ONE_FACE,0.8683,"[76,64,187,236]"
Fake/fake_687_aug_2.jpg,FAKE,1,ONE_FACE,0.8919,"[51,42,181,209]"
Fake/fake_687_aug_3.jpg,FAKE,1,ONE_FACE,0.9347,"[79,22,187,215]"
Fake/fake_687_aug_4.jpg,FAKE,1,ONE_FACE,0.8811,"[51,40,192,216]"
Fake/fake_688_aug_0.jpg,FAKE,1,ONE_FACE,0.8500,"[73,19,184,223]"
Fake/fake_688_aug_1.jpg,FAKE,1,ONE_FACE,0.8820,"[71,54,187,220]"
Fake/fake_688_aug_2.jpg,FAKE,1,ONE_FACE,0.9414,"[51,50,161,220]"
Fake/fake_688_aug_3.jpg,FAKE,1,ONE_FACE,0.9446,"[38,56,165,224]"
Fake/fake_688_aug_4.jpg,FAKE,1,ONE_FACE,0.8635,"[52,74,182,203]"
Fake/fake_689_aug_0.jpg,FAKE,1,ONE_FACE,0.8890,"[31,14,174,215]"
Fake/fake_689_aug_1.jpg,FAKE,1,ONE_FACE,0.9067,"[31,7,180,216]"
Fake/fake_689_aug_2.jpg,FAKE,1,ONE_FACE,0.8740,"[75,43,183,229]"
Fake/fake_689_aug_3.jpg,FAKE,1,ONE_FACE,0.9572,"[92,72,171,235]"
Fake/fake_689_aug_4.jpg,FAKE,1,ONE_FACE,0.8700,"[41,15,176,211]"
Fake/fake_68_aug_0.jpg,FAKE,1,ONE_FACE,0.9429,"[45,50,164,224]"
Fake/fake_68_aug_1.jpg,FAKE,1,ONE_FACE,0.9253,"[69,62,160,196]"
Fake/fake_68_aug_2.jpg,FAKE,1,ONE_FACE,0.9323,"[46,81,169,216]"
Fake/fake_68_aug_3.jpg,FAKE,1,ONE_FACE,0.9376,"[120,50,155,218]"
Fake/fake_68_aug_4.jpg,FAKE,1,ONE_FACE,0.7944,"[40,2,189,201]"
Fake/fake_690_aug_0.jpg,FAKE,1,ONE_FACE,0.9574,"[57,34,169,236]"
Fake/fake_690_aug_1.jpg,FAKE,1,ONE_FACE,0.9503,"[29,14,176,241]"
Fake/fake_690_aug_2.jpg,FAKE,1,ONE_FACE,0.8978,"[50,10,187,234]"
Fake/fake_690_aug_3.jpg,FAKE,1,ONE_FACE,0.9510,"[90,70,177,222]"
Fake/fake_690_aug_4.jpg,FAKE,1,ONE_FACE,0.9498,"[72,63,181,238]"
Fake/fake_691_aug_0.jpg,FAKE,1,ONE_FACE,0.9052,"[74,28,172,218]"
Fake/fake_691_aug_1.jpg,FAKE,1,ONE_FACE,0.9457,"[43,54,160,226]"
Fake/fake_691_aug_2.jpg,FAKE,1,ONE_FACE,0.8951,"[43,47,170,218]"
Fake/fake_691_aug_3.jpg,FAKE,1,ONE_FACE,0.8887,"[20,23,179,203]"
Fake/fake_691_aug_4.jpg,FAKE,1,ONE_FACE,0.9387,"[60,33,168,240]"
Fake/fake_692_aug_0.jpg,FAKE,1,ONE_FACE,0.8753,"[70,51,176,214]"
Fake/fake_692_aug_1.jpg,FAKE,1,ONE_FACE,0.9478,"[45,87,162,208]"
Fake/fake_692_aug_2.jpg,FAKE,1,ONE_FACE,0.8849,"[54,14,167,221]"
Fake/fake_692_aug_3.jpg,FAKE,1,ONE_FACE,0.9513,"[50,35,179,214]"
Fake/fake_692_aug_4.jpg,FAKE,1,ONE_FACE,0.8887,"[56,4,181,216]"
Fake/fake_693_aug_0.jpg,FAKE,1,ONE_FACE,0.9166,"[67,48,185,219]"
Fake/fake_693_aug_1.jpg,FAKE,1,ONE_FACE,0.8352,"[32,8,194,255]"
Fake/fake_693_aug_2.jpg,FAKE,1,ONE_FACE,0.8715,"[67,16,175,224]"
Fake/fake_693_aug_3.jpg,FAKE,1,ONE_FACE,0.7432,"[7,13,198,238]"
Fake/fake_693_aug_4.jpg,FAKE,1,ONE_FACE,0.9402,"[48,20,169,219]"
Fake/fake_694_aug_0.jpg,FAKE,1,ONE_FACE,0.9247,"[53,5,187,230]"
Fake/fake_694_aug_1.jpg,FAKE,1,ONE_FACE,0.9400,"[92,43,183,251]"
Fake/fake_694_aug_2.jpg,FAKE,1,ONE_FACE,0.9237,"[74,98,192,224]"
Fake/fake_694_aug_3.jpg,FAKE,1,ONE_FACE,0.8873,"[30,28,187,212]"
Fake/fake_694_aug_4.jpg,FAKE,1,ONE_FACE,0.9430,"[81,31,170,235]"
Fake/fake_695_aug_0.jpg,FAKE,1,ONE_FACE,0.8927,"[28,66,160,200]"
Fake/fake_695_aug_1.jpg,FAKE,1,ONE_FACE,0.8523,"[11,14,202,207]"
Fake/fake_695_aug_2.jpg,FAKE,1,ONE_FACE,0.9404,"[88,51,157,227]"
Fake/fake_695_aug_3.jpg,FAKE,1,ONE_FACE,0.8823,"[49,28,166,232]"
Fake/fake_695_aug_4.jpg,FAKE,1,ONE_FACE,0.9409,"[137,78,157,223]"
Fake/fake_696_aug_0.jpg,FAKE,1,ONE_FACE,0.9434,"[36,66,163,228]"
Fake/fake_696_aug_1.jpg,FAKE,1,ONE_FACE,0.9504,"[80,48,161,237]"
Fake/fake_696_aug_2.jpg,FAKE,1,ONE_FACE,0.9463,"[55,22,159,236]"
Fake/fake_696_aug_3.jpg,FAKE,1,ONE_FACE,0.9452,"[76,43,173,246]"
Fake/fake_696_aug_4.jpg,FAKE,1,ONE_FACE,0.9398,"[19,8,172,213]"
Fake/fake_697_aug_0.jpg,FAKE,1,ONE_FACE,0.9386,"[7,21,174,210]"
Fake/fake_697_aug_1.jpg,FAKE,1,ONE_FACE,0.9360,"[12,9,187,211]"
Fake/fake_697_aug_2.jpg,FAKE,1,ONE_FACE,0.9060,"[74,39,168,212]"
Fake/fake_697_aug_3.jpg,FAKE,1,ONE_FACE,0.9063,"[63,33,169,218]"
Fake/fake_697_aug_4.jpg,FAKE,1,ONE_FACE,0.9184,"[52,8,180,189]"
Fake/fake_698_aug_0.jpg,FAKE,1,ONE_FACE,0.9422,"[96,78,172,216]"
Fake/fake_698_aug_1.jpg,FAKE,1,ONE_FACE,0.9331,"[8,89,163,207]"
Fake/fake_698_aug_2.jpg,FAKE,1,ONE_FACE,0.9438,"[79,56,162,215]"
Fake/fake_698_aug_3.jpg,FAKE,1,ONE_FACE,0.9345,"[110,91,169,211]"
Fake/fake_698_aug_4.jpg,FAKE,1,ONE_FACE,0.8817,"[27,32,198,203]"
Fake/fake_699_aug_0.jpg,FAKE,1,ONE_FACE,0.9084,"[61,28,179,229]"
Fake/fake_699_aug_1.jpg,FAKE,1,ONE_FACE,0.9330,"[83,96,186,212]"
Fake/fake_699_aug_2.jpg,FAKE,1,ONE_FACE,0.9506,"[32,70,175,224]"
Fake/fake_699_aug_3.jpg,FAKE,1,ONE_FACE,0.9097,"[16,57,175,238]"
Fake/fake_699_aug_4.jpg,FAKE,1,ONE_FACE,0.8996,"[52,94,179,223]"
Fake/fake_69_aug_0.jpg,FAKE,1,ONE_FACE,0.8882,"[32,107,167,201]"
Fake/fake_69_aug_1.jpg,FAKE,1,ONE_FACE,0.9393,"[38,16,172,211]"
Fake/fake_69_aug_2.jpg,FAKE,1,ONE_FACE,0.9313,"[55,56,179,212]"
Fake/fake_69_aug_3.jpg,FAKE,1,ONE_FACE,0.9358,"[85,78,181,221]"
Fake/fake_69_aug_4.jpg,FAKE,1,ONE_FACE,0.9483,"[74,49,158,227]"
Fake/fake_6_aug_0.jpg,FAKE,1,ONE_FACE,0.9003,"[33,56,178,240]"
Fake/fake_6_aug_1.jpg,FAKE,1,ONE_FACE,0.8962,"[32,35,171,240]"
Fake/fake_6_aug_2.jpg,FAKE,1,ONE_FACE,0.9504,"[60,100,167,222]"
Fake/fake_6_aug_3.jpg,FAKE,1,ONE_FACE,0.9528,"[74,57,164,227]"
Fake/fake_6_aug_4.jpg,FAKE,1,ONE_FACE,0.9006,"[89,5,174,232]"
Fake/fake_700_aug_0.jpg,FAKE,1,ONE_FACE,0.9035,"[63,33,177,207]"
Fake/fake_700_aug_1.jpg,FAKE,1,ONE_FACE,0.9537,"[49,48,166,212]"
Fake/fake_700_aug_2.jpg,FAKE,1,ONE_FACE,0.9568,"[66,57,167,215]"
Fake/fake_700_aug_3.jpg,FAKE,1,ONE_FACE,0.9564,"[48,49,168,217]"
Fake/fake_700_aug_4.jpg,FAKE,1,ONE_FACE,0.9499,"[74,64,180,224]"
Fake/fake_70_aug_0.jpg,FAKE,1,ONE_FACE,0.8966,"[74,16,183,226]"
Fake/fake_70_aug_1.jpg,FAKE,1,ONE_FACE,0.8995,"[58,29,201,236]"
Fake/fake_70_aug_2.jpg,FAKE,1,ONE_FACE,0.9473,"[3,67,165,247]"
Fake/fake_70_aug_3.jpg,FAKE,1,ONE_FACE,0.8881,"[58,61,183,230]"
Fake/fake_70_aug_4.jpg,FAKE,1,ONE_FACE,0.9584,"[15,14,179,247]"
Fake/fake_71_aug_0.jpg,FAKE,1,ONE_FACE,0.8969,"[68,63,179,234]"
Fake/fake_71_aug_1.jpg,FAKE,1,ONE_FACE,0.9002,"[60,61,170,222]"
Fake/fake_71_aug_2.jpg,FAKE,1,ONE_FACE,0.9006,"[84,66,191,240]"
Fake/fake_71_aug_3.jpg,FAKE,1,ONE_FACE,0.9052,"[46,25,185,241]"
Fake/fake_71_aug_4.jpg,FAKE,1,ONE_FACE,0.9415,"[14,18,165,201]"
Fake/fake_72_aug_0.jpg,FAKE,1,ONE_FACE,0.8830,"[37,31,166,216]"
Fake/fake_72_aug_1.jpg,FAKE,1,ONE_FACE,0.8604,"[51,26,206,211]"
Fake/fake_72_aug_2.jpg,FAKE,1,ONE_FACE,0.9502,"[-3,34,169,230]"
Fake/fake_72_aug_3.jpg,FAKE,1,ONE_FACE,0.8968,"[68,31,172,218]"
Fake/fake_72_aug_4.jpg,FAKE,1,ONE_FACE,0.8825,"[46,26,184,231]"
Fake/fake_73_aug_0.jpg,FAKE,1,ONE_FACE,0.8889,"[25,12,193,209]"
Fake/fake_73_aug_1.jpg,FAKE,1,ONE_FACE,0.8960,"[59,27,192,238]"
Fake/fake_73_aug_2.jpg,FAKE,1,ONE_FACE,0.9107,"[29,25,187,225]"
Fake/fake_73_aug_3.jpg,FAKE,1,ONE_FACE,0.9532,"[84,70,167,201]"
Fake/fake_73_aug_4.jpg,FAKE,1,ONE_FACE,0.9423,"[39,28,169,207]"
Fake/fake_74_aug_0.jpg,FAKE,1,ONE_FACE,0.8926,"[52,35,172,225]"
Fake/fake_74_aug_1.jpg,FAKE,1,ONE_FACE,0.8830,"[84,78,154,206]"
Fake/fake_74_aug_2.jpg,FAKE,1,ONE_FACE,0.9328,"[41,34,177,236]"
Fake/fake_74_aug_3.jpg,FAKE,1,ONE_FACE,0.9087,"[40,19,175,215]"
Fake/fake_74_aug_4.jpg,FAKE,1,ONE_FACE,0.9476,"[80,2,162,238]"
Fake/fake_75_aug_0.jpg,FAKE,1,ONE_FACE,0.9470,"[44,46,156,217]"
Fake/fake_75_aug_1.jpg,FAKE,1,ONE_FACE,0.9383,"[66,100,163,210]"
Fake/fake_75_aug_2.jpg,FAKE,1,ONE_FACE,0.8930,"[55,22,171,211]"
Fake/fake_75_aug_3.jpg,FAKE,1,ONE_FACE,0.9482,"[69,1,163,216]"
Fake/fake_75_aug_4.jpg,FAKE,1,ONE_FACE,0.8992,"[75,16,162,211]"
Fake/fake_76_aug_0.jpg,FAKE,1,ONE_FACE,0.9475,"[97,92,175,219]"
Fake/fake_76_aug_1.jpg,FAKE,1,ONE_FACE,0.8994,"[94,39,186,232]"
Fake/fake_76_aug_2.jpg,FAKE,1,ONE_FACE,0.9499,"[38,48,183,247]"
Fake/fake_76_aug_3.jpg,FAKE,1,ONE_FACE,0.9451,"[0,22,182,209]"
Fake/fake_76_aug_4.jpg,FAKE,1,ONE_FACE,0.8874,"[8,14,188,201]"
Fake/fake_77_aug_0.jpg,FAKE,1,ONE_FACE,0.9067,"[30,33,193,217]"
Fake/fake_77_aug_1.jpg,FAKE,1,ONE_FACE,0.9437,"[46,41,187,248]"
Fake/fake_77_aug_2.jpg,FAKE,1,ONE_FACE,0.9429,"[88,47,164,218]"
Fake/fake_77_aug_3.jpg,FAKE,1,ONE_FACE,0.9419,"[63,45,194,233]"
Fake/fake_77_aug_4.jpg,FAKE,1,ONE_FACE,0.9551,"[34,27,176,244]"
Fake/fake_78_aug_0.jpg,FAKE,1,ONE_FACE,0.8742,"[74,31,173,243]"
Fake/fake_78_aug_1.jpg,FAKE,1,ONE_FACE,0.8650,"[12,3,177,220]"
Fake/fake_78_aug_2.jpg,FAKE,1,ONE_FACE,0.8732,"[81,99,180,211]"
Fake/fake_78_aug_3.jpg,FAKE,1,ONE_FACE,0.8632,"[52,19,161,224]"
Fake/fake_78_aug_4.jpg,FAKE,1,ONE_FACE,0.9530,"[86,92,173,213]"
Fake/fake_79_aug_0.jpg,FAKE,1,ONE_FACE,0.9200,"[68,39,178,209]"
Fake/fake_79_aug_1.jpg,FAKE,1,ONE_FACE,0.8840,"[73,57,177,228]"
Fake/fake_79_aug_2.jpg,FAKE,1,ONE_FACE,0.8864,"[81,39,173,204]"
Fake/fake_79_aug_3.jpg,FAKE,1,ONE_FACE,0.9455,"[41,23,155,215]"
Fake/fake_79_aug_4.jpg,FAKE,1,ONE_FACE,0.8734,"[-2,22,161,229]"
Fake/fake_7_aug_0.jpg,FAKE,1,ONE_FACE,0.9065,"[81,24,165,233]"
Fake/fake_7_aug_1.jpg,FAKE,1,ONE_FACE,0.8905,"[7,28,166,213]"
Fake/fake_7_aug_2.jpg,FAKE,1,ONE_FACE,0.9411,"[42,50,176,236]"
Fake/fake_7_aug_3.jpg,FAKE,1,ONE_FACE,0.9001,"[59,22,175,206]"
Fake/fake_7_aug_4.jpg,FAKE,1,ONE_FACE,0.8486,"[36,13,185,205]"
Fake/fake_80_aug_0.jpg,FAKE,1,ONE_FACE,0.9375,"[32,65,184,223]"
Fake/fake_80_aug_1.jpg,FAKE,1,ONE_FACE,0.8757,"[61,26,196,236]"
Fake/fake_80_aug_2.jpg,FAKE,1,ONE_FACE,0.9452,"[55,15,183,221]"
Fake/fake_80_aug_3.jpg,FAKE,1,ONE_FACE,0.8931,"[79,12,199,227]"
Fake/fake_80_aug_4.jpg,FAKE,1,ONE_FACE,0.8987,"[53,22,186,221]"
Fake/fake_81_aug_0.jpg,FAKE,1,ONE_FACE,0.8615,"[62,17,171,255]"
Fake/fake_81_aug_1.jpg,FAKE,1,ONE_FACE,0.8967,"[22,60,165,232]"
Fake/fake_81_aug_2.jpg,FAKE,1,ONE_FACE,0.9317,"[72,21,171,215]"
Fake/fake_81_aug_3.jpg,FAKE,1,ONE_FACE,0.9605,"[116,65,170,217]"
Fake/fake_81_aug_4.jpg,FAKE,1,ONE_FACE,0.8615,"[35,1,183,245]"
Fake/fake_82_aug_0.jpg,FAKE,1,ONE_FACE,0.9272,"[47,46,189,219]"
Fake/fake_82_aug_1.jpg,FAKE,1,ONE_FACE,0.9552,"[63,32,169,236]"
Fake/fake_82_aug_2.jpg,FAKE,1,ONE_FACE,0.8803,"[5,45,183,206]"
Fake/fake_82_aug_3.jpg,FAKE,1,ONE_FACE,0.9026,"[36,25,169,202]"
Fake/fake_82_aug_4.jpg,FAKE,1,ONE_FACE,0.9510,"[66,31,167,224]"
Fake/fake_83_aug_0.jpg,FAKE,1,ONE_FACE,0.8852,"[61,41,179,215]"
Fake/fake_83_aug_1.jpg,FAKE,1,ONE_FACE,0.9514,"[50,13,168,221]"
Fake/fake_83_aug_2.jpg,FAKE,1,ONE_FACE,0.8827,"[42,38,166,215]"
Fake/fake_83_aug_3.jpg,FAKE,1,ONE_FACE,0.9547,"[56,45,155,208]"
Fake/fake_83_aug_4.jpg,FAKE,1,ONE_FACE,0.9068,"[3,20,150,204]"
Fake/fake_84_aug_0.jpg,FAKE,1,ONE_FACE,0.8979,"[42,29,186,213]"
Fake/fake_84_aug_1.jpg,FAKE,1,ONE_FACE,0.8978,"[38,38,207,224]"
Fake/fake_84_aug_2.jpg,FAKE,1,ONE_FACE,0.8895,"[44,30,189,206]"
Fake/fake_84_aug_3.jpg,FAKE,1,ONE_FACE,0.9471,"[49,31,179,225]"
Fake/fake_84_aug_4.jpg,FAKE,1,ONE_FACE,0.9415,"[63,60,180,228]"
Fake/fake_85_aug_0.jpg,FAKE,1,ONE_FACE,0.8800,"[68,49,174,230]"
Fake/fake_85_aug_1.jpg,FAKE,1,ONE_FACE,0.9066,"[60,10,189,184]"
Fake/fake_85_aug_2.jpg,FAKE,1,ONE_FACE,0.9012,"[10,4,197,209]"
Fake/fake_85_aug_3.jpg,FAKE,1,ONE_FACE,0.8759,"[65,57,174,219]"
Fake/fake_85_aug_4.jpg,FAKE,1,ONE_FACE,0.8998,"[131,10,172,208]"
Fake/fake_86_aug_0.jpg,FAKE,1,ONE_FACE,0.9501,"[79,53,175,231]"
Fake/fake_86_aug_1.jpg,FAKE,1,ONE_FACE,0.9095,"[58,20,187,231]"
Fake/fake_86_aug_2.jpg,FAKE,1,ONE_FACE,0.9512,"[76,7,178,224]"
Fake/fake_86_aug_3.jpg,FAKE,1,ONE_FACE,0.9308,"[2,19,174,210]"
Fake/fake_86_aug_4.jpg,FAKE,1,ONE_FACE,0.9412,"[74,46,181,236]"
Fake/fake_87_aug_0.jpg,FAKE,1,ONE_FACE,0.9470,"[56,54,177,226]"
Fake/fake_87_aug_1.jpg,FAKE,1,ONE_FACE,0.8585,"[54,12,190,229]"
Fake/fake_87_aug_2.jpg,FAKE,1,ONE_FACE,0.8455,"[44,21,191,216]"
Fake/fake_87_aug_3.jpg,FAKE,1,ONE_FACE,0.8581,"[49,15,204,226]"
Fake/fake_87_aug_4.jpg,FAKE,1,ONE_FACE,0.8469,"[40,6,179,219]"
Fake/fake_88_aug_0.jpg,FAKE,1,ONE_FACE,0.9523,"[131,71,172,225]"
Fake/fake_88_aug_1.jpg,FAKE,1,ONE_FACE,0.9241,"[20,0,203,172]"
Fake/fake_88_aug_2.jpg,FAKE,1,ONE_FACE,0.8902,"[31,20,160,203]"
Fake/fake_88_aug_3.jpg,FAKE,1,ONE_FACE,0.9560,"[56,55,170,221]"
Fake/fake_88_aug_4.jpg,FAKE,1,ONE_FACE,0.9570,"[94,16,167,227]"
Fake/fake_89_aug_0.jpg,FAKE,1,ONE_FACE,0.9515,"[58,0,166,200]"
Fake/fake_89_aug_1.jpg,FAKE,1,ONE_FACE,0.8743,"[36,23,184,233]"
Fake/fake_89_aug_2.jpg,FAKE,1,ONE_FACE,0.8472,"[66,65,181,224]"
Fake/fake_89_aug_3.jpg,FAKE,1,ONE_FACE,0.9023,"[67,21,185,232]"
Fake/fake_89_aug_4.jpg,FAKE,1,ONE_FACE,0.9294,"[0,35,135,219]"
Fake/fake_8_aug_0.jpg,FAKE,1,ONE_FACE,0.9422,"[52,63,163,201]"
Fake/fake_8_aug_1.jpg,FAKE,1,ONE_FACE,0.8546,"[64,47,183,196]"
Fake/fake_8_aug_2.jpg,FAKE,1,ONE_FACE,0.9401,"[67,68,157,210]"
Fake/fake_8_aug_3.jpg,FAKE,1,ONE_FACE,0.8886,"[125,41,151,190]"
Fake/fake_8_aug_4.jpg,FAKE,1,ONE_FACE,0.8814,"[94,8,156,175]"
Fake/fake_90_aug_0.jpg,FAKE,1,ONE_FACE,0.9173,"[67,27,178,211]"
Fake/fake_90_aug_1.jpg,FAKE,1,ONE_FACE,0.9520,"[87,73,171,208]"
Fake/fake_90_aug_2.jpg,FAKE,1,ONE_FACE,0.9508,"[77,51,165,220]"
Fake/fake_90_aug_3.jpg,FAKE,1,ONE_FACE,0.9024,"[42,31,183,230]"
Fake/fake_90_aug_4.jpg,FAKE,1,ONE_FACE,0.9514,"[78,53,165,218]"
Fake/fake_91_aug_0.jpg,FAKE,1,ONE_FACE,0.8935,"[21,8,189,216]"
Fake/fake_91_aug_1.jpg,FAKE,1,ONE_FACE,0.9400,"[89,89,192,220]"
Fake/fake_91_aug_2.jpg,FAKE,1,ONE_FACE,0.8586,"[60,16,188,234]"
Fake/fake_91_aug_3.jpg,FAKE,1,ONE_FACE,0.8863,"[2,-1,214,206]"
Fake/fake_91_aug_4.jpg,FAKE,1,ONE_FACE,0.8780,"[62,35,185,231]"
Fake/fake_92_aug_0.jpg,FAKE,1,ONE_FACE,0.9041,"[78,42,156,202]"
Fake/fake_92_aug_1.jpg,FAKE,1,ONE_FACE,0.9019,"[56,22,169,217]"
Fake/fake_92_aug_2.jpg,FAKE,1,ONE_FACE,0.9172,"[48,27,187,197]"
Fake/fake_92_aug_3.jpg,FAKE,1,ONE_FACE,0.9157,"[53,58,188,191]"
Fake/fake_92_aug_4.jpg,FAKE,1,ONE_FACE,0.9251,"[5,36,156,195]"
Fake/fake_93_aug_0.jpg,FAKE,1,ONE_FACE,0.9020,"[48,21,182,238]"
Fake/fake_93_aug_1.jpg,FAKE,1,ONE_FACE,0.9079,"[63,33,172,244]"
Fake/fake_93_aug_2.jpg,FAKE,1,ONE_FACE,0.9528,"[66,48,164,223]"
Fake/fake_93_aug_3.jpg,FAKE,1,ONE_FACE,0.9049,"[29,27,206,215]"
Fake/fake_93_aug_4.jpg,FAKE,1,ONE_FACE,0.9064,"[82,56,175,225]"
Fake/fake_94_aug_0.jpg,FAKE,1,ONE_FACE,0.8626,"[70,4,185,228]"
Fake/fake_94_aug_1.jpg,FAKE,1,ONE_FACE,0.9374,"[87,104,155,208]"
Fake/fake_94_aug_2.jpg,FAKE,1,ONE_FACE,0.8107,"[48,10,195,250]"
Fake/fake_94_aug_3.jpg,FAKE,1,ONE_FACE,0.8249,"[48,10,180,226]"
Fake/fake_94_aug_4.jpg,FAKE,2,MULTIPLE_FACES,"[0.936, 0.7222]","[[80, 59, 149, 210], [0, 121, 63, 104]]"
Fake/fake_95_aug_0.jpg,FAKE,1,ONE_FACE,0.9445,"[110,12,160,255]"
Fake/fake_95_aug_1.jpg,FAKE,1,ONE_FACE,0.7712,"[33,-3,219,187]"
Fake/fake_95_aug_2.jpg,FAKE,1,ONE_FACE,0.8571,"[57,-2,194,240]"
Fake/fake_95_aug_3.jpg,FAKE,1,ONE_FACE,0.8477,"[55,3,201,228]"
Fake/fake_95_aug_4.jpg,FAKE,1,ONE_FACE,0.9445,"[80,76,178,251]"
Fake/fake_96_aug_0.jpg,FAKE,1,ONE_FACE,0.8920,"[46,52,174,215]"
Fake/fake_96_aug_1.jpg,FAKE,1,ONE_FACE,0.9007,"[55,19,181,204]"
Fake/fake_96_aug_2.jpg,FAKE,1,ONE_FACE,0.9520,"[53,32,180,218]"
Fake/fake_96_aug_3.jpg,FAKE,1,ONE_FACE,0.9023,"[59,66,175,210]"
Fake/fake_96_aug_4.jpg,FAKE,1,ONE_FACE,0.8880,"[84,46,185,215]"
Fake/fake_97_aug_0.jpg,FAKE,1,ONE_FACE,0.8098,"[119,88,176,219]"
Fake/fake_97_aug_1.jpg,FAKE,1,ONE_FACE,0.8254,"[75,24,200,220]"
Fake/fake_97_aug_2.jpg,FAKE,1,ONE_FACE,0.9290,"[53,12,168,220]"
Fake/fake_97_aug_3.jpg,FAKE,1,ONE_FACE,0.8533,"[99,69,146,196]"
Fake/fake_97_aug_4.jpg,FAKE,1,ONE_FACE,0.8405,"[86,27,177,214]"
Fake/fake_98_aug_0.jpg,FAKE,1,ONE_FACE,0.8882,"[53,41,158,174]"
Fake/fake_98_aug_1.jpg,FAKE,1,ONE_FACE,0.8947,"[61,27,160,196]"
Fake/fake_98_aug_2.jpg,FAKE,1,ONE_FACE,0.8901,"[69,14,151,202]"
Fake/fake_98_aug_3.jpg,FAKE,1,ONE_FACE,0.9492,"[79,66,164,207]"
Fake/fake_98_aug_4.jpg,FAKE,1,ONE_FACE,0.9530,"[87,3,155,216]"
Fake/fake_99_aug_0.jpg,FAKE,1,ONE_FACE,0.8825,"[47,22,177,271]"
Fake/fake_99_aug_1.jpg,FAKE,1,ONE_FACE,0.9029,"[54,15,182,231]"
Fake/fake_99_aug_2.jpg,FAKE,1,ONE_FACE,0.9480,"[104,19,164,230]"
Fake/fake_99_aug_3.jpg,FAKE,1,ONE_FACE,0.9090,"[33,13,198,218]"
Fake/fake_99_aug_4.jpg,FAKE,1,ONE_FACE,0.8749,"[81,19,195,212]"
Fake/fake_9_aug_0.jpg,FAKE,1,ONE_FACE,0.9034,"[85,8,174,181]"
Fake/fake_9_aug_1.jpg,FAKE,1,ONE_FACE,0.8936,"[55,24,162,198]"
Fake/fake_9_aug_2.jpg,FAKE,1,ONE_FACE,0.8978,"[79,26,156,216]"
Fake/fake_9_aug_3.jpg,FAKE,1,ONE_FACE,0.8911,"[70,25,162,212]"
Fake/fake_9_aug_4.jpg,FAKE,1,ONE_FACE,0.9039,"[84,40,186,210]"
Real/00000.jpg,REAL,1,ONE_FACE,0.9349,"[43,41,141,164]"
Real/00002.jpg,REAL,1,ONE_FACE,0.9408,"[54,45,136,171]"
Real/00003.jpg,REAL,1,ONE_FACE,0.9395,"[55,45,143,179]"
Real/00006.jpg,REAL,1,ONE_FACE,0.9328,"[72,34,160,202]"
Real/00009.jpg,REAL,1,ONE_FACE,0.9393,"[19,42,161,197]"
Real/00010.jpg,REAL,1,ONE_FACE,0.9384,"[58,33,135,181]"
Real/00011.jpg,REAL,1,ONE_FACE,0.9491,"[54,57,141,178]"
Real/00012.jpg,REAL,1,ONE_FACE,0.9357,"[60,45,137,191]"
Real/00013.jpg,REAL,1,ONE_FACE,0.9230,"[53,40,147,187]"
Real/00014.jpg,REAL,2,MULTIPLE_FACES,"[0.9455, 0.7995]","[[58, 65, 136, 156], [181, 2, 79, 111]]"
Real/00015.jpg,REAL,1,ONE_FACE,0.9349,"[60,50,137,180]"
Real/00017.jpg,REAL,1,ONE_FACE,0.9405,"[46,46,141,193]"
Real/00018.jpg,REAL,1,ONE_FACE,0.9465,"[58,50,137,181]"
Real/00019.jpg,REAL,1,ONE_FACE,0.9337,"[43,40,146,194]"
Real/00021.jpg,REAL,1,ONE_FACE,0.9355,"[51,32,144,205]"
Real/00022.jpg,REAL,1,ONE_FACE,0.9344,"[65,37,140,194]"
Real/00027.jpg,REAL,1,ONE_FACE,0.9336,"[47,41,151,200]"
Real/00029.jpg,REAL,1,ONE_FACE,0.9401,"[67,48,141,196]"
Real/00030.jpg,REAL,1,ONE_FACE,0.9461,"[57,48,143,196]"
Real/00031.jpg,REAL,1,ONE_FACE,0.9201,"[57,65,128,169]"
Real/00033.jpg,REAL,1,ONE_FACE,0.9327,"[18,9,174,247]"
Real/00035.jpg,REAL,1,ONE_FACE,0.9425,"[99,41,130,205]"
Real/00036.jpg,REAL,1,ONE_FACE,0.9240,"[46,54,145,188]"
Real/00038.jpg,REAL,1,ONE_FACE,0.9304,"[23,45,151,207]"
Real/00040.jpg,REAL,1,ONE_FACE,0.9409,"[59,46,140,195]"
Real/00042.jpg,REAL,1,ONE_FACE,0.9289,"[53,42,142,194]"
Real/00043.jpg,REAL,1,ONE_FACE,0.9330,"[36,42,144,185]"
Real/00044.jpg,REAL,2,MULTIPLE_FACES,"[0.9225, 0.7847]","[[51, 49, 145, 189], [156, 24, 98, 178]]"
Real/00046.jpg,REAL,2,MULTIPLE_FACES,"[0.9377, 0.743]","[[63, 53, 142, 178], [26, 151, 50, 78]]"
Real/00048.jpg,REAL,1,ONE_FACE,0.9484,"[51,35,142,200]"
Real/00049.jpg,REAL,2,MULTIPLE_FACES,"[0.9359, 0.6364]","[[67, 59, 143, 188], [24, 39, 36, 45]]"
Real/00050.jpg,REAL,1,ONE_FACE,0.9407,"[60,53,135,155]"
Real/00051.jpg,REAL,1,ONE_FACE,0.9348,"[71,44,151,188]"
Real/00052.jpg,REAL,1,ONE_FACE,0.9332,"[53,46,136,184]"
Real/00054.jpg,REAL,1,ONE_FACE,0.9399,"[51,38,142,182]"
Real/00055.jpg,REAL,1,ONE_FACE,0.9180,"[54,60,142,181]"
Real/00057.jpg,REAL,1,ONE_FACE,0.9184,"[42,53,150,192]"
Real/00058.jpg,REAL,1,ONE_FACE,0.9437,"[43,49,137,185]"
Real/00059.jpg,REAL,1,ONE_FACE,0.9451,"[56,44,142,197]"
Real/00060.jpg,REAL,1,ONE_FACE,0.9048,"[20,48,130,197]"
Real/00061.jpg,REAL,1,ONE_FACE,0.9247,"[23,42,166,209]"
Real/00065.jpg,REAL,1,ONE_FACE,0.9433,"[45,46,144,188]"
Real/00066.jpg,REAL,1,ONE_FACE,0.9315,"[60,50,136,177]"
Real/00067.jpg,REAL,1,ONE_FACE,0.9400,"[47,64,144,169]"
Real/00068.jpg,REAL,1,ONE_FACE,0.9296,"[62,61,126,168]"
Real/00069.jpg,REAL,1,ONE_FACE,0.9209,"[63,45,134,197]"
Real/00070.jpg,REAL,1,ONE_FACE,0.9296,"[69,44,167,190]"
Real/00072.jpg,REAL,1,ONE_FACE,0.9416,"[49,39,148,188]"
Real/00073.jpg,REAL,1,ONE_FACE,0.9411,"[49,61,141,162]"
Real/00074.jpg,REAL,1,ONE_FACE,0.9365,"[65,43,155,200]"
Real/00075.jpg,REAL,1,ONE_FACE,0.9383,"[42,45,142,195]"
Real/00076.jpg,REAL,1,ONE_FACE,0.9453,"[70,30,160,222]"
Real/00077.jpg,REAL,1,ONE_FACE,0.9397,"[55,47,135,173]"
Real/00078.jpg,REAL,1,ONE_FACE,0.9307,"[69,37,156,206]"
Real/00079.jpg,REAL,1,ONE_FACE,0.9427,"[54,49,145,194]"
Real/00080.jpg,REAL,1,ONE_FACE,0.9448,"[38,35,137,204]"
Real/00081.jpg,REAL,1,ONE_FACE,0.9418,"[57,43,144,192]"
Real/00082.jpg,REAL,1,ONE_FACE,0.9342,"[57,38,149,211]"
Real/00083.jpg,REAL,1,ONE_FACE,0.9400,"[57,54,142,182]"
Real/00084.jpg,REAL,1,ONE_FACE,0.9228,"[50,46,136,177]"
Real/00086.jpg,REAL,1,ONE_FACE,0.9464,"[59,46,138,183]"
Real/00087.jpg,REAL,1,ONE_FACE,0.9409,"[70,43,155,204]"
Real/00089.jpg,REAL,1,ONE_FACE,0.9313,"[75,39,157,200]"
Real/00090.jpg,REAL,1,ONE_FACE,0.9402,"[68,62,137,169]"
Real/00091.jpg,REAL,1,ONE_FACE,0.9343,"[76,38,159,209]"
Real/00092.jpg,REAL,2,MULTIPLE_FACES,"[0.9366, 0.7968]","[[60, 34, 152, 214], [0, 140, 22, 35]]"
Real/00094.jpg,REAL,1,ONE_FACE,0.9352,"[43,49,150,195]"
Real/00096.jpg,REAL,1,ONE_FACE,0.9282,"[48,50,141,179]"
Real/00098.jpg,REAL,1,ONE_FACE,0.9374,"[44,56,149,189]"
Real/00100.jpg,REAL,1,ONE_FACE,0.9479,"[59,50,137,185]"
Real/00102.jpg,REAL,1,ONE_FACE,0.9257,"[59,40,149,176]"
Real/00106.jpg,REAL,1,ONE_FACE,0.9255,"[46,59,147,174]"
Real/00107.jpg,REAL,1,ONE_FACE,0.9401,"[52,60,145,185]"
Real/00108.jpg,REAL,1,ONE_FACE,0.9321,"[54,38,141,201]"
Real/00109.jpg,REAL,1,ONE_FACE,0.9271,"[32,62,137,175]"
Real/00110.jpg,REAL,1,ONE_FACE,0.9492,"[72,45,128,189]"
Real/00115.jpg,REAL,1,ONE_FACE,0.9381,"[59,48,140,178]"
Real/00116.jpg,REAL,1,ONE_FACE,0.9418,"[61,43,137,183]"
Real/00120.jpg,REAL,1,ONE_FACE,0.9418,"[28,41,134,200]"
Real/00121.jpg,REAL,1,ONE_FACE,0.9211,"[87,52,144,205]"
Real/00122.jpg,REAL,1,ONE_FACE,0.9427,"[49,54,130,178]"
Real/00123.jpg,REAL,1,ONE_FACE,0.9294,"[37,39,147,203]"
Real/00124.jpg,REAL,1,ONE_FACE,0.9380,"[43,60,148,172]"
Real/00126.jpg,REAL,1,ONE_FACE,0.9436,"[54,46,133,191]"
Real/00129.jpg,REAL,1,ONE_FACE,0.9408,"[35,41,154,198]"
Real/00130.jpg,REAL,1,ONE_FACE,0.9237,"[64,40,147,202]"
Real/00131.jpg,REAL,1,ONE_FACE,0.9357,"[62,56,136,168]"
Real/00134.jpg,REAL,1,ONE_FACE,0.9379,"[47,40,141,192]"
Real/00135.jpg,REAL,1,ONE_FACE,0.9296,"[69,51,139,170]"
Real/00137.jpg,REAL,1,ONE_FACE,0.9475,"[63,40,130,178]"
Real/00139.jpg,REAL,1,ONE_FACE,0.9465,"[76,45,135,179]"
Real/00140.jpg,REAL,1,ONE_FACE,0.9455,"[65,44,147,189]"
Real/00143.jpg,REAL,1,ONE_FACE,0.9361,"[51,32,141,195]"
Real/00145.jpg,REAL,1,ONE_FACE,0.9456,"[61,55,137,186]"
Real/00146.jpg,REAL,1,ONE_FACE,0.9345,"[59,53,142,159]"
Real/00147.jpg,REAL,1,ONE_FACE,0.9460,"[69,39,152,205]"
Real/00150.jpg,REAL,1,ONE_FACE,0.9307,"[56,52,141,183]"
Real/00151.jpg,REAL,1,ONE_FACE,0.9394,"[70,41,153,209]"
Real/00155.jpg,REAL,1,ONE_FACE,0.9308,"[54,53,142,171]"
Real/00156.jpg,REAL,1,ONE_FACE,0.9401,"[67,36,150,213]"
Real/00157.jpg,REAL,2,MULTIPLE_FACES,"[0.9404, 0.6642]","[[40, 48, 149, 202], [205, 134, 54, 117]]"
Real/00158.jpg,REAL,1,ONE_FACE,0.9334,"[63,33,144,197]"
Real/00159.jpg,REAL,1,ONE_FACE,0.9239,"[72,50,128,192]"
Real/00160.jpg,REAL,1,ONE_FACE,0.9475,"[40,44,142,196]"
Real/00161.jpg,REAL,1,ONE_FACE,0.9287,"[54,63,133,159]"
Real/00162.jpg,REAL,2,MULTIPLE_FACES,"[0.9358, 0.6807]","[[66, 60, 132, 168], [57, 63, 18, 24]]"
Real/00163.jpg,REAL,1,ONE_FACE,0.9478,"[62,55,132,162]"
Real/00164.jpg,REAL,1,ONE_FACE,0.9322,"[60,43,144,202]"
Real/00166.jpg,REAL,1,ONE_FACE,0.9386,"[63,49,160,191]"
Real/00168.jpg,REAL,1,ONE_FACE,0.9376,"[47,40,143,175]"
Real/00169.jpg,REAL,1,ONE_FACE,0.9425,"[58,50,133,181]"
Real/00171.jpg,REAL,1,ONE_FACE,0.9452,"[60,51,137,180]"
Real/00172.jpg,REAL,2,MULTIPLE_FACES,"[0.9367, 0.84]","[[81, 33, 149, 197], [43, 130, 40, 58]]"
Real/00173.jpg,REAL,1,ONE_FACE,0.9340,"[45,52,131,190]"
Real/00174.jpg,REAL,1,ONE_FACE,0.9361,"[56,48,143,186]"
Real/00175.jpg,REAL,2,MULTIPLE_FACES,"[0.9375, 0.854]","[[67, 45, 146, 200], [-3, 0, 74, 56]]"
Real/00176.jpg,REAL,1,ONE_FACE,0.9450,"[72,38,140,192]"
Real/00178.jpg,REAL,1,ONE_FACE,0.9451,"[55,56,141,169]"
Real/00179.jpg,REAL,1,ONE_FACE,0.9277,"[66,44,135,188]"
Real/00180.jpg,REAL,1,ONE_FACE,0.9281,"[43,33,142,189]"
Real/00181.jpg,REAL,1,ONE_FACE,0.9279,"[62,49,131,191]"
Real/00185.jpg,REAL,1,ONE_FACE,0.9281,"[26,50,162,201]"
Real/00188.jpg,REAL,1,ONE_FACE,0.9482,"[60,52,131,169]"
Real/00190.jpg,REAL,1,ONE_FACE,0.9333,"[81,29,159,227]"
Real/00191.jpg,REAL,1,ONE_FACE,0.9370,"[50,21,155,205]"
Real/00192.jpg,REAL,1,ONE_FACE,0.9437,"[32,37,141,210]"
Real/00193.jpg,REAL,1,ONE_FACE,0.9374,"[54,39,120,190]"
Real/00194.jpg,REAL,1,ONE_FACE,0.9279,"[58,42,146,196]"
Real/00195.jpg,REAL,1,ONE_FACE,0.9383,"[59,52,134,182]"
Real/00196.jpg,REAL,1,ONE_FACE,0.9467,"[57,42,151,200]"
Real/00198.jpg,REAL,1,ONE_FACE,0.9387,"[68,58,134,178]"
Real/00199.jpg,REAL,1,ONE_FACE,0.9191,"[74,66,136,162]"
Real/00200.jpg,REAL,1,ONE_FACE,0.9426,"[62,44,134,188]"
Real/00201.jpg,REAL,1,ONE_FACE,0.9353,"[57,42,133,187]"
Real/00202.jpg,REAL,1,ONE_FACE,0.9276,"[57,65,140,155]"
Real/00204.jpg,REAL,1,ONE_FACE,0.9504,"[53,37,147,202]"
Real/00205.jpg,REAL,1,ONE_FACE,0.9360,"[96,33,145,194]"
Real/00206.jpg,REAL,2,MULTIPLE_FACES,"[0.9482, 0.7266]","[[62, 46, 149, 181], [186, 4, 64, 63]]"
Real/00208.jpg,REAL,1,ONE_FACE,0.9266,"[49,53,131,178]"
Real/00211.jpg,REAL,2,MULTIPLE_FACES,"[0.9381, 0.7845]","[[70, 50, 147, 193], [39, 39, 69, 92]]"
Real/00212.jpg,REAL,1,ONE_FACE,0.9382,"[58,55,166,199]"
Real/00213.jpg,REAL,1,ONE_FACE,0.9425,"[72,32,149,202]"
Real/00214.jpg,REAL,1,ONE_FACE,0.9267,"[68,47,155,179]"
Real/00215.jpg,REAL,1,ONE_FACE,0.9405,"[47,41,144,194]"
Real/00216.jpg,REAL,1,ONE_FACE,0.9396,"[31,36,154,208]"
Real/00218.jpg,REAL,1,ONE_FACE,0.9423,"[62,37,143,195]"
Real/00219.jpg,REAL,1,ONE_FACE,0.9367,"[61,40,149,203]"
Real/00220.jpg,REAL,1,ONE_FACE,0.9395,"[61,31,142,190]"
Real/00221.jpg,REAL,1,ONE_FACE,0.9430,"[54,57,150,193]"
Real/00223.jpg,REAL,1,ONE_FACE,0.9248,"[58,41,150,206]"
Real/00226.jpg,REAL,1,ONE_FACE,0.9331,"[57,36,155,198]"
Real/00227.jpg,REAL,1,ONE_FACE,0.9395,"[57,53,137,193]"
Real/00228.jpg,REAL,1,ONE_FACE,0.9408,"[56,47,139,189]"
Real/00229.jpg,REAL,1,ONE_FACE,0.9293,"[65,48,132,174]"
Real/00230.jpg,REAL,1,ONE_FACE,0.9421,"[52,38,145,184]"
Real/00232.jpg,REAL,1,ONE_FACE,0.9277,"[65,42,132,196]"
Real/00233.jpg,REAL,1,ONE_FACE,0.9330,"[69,46,162,202]"
Real/00234.jpg,REAL,1,ONE_FACE,0.9441,"[62,56,141,189]"
Real/00235.jpg,REAL,1,ONE_FACE,0.9346,"[78,53,125,193]"
Real/00237.jpg,REAL,1,ONE_FACE,0.9463,"[72,45,147,190]"
Real/00238.jpg,REAL,2,MULTIPLE_FACES,"[0.935, 0.6397]","[[68, 49, 148, 183], [0, 27, 30, 75]]"
Real/00239.jpg,REAL,1,ONE_FACE,0.9380,"[55,62,144,170]"
Real/00240.jpg,REAL,1,ONE_FACE,0.9402,"[46,34,150,215]"
Real/00241.jpg,REAL,1,ONE_FACE,0.9250,"[66,62,130,175]"
Real/00242.jpg,REAL,1,ONE_FACE,0.9357,"[56,46,147,185]"
Real/00244.jpg,REAL,1,ONE_FACE,0.9334,"[44,58,134,173]"
Real/00245.jpg,REAL,1,ONE_FACE,0.9357,"[51,59,130,162]"
Real/00246.jpg,REAL,1,ONE_FACE,0.9341,"[60,49,144,179]"
Real/00247.jpg,REAL,1,ONE_FACE,0.9392,"[54,41,146,192]"
Real/00249.jpg,REAL,1,ONE_FACE,0.9344,"[57,43,139,186]"
Real/00251.jpg,REAL,1,ONE_FACE,0.9437,"[59,48,136,185]"
Real/00252.jpg,REAL,1,ONE_FACE,0.9453,"[57,51,137,174]"
Real/00255.jpg,REAL,1,ONE_FACE,0.9383,"[65,56,126,181]"
Real/00256.jpg,REAL,1,ONE_FACE,0.9330,"[49,34,153,211]"
Real/00257.jpg,REAL,1,ONE_FACE,0.9435,"[54,45,147,187]"
Real/00258.jpg,REAL,1,ONE_FACE,0.9301,"[63,47,147,198]"
Real/00259.jpg,REAL,1,ONE_FACE,0.9358,"[56,56,138,185]"
Real/00260.jpg,REAL,1,ONE_FACE,0.9247,"[61,39,136,196]"
Real/00261.jpg,REAL,1,ONE_FACE,0.9404,"[54,47,148,203]"
Real/00262.jpg,REAL,1,ONE_FACE,0.9279,"[51,39,135,202]"
Real/00263.jpg,REAL,1,ONE_FACE,0.9344,"[58,41,138,184]"
Real/00268.jpg,REAL,1,ONE_FACE,0.9463,"[31,44,143,191]"
Real/00269.jpg,REAL,1,ONE_FACE,0.9331,"[67,44,160,199]"
Real/00270.jpg,REAL,1,ONE_FACE,0.9322,"[57,36,146,202]"
Real/00271.jpg,REAL,1,ONE_FACE,0.9438,"[61,43,147,187]"
Real/00272.jpg,REAL,1,ONE_FACE,0.9233,"[67,33,166,215]"
Real/00273.jpg,REAL,1,ONE_FACE,0.9372,"[62,47,145,191]"
Real/00274.jpg,REAL,1,ONE_FACE,0.9306,"[66,49,150,206]"
Real/00276.jpg,REAL,1,ONE_FACE,0.9411,"[49,42,138,192]"
Real/00278.jpg,REAL,1,ONE_FACE,0.9453,"[47,39,147,215]"
Real/00279.jpg,REAL,1,ONE_FACE,0.9412,"[73,28,155,213]"
Real/00280.jpg,REAL,1,ONE_FACE,0.9427,"[63,48,142,192]"
Real/00281.jpg,REAL,1,ONE_FACE,0.9332,"[55,41,141,191]"
Real/00282.jpg,REAL,1,ONE_FACE,0.9336,"[62,45,156,211]"
Real/00284.jpg,REAL,1,ONE_FACE,0.9363,"[61,53,133,178]"
Real/00285.jpg,REAL,1,ONE_FACE,0.9348,"[54,45,156,175]"
Real/00286.jpg,REAL,1,ONE_FACE,0.9462,"[57,41,148,180]"
Real/00287.jpg,REAL,1,ONE_FACE,0.9442,"[66,54,134,174]"
Real/00288.jpg,REAL,1,ONE_FACE,0.9089,"[76,36,151,212]"
Real/00289.jpg,REAL,1,ONE_FACE,0.9357,"[69,36,141,206]"
Real/00290.jpg,REAL,2,MULTIPLE_FACES,"[0.9391, 0.8871]","[[51, 43, 141, 181], [209, 99, 30, 43]]"
Real/00291.jpg,REAL,1,ONE_FACE,0.9313,"[59,47,155,171]"
Real/00292.jpg,REAL,1,ONE_FACE,0.9194,"[72,40,148,194]"
Real/00293.jpg,REAL,1,ONE_FACE,0.9347,"[53,43,133,199]"
Real/00296.jpg,REAL,1,ONE_FACE,0.9321,"[65,45,143,196]"
Real/00297.jpg,REAL,1,ONE_FACE,0.9386,"[46,37,144,190]"
Real/00298.jpg,REAL,1,ONE_FACE,0.9353,"[55,54,148,189]"
Real/00299.jpg,REAL,1,ONE_FACE,0.9316,"[63,48,140,173]"
Real/00300.jpg,REAL,1,ONE_FACE,0.9478,"[54,39,142,195]"
Real/00301.jpg,REAL,1,ONE_FACE,0.9387,"[64,50,148,168]"
Real/00302.jpg,REAL,1,ONE_FACE,0.9434,"[61,42,145,200]"
Real/00303.jpg,REAL,1,ONE_FACE,0.9307,"[73,43,141,190]"
Real/00304.jpg,REAL,1,ONE_FACE,0.9431,"[34,37,146,195]"
Real/00305.jpg,REAL,1,ONE_FACE,0.9236,"[69,51,134,188]"
Real/00307.jpg,REAL,1,ONE_FACE,0.9330,"[52,52,140,188]"
Real/00309.jpg,REAL,1,ONE_FACE,0.9425,"[65,53,138,171]"
Real/00313.jpg,REAL,1,ONE_FACE,0.9345,"[44,50,146,196]"
Real/00315.jpg,REAL,1,ONE_FACE,0.9398,"[63,60,143,178]"
Real/00318.jpg,REAL,1,ONE_FACE,0.9437,"[50,36,144,198]"
Real/00319.jpg,REAL,1,ONE_FACE,0.9279,"[59,40,153,212]"
Real/00320.jpg,REAL,1,ONE_FACE,0.9381,"[49,50,133,178]"
Real/00323.jpg,REAL,1,ONE_FACE,0.9339,"[48,38,144,205]"
Real/00324.jpg,REAL,1,ONE_FACE,0.9406,"[56,50,138,186]"
Real/00325.jpg,REAL,1,ONE_FACE,0.9372,"[68,48,137,192]"
Real/00326.jpg,REAL,1,ONE_FACE,0.9347,"[44,61,132,167]"
Real/00328.jpg,REAL,1,ONE_FACE,0.9378,"[47,48,140,191]"
Real/00329.jpg,REAL,1,ONE_FACE,0.9412,"[57,59,144,168]"
Real/00330.jpg,REAL,1,ONE_FACE,0.9294,"[38,36,141,204]"
Real/00331.jpg,REAL,1,ONE_FACE,0.9349,"[58,55,137,163]"
Real/00334.jpg,REAL,1,ONE_FACE,0.9345,"[45,40,137,194]"
Real/00335.jpg,REAL,1,ONE_FACE,0.9261,"[50,40,144,191]"
Real/00336.jpg,REAL,1,ONE_FACE,0.9400,"[64,45,137,196]"
Real/00337.jpg,REAL,1,ONE_FACE,0.9355,"[70,46,124,187]"
Real/00338.jpg,REAL,1,ONE_FACE,0.9300,"[84,42,152,207]"
Real/00339.jpg,REAL,1,ONE_FACE,0.9358,"[87,43,130,206]"
Real/00340.jpg,REAL,1,ONE_FACE,0.9465,"[67,53,150,183]"
Real/00341.jpg,REAL,1,ONE_FACE,0.9405,"[75,58,128,173]"
Real/00342.jpg,REAL,1,ONE_FACE,0.9434,"[58,64,140,167]"
Real/00344.jpg,REAL,1,ONE_FACE,0.9341,"[22,38,155,209]"
Real/00345.jpg,REAL,1,ONE_FACE,0.9410,"[56,48,140,183]"
Real/00346.jpg,REAL,1,ONE_FACE,0.9387,"[43,48,151,187]"
Real/00349.jpg,REAL,1,ONE_FACE,0.9313,"[56,46,139,176]"
Real/00350.jpg,REAL,1,ONE_FACE,0.9411,"[71,50,127,188]"
Real/00351.jpg,REAL,1,ONE_FACE,0.9385,"[40,34,143,201]"
Real/00352.jpg,REAL,1,ONE_FACE,0.9392,"[61,40,149,212]"
Real/00353.jpg,REAL,1,ONE_FACE,0.9350,"[57,39,142,204]"
Real/00354.jpg,REAL,1,ONE_FACE,0.9355,"[63,44,137,191]"
Real/00355.jpg,REAL,1,ONE_FACE,0.9518,"[55,47,145,189]"
Real/00356.jpg,REAL,1,ONE_FACE,0.9309,"[54,57,141,173]"
Real/00359.jpg,REAL,1,ONE_FACE,0.9187,"[72,33,175,215]"
Real/00360.jpg,REAL,1,ONE_FACE,0.9175,"[61,56,138,179]"
Real/00361.jpg,REAL,1,ONE_FACE,0.9431,"[56,44,140,193]"
Real/00364.jpg,REAL,1,ONE_FACE,0.9360,"[49,39,149,185]"
Real/00365.jpg,REAL,1,ONE_FACE,0.9476,"[65,53,137,179]"
Real/00366.jpg,REAL,1,ONE_FACE,0.9269,"[57,46,136,180]"
Real/00367.jpg,REAL,1,ONE_FACE,0.9319,"[64,41,135,198]"
Real/00368.jpg,REAL,1,ONE_FACE,0.9357,"[61,38,151,200]"
Real/00371.jpg,REAL,1,ONE_FACE,0.9357,"[56,41,146,197]"
Real/00372.jpg,REAL,1,ONE_FACE,0.9413,"[51,61,142,172]"
Real/00373.jpg,REAL,1,ONE_FACE,0.9445,"[57,55,139,176]"
Real/00374.jpg,REAL,1,ONE_FACE,0.9343,"[40,46,148,195]"
Real/00375.jpg,REAL,1,ONE_FACE,0.9309,"[66,51,124,151]"
Real/00376.jpg,REAL,1,ONE_FACE,0.9255,"[62,65,140,147]"
Real/00382.jpg,REAL,1,ONE_FACE,0.9359,"[52,61,141,172]"
Real/00384.jpg,REAL,1,ONE_FACE,0.9357,"[65,47,132,184]"
Real/00385.jpg,REAL,1,ONE_FACE,0.9192,"[31,55,131,185]"
Real/00386.jpg,REAL,1,ONE_FACE,0.9404,"[52,57,136,178]"
Real/00387.jpg,REAL,1,ONE_FACE,0.9331,"[52,53,147,194]"
Real/00391.jpg,REAL,1,ONE_FACE,0.9299,"[71,42,152,203]"
Real/00392.jpg,REAL,1,ONE_FACE,0.9424,"[49,33,146,202]"
Real/00393.jpg,REAL,1,ONE_FACE,0.9502,"[51,56,137,173]"
Real/00394.jpg,REAL,1,ONE_FACE,0.9217,"[47,45,158,189]"
Real/00395.jpg,REAL,1,ONE_FACE,0.9459,"[59,41,151,210]"
Real/00396.jpg,REAL,1,ONE_FACE,0.9347,"[38,39,155,207]"
Real/00397.jpg,REAL,1,ONE_FACE,0.9269,"[43,38,152,206]"
Real/00398.jpg,REAL,1,ONE_FACE,0.9348,"[33,54,143,190]"
Real/00399.jpg,REAL,1,ONE_FACE,0.9431,"[83,44,144,189]"
Real/00400.jpg,REAL,1,ONE_FACE,0.9501,"[68,36,159,215]"
Real/00402.jpg,REAL,1,ONE_FACE,0.9342,"[64,41,147,177]"
Real/00404.jpg,REAL,1,ONE_FACE,0.9427,"[50,59,135,172]"
Real/00406.jpg,REAL,1,ONE_FACE,0.9478,"[56,38,142,193]"
Real/00407.jpg,REAL,1,ONE_FACE,0.9447,"[115,36,121,216]"
Real/00408.jpg,REAL,1,ONE_FACE,0.9395,"[16,15,172,246]"
Real/00411.jpg,REAL,1,ONE_FACE,0.9322,"[80,28,154,223]"
Real/00412.jpg,REAL,1,ONE_FACE,0.9331,"[63,48,125,170]"
Real/00413.jpg,REAL,1,ONE_FACE,0.9336,"[57,54,144,191]"
Real/00414.jpg,REAL,2,MULTIPLE_FACES,"[0.9307, 0.6685]","[[47, 47, 140, 167], [173, 61, 83, 174]]"
Real/00415.jpg,REAL,1,ONE_FACE,0.9408,"[63,43,145,204]"
Real/00416.jpg,REAL,1,ONE_FACE,0.9337,"[60,48,148,199]"
Real/00417.jpg,REAL,2,MULTIPLE_FACES,"[0.938, 0.7718]","[[57, 58, 128, 168], [199, 55, 58, 104]]"
Real/00418.jpg,REAL,1,ONE_FACE,0.9391,"[62,48,129,180]"
Real/00420.jpg,REAL,1,ONE_FACE,0.9354,"[68,39,133,194]"
Real/00421.jpg,REAL,1,ONE_FACE,0.9303,"[55,42,142,203]"
Real/00422.jpg,REAL,1,ONE_FACE,0.9266,"[55,51,140,174]"
Real/00423.jpg,REAL,1,ONE_FACE,0.9288,"[55,38,157,196]"
Real/00424.jpg,REAL,1,ONE_FACE,0.9464,"[51,35,144,201]"
Real/00425.jpg,REAL,1,ONE_FACE,0.9389,"[62,30,157,214]"
Real/00426.jpg,REAL,1,ONE_FACE,0.9415,"[36,41,152,207]"
Real/00427.jpg,REAL,1,ONE_FACE,0.9347,"[51,41,138,186]"
Real/00428.jpg,REAL,1,ONE_FACE,0.9429,"[66,52,149,198]"
Real/00429.jpg,REAL,1,ONE_FACE,0.9332,"[55,56,147,202]"
Real/00430.jpg,REAL,1,ONE_FACE,0.9286,"[72,44,164,214]"
Real/00433.jpg,REAL,1,ONE_FACE,0.9271,"[66,47,141,177]"
Real/00435.jpg,REAL,1,ONE_FACE,0.9457,"[50,45,146,193]"
Real/00437.jpg,REAL,1,ONE_FACE,0.9338,"[56,40,137,192]"
Real/00438.jpg,REAL,1,ONE_FACE,0.9325,"[52,51,142,177]"
Real/00440.jpg,REAL,1,ONE_FACE,0.9453,"[66,44,158,203]"
Real/00441.jpg,REAL,1,ONE_FACE,0.9387,"[85,37,143,204]"
Real/00442.jpg,REAL,1,ONE_FACE,0.9387,"[68,40,165,208]"
Real/00443.jpg,REAL,1,ONE_FACE,0.9285,"[64,51,133,169]"
Real/00444.jpg,REAL,1,ONE_FACE,0.9371,"[78,33,133,204]"
Real/00446.jpg,REAL,1,ONE_FACE,0.9423,"[52,55,140,181]"
Real/00448.jpg,REAL,1,ONE_FACE,0.9439,"[66,58,148,183]"
Real/00449.jpg,REAL,1,ONE_FACE,0.9220,"[61,49,128,177]"
Real/00450.jpg,REAL,1,ONE_FACE,0.9391,"[52,52,143,181]"
Real/00451.jpg,REAL,1,ONE_FACE,0.9407,"[58,57,132,172]"
Real/00454.jpg,REAL,1,ONE_FACE,0.9378,"[54,44,135,190]"
Real/00455.jpg,REAL,1,ONE_FACE,0.9438,"[44,44,143,198]"
Real/00456.jpg,REAL,1,ONE_FACE,0.9403,"[51,48,135,186]"
Real/00457.jpg,REAL,1,ONE_FACE,0.9443,"[32,29,167,224]"
Real/00458.jpg,REAL,1,ONE_FACE,0.9411,"[58,40,142,196]"
Real/00459.jpg,REAL,1,ONE_FACE,0.9311,"[25,27,159,221]"
Real/00465.jpg,REAL,1,ONE_FACE,0.9249,"[29,38,154,206]"
Real/00467.jpg,REAL,1,ONE_FACE,0.9257,"[62,33,144,185]"
Real/00469.jpg,REAL,1,ONE_FACE,0.9396,"[52,51,147,195]"
Real/00470.jpg,REAL,1,ONE_FACE,0.9399,"[54,51,137,185]"
Real/00474.jpg,REAL,1,ONE_FACE,0.9361,"[78,37,150,196]"
Real/00475.jpg,REAL,1,ONE_FACE,0.9389,"[50,43,142,194]"
Real/00476.jpg,REAL,1,ONE_FACE,0.9340,"[55,52,147,185]"
Real/00477.jpg,REAL,1,ONE_FACE,0.9320,"[71,44,148,169]"
Real/00478.jpg,REAL,1,ONE_FACE,0.9436,"[71,44,145,201]"
Real/00479.jpg,REAL,1,ONE_FACE,0.9379,"[31,39,148,197]"
Real/00481.jpg,REAL,1,ONE_FACE,0.9401,"[68,46,133,189]"
Real/00483.jpg,REAL,1,ONE_FACE,0.9383,"[52,34,150,206]"
Real/00484.jpg,REAL,1,ONE_FACE,0.9231,"[74,36,153,201]"
Real/00485.jpg,REAL,1,ONE_FACE,0.9405,"[86,55,127,183]"
Real/00486.jpg,REAL,1,ONE_FACE,0.9460,"[54,48,138,182]"
Real/00487.jpg,REAL,1,ONE_FACE,0.9325,"[71,40,149,204]"
Real/00488.jpg,REAL,1,ONE_FACE,0.9299,"[61,59,148,166]"
Real/00490.jpg,REAL,1,ONE_FACE,0.9371,"[61,54,124,161]"
Real/00491.jpg,REAL,1,ONE_FACE,0.9173,"[73,61,130,176]"
Real/00493.jpg,REAL,1,ONE_FACE,0.9314,"[52,51,144,192]"
Real/00497.jpg,REAL,1,ONE_FACE,0.9399,"[62,55,128,158]"
Real/00498.jpg,REAL,1,ONE_FACE,0.9263,"[53,36,130,206]"
Real/00499.jpg,REAL,1,ONE_FACE,0.9395,"[51,41,139,191]"
Real/00500.jpg,REAL,1,ONE_FACE,0.9299,"[45,42,144,194]"
Real/00505.jpg,REAL,1,ONE_FACE,0.9397,"[85,42,158,207]"
Real/00506.jpg,REAL,1,ONE_FACE,0.9251,"[38,42,138,214]"
Real/00507.jpg,REAL,1,ONE_FACE,0.9371,"[56,43,132,187]"
Real/00508.jpg,REAL,1,ONE_FACE,0.9495,"[54,54,148,187]"
Real/00509.jpg,REAL,1,ONE_FACE,0.9465,"[62,54,132,174]"
Real/00510.jpg,REAL,1,ONE_FACE,0.9208,"[57,42,137,178]"
Real/00511.jpg,REAL,1,ONE_FACE,0.9415,"[57,36,152,208]"
Real/00514.jpg,REAL,1,ONE_FACE,0.9298,"[58,38,150,194]"
Real/00515.jpg,REAL,1,ONE_FACE,0.9395,"[61,40,142,198]"
Real/00517.jpg,REAL,1,ONE_FACE,0.9372,"[45,54,146,186]"
Real/00520.jpg,REAL,1,ONE_FACE,0.9274,"[59,71,132,157]"
Real/00521.jpg,REAL,1,ONE_FACE,0.9479,"[45,43,155,209]"
Real/00522.jpg,REAL,1,ONE_FACE,0.9374,"[67,52,155,185]"
Real/00524.jpg,REAL,1,ONE_FACE,0.9217,"[20,34,170,197]"
Real/00525.jpg,REAL,1,ONE_FACE,0.9469,"[42,41,151,205]"
Real/00526.jpg,REAL,1,ONE_FACE,0.9180,"[70,56,154,187]"
Real/00527.jpg,REAL,1,ONE_FACE,0.9430,"[54,55,147,191]"
Real/00528.jpg,REAL,1,ONE_FACE,0.9417,"[60,44,146,196]"
Real/00529.jpg,REAL,1,ONE_FACE,0.9239,"[62,45,149,190]"
Real/00530.jpg,REAL,1,ONE_FACE,0.9475,"[57,50,140,175]"
Real/00531.jpg,REAL,1,ONE_FACE,0.9397,"[40,38,145,193]"
Real/00532.jpg,REAL,1,ONE_FACE,0.9424,"[53,41,142,188]"
Real/00533.jpg,REAL,2,MULTIPLE_FACES,"[0.9234, 0.7903]","[[80, 32, 157, 208], [-2, 2, 110, 196]]"
Real/00534.jpg,REAL,1,ONE_FACE,0.9369,"[76,39,165,215]"
Real/00536.jpg,REAL,1,ONE_FACE,0.9390,"[54,35,145,203]"
Real/00537.jpg,REAL,1,ONE_FACE,0.9390,"[45,31,148,206]"
Real/00542.jpg,REAL,1,ONE_FACE,0.9457,"[39,45,151,202]"
Real/00544.jpg,REAL,1,ONE_FACE,0.9293,"[56,37,143,194]"
Real/00545.jpg,REAL,1,ONE_FACE,0.9338,"[59,48,143,195]"
Real/00546.jpg,REAL,1,ONE_FACE,0.9410,"[46,67,148,164]"
Real/00548.jpg,REAL,1,ONE_FACE,0.9422,"[16,30,167,217]"
Real/00550.jpg,REAL,1,ONE_FACE,0.9467,"[66,50,136,177]"
Real/00552.jpg,REAL,2,MULTIPLE_FACES,"[0.9427, 0.7833]","[[64, 45, 139, 187], [206, 67, 47, 91]]"
Real/00553.jpg,REAL,1,ONE_FACE,0.9434,"[31,38,155,217]"
Real/00555.jpg,REAL,1,ONE_FACE,0.9393,"[55,50,138,180]"
Real/00556.jpg,REAL,1,ONE_FACE,0.9415,"[59,49,139,175]"
Real/00557.jpg,REAL,1,ONE_FACE,0.9369,"[52,40,139,184]"
Real/00558.jpg,REAL,1,ONE_FACE,0.9408,"[62,55,129,166]"
Real/00559.jpg,REAL,1,ONE_FACE,0.9473,"[69,41,161,216]"
Real/00560.jpg,REAL,1,ONE_FACE,0.9498,"[59,42,142,184]"
Real/00561.jpg,REAL,1,ONE_FACE,0.9408,"[56,44,140,186]"
Real/00562.jpg,REAL,1,ONE_FACE,0.9122,"[57,56,142,183]"
Real/00563.jpg,REAL,1,ONE_FACE,0.9354,"[52,37,144,195]"
Real/00564.jpg,REAL,1,ONE_FACE,0.9368,"[67,54,137,182]"
Real/00567.jpg,REAL,1,ONE_FACE,0.9296,"[51,59,143,173]"
Real/00568.jpg,REAL,1,ONE_FACE,0.9384,"[56,55,130,185]"
Real/00569.jpg,REAL,1,ONE_FACE,0.9491,"[43,42,155,206]"
Real/00570.jpg,REAL,1,ONE_FACE,0.9380,"[71,32,154,206]"
Real/00571.jpg,REAL,1,ONE_FACE,0.9397,"[58,51,146,188]"
Real/00572.jpg,REAL,1,ONE_FACE,0.9477,"[57,51,141,182]"
Real/00574.jpg,REAL,1,ONE_FACE,0.9480,"[51,43,144,186]"
Real/00575.jpg,REAL,1,ONE_FACE,0.9483,"[37,44,151,202]"
Real/00576.jpg,REAL,1,ONE_FACE,0.9411,"[69,38,148,197]"
Real/00577.jpg,REAL,1,ONE_FACE,0.9402,"[52,39,147,195]"
Real/00578.jpg,REAL,1,ONE_FACE,0.9433,"[52,36,147,189]"
Real/00579.jpg,REAL,1,ONE_FACE,0.9307,"[74,44,144,197]"
Real/00580.jpg,REAL,1,ONE_FACE,0.9386,"[43,41,161,210]"
Real/00581.jpg,REAL,1,ONE_FACE,0.9416,"[62,33,147,213]"
Real/00582.jpg,REAL,1,ONE_FACE,0.9400,"[68,58,148,184]"
Real/00583.jpg,REAL,1,ONE_FACE,0.9429,"[58,45,137,172]"
Real/00584.jpg,REAL,1,ONE_FACE,0.9320,"[74,32,145,221]"
Real/00585.jpg,REAL,1,ONE_FACE,0.9361,"[53,57,136,161]"
Real/00589.jpg,REAL,1,ONE_FACE,0.9162,"[73,38,159,219]"
Real/00590.jpg,REAL,1,ONE_FACE,0.9437,"[58,51,147,171]"
Real/00592.jpg,REAL,1,ONE_FACE,0.9323,"[70,37,162,212]"
Real/00593.jpg,REAL,1,ONE_FACE,0.9389,"[58,49,136,192]"
Real/00594.jpg,REAL,1,ONE_FACE,0.9344,"[64,36,148,217]"
Real/00595.jpg,REAL,1,ONE_FACE,0.9453,"[77,50,156,193]"
Real/00597.jpg,REAL,1,ONE_FACE,0.9387,"[61,43,146,201]"
Real/00598.jpg,REAL,1,ONE_FACE,0.9435,"[60,47,139,177]"
Real/00599.jpg,REAL,1,ONE_FACE,0.9343,"[63,58,135,195]"
Real/00601.jpg,REAL,1,ONE_FACE,0.9335,"[62,54,142,176]"
Real/00602.jpg,REAL,1,ONE_FACE,0.9309,"[40,49,148,187]"
Real/00603.jpg,REAL,1,ONE_FACE,0.9482,"[46,38,149,198]"
Real/00604.jpg,REAL,1,ONE_FACE,0.9404,"[49,47,147,189]"
Real/00606.jpg,REAL,1,ONE_FACE,0.9458,"[51,63,144,179]"
Real/00607.jpg,REAL,1,ONE_FACE,0.9275,"[58,47,154,198]"
Real/00610.jpg,REAL,1,ONE_FACE,0.9403,"[66,58,137,160]"
Real/00611.jpg,REAL,1,ONE_FACE,0.9311,"[70,49,137,178]"
Real/00612.jpg,REAL,1,ONE_FACE,0.9434,"[61,46,133,197]"
Real/00613.jpg,REAL,1,ONE_FACE,0.9342,"[74,44,140,193]"
Real/00614.jpg,REAL,1,ONE_FACE,0.9345,"[52,35,139,194]"
Real/00615.jpg,REAL,1,ONE_FACE,0.9375,"[27,31,158,210]"
Real/00616.jpg,REAL,1,ONE_FACE,0.9417,"[60,63,145,176]"
Real/00617.jpg,REAL,1,ONE_FACE,0.9384,"[46,37,150,191]"
Real/00619.jpg,REAL,1,ONE_FACE,0.9341,"[71,51,127,173]"
Real/00621.jpg,REAL,1,ONE_FACE,0.9426,"[55,40,141,195]"
Real/00623.jpg,REAL,1,ONE_FACE,0.9476,"[51,46,141,187]"
Real/00624.jpg,REAL,1,ONE_FACE,0.9385,"[67,43,140,177]"
Real/00625.jpg,REAL,1,ONE_FACE,0.9314,"[67,53,137,177]"
Real/00627.jpg,REAL,2,MULTIPLE_FACES,"[0.9428, 0.6785]","[[55, 63, 135, 175], [204, 20, 22, 30]]"
Real/00628.jpg,REAL,1,ONE_FACE,0.9392,"[58,41,137,167]"
Real/00629.jpg,REAL,1,ONE_FACE,0.9386,"[57,57,142,188]"
Real/00631.jpg,REAL,1,ONE_FACE,0.9445,"[44,38,148,192]"
Real/00632.jpg,REAL,1,ONE_FACE,0.9477,"[51,35,150,210]"
Real/00633.jpg,REAL,1,ONE_FACE,0.9370,"[76,39,170,221]"
Real/00634.jpg,REAL,1,ONE_FACE,0.9388,"[75,53,127,176]"
Real/00635.jpg,REAL,1,ONE_FACE,0.9423,"[48,53,143,178]"
Real/00636.jpg,REAL,1,ONE_FACE,0.9352,"[69,35,164,220]"
Real/00637.jpg,REAL,1,ONE_FACE,0.9456,"[51,67,139,174]"
Real/00640.jpg,REAL,1,ONE_FACE,0.9399,"[55,50,157,197]"
Real/00641.jpg,REAL,1,ONE_FACE,0.9460,"[53,36,142,189]"
Real/00642.jpg,REAL,1,ONE_FACE,0.9374,"[77,45,150,208]"
Real/00643.jpg,REAL,1,ONE_FACE,0.9411,"[74,44,141,187]"
Real/00644.jpg,REAL,1,ONE_FACE,0.9393,"[45,46,148,204]"
Real/00645.jpg,REAL,1,ONE_FACE,0.9412,"[43,58,132,176]"
Real/00646.jpg,REAL,1,ONE_FACE,0.9377,"[62,62,137,172]"
Real/00648.jpg,REAL,1,ONE_FACE,0.9178,"[24,39,169,198]"
Real/00651.jpg,REAL,1,ONE_FACE,0.9186,"[51,47,122,171]"
Real/00652.jpg,REAL,1,ONE_FACE,0.9348,"[42,39,147,220]"
Real/00653.jpg,REAL,1,ONE_FACE,0.9351,"[63,45,135,184]"
Real/00655.jpg,REAL,1,ONE_FACE,0.9424,"[80,43,152,202]"
Real/00656.jpg,REAL,1,ONE_FACE,0.9307,"[56,39,144,191]"
Real/00657.jpg,REAL,1,ONE_FACE,0.9355,"[47,32,145,212]"
Real/00658.jpg,REAL,2,MULTIPLE_FACES,"[0.9307, 0.9077]","[[54, 52, 142, 180], [0, 2, 38, 77]]"
Real/00659.jpg,REAL,1,ONE_FACE,0.9387,"[65,59,136,170]"
Real/00660.jpg,REAL,1,ONE_FACE,0.9393,"[27,49,144,190]"
Real/00662.jpg,REAL,1,ONE_FACE,0.9367,"[53,49,158,194]"
Real/00663.jpg,REAL,1,ONE_FACE,0.9305,"[70,40,153,213]"
Real/00665.jpg,REAL,1,ONE_FACE,0.9402,"[56,43,143,163]"
Real/00666.jpg,REAL,1,ONE_FACE,0.9384,"[55,68,127,153]"
Real/00667.jpg,REAL,1,ONE_FACE,0.9469,"[41,44,148,203]"
Real/00668.jpg,REAL,1,ONE_FACE,0.9394,"[64,40,143,212]"
Real/00669.jpg,REAL,1,ONE_FACE,0.9399,"[54,48,144,182]"
Real/00670.jpg,REAL,1,ONE_FACE,0.9272,"[49,49,118,191]"
Real/00672.jpg,REAL,1,ONE_FACE,0.9359,"[48,42,149,191]"
Real/00674.jpg,REAL,1,ONE_FACE,0.9437,"[63,24,181,236]"
Real/00675.jpg,REAL,1,ONE_FACE,0.9396,"[69,49,140,190]"
Real/00676.jpg,REAL,1,ONE_FACE,0.9345,"[60,56,130,165]"
Real/00677.jpg,REAL,1,ONE_FACE,0.9299,"[54,48,147,192]"
Real/00678.jpg,REAL,1,ONE_FACE,0.9369,"[56,47,142,188]"
Real/00680.jpg,REAL,1,ONE_FACE,0.9377,"[63,54,132,178]"
Real/00682.jpg,REAL,1,ONE_FACE,0.9409,"[62,62,131,164]"
Real/00683.jpg,REAL,1,ONE_FACE,0.9191,"[53,35,166,217]"
Real/00685.jpg,REAL,1,ONE_FACE,0.9375,"[54,52,130,176]"
Real/00687.jpg,REAL,1,ONE_FACE,0.9353,"[72,41,152,203]"
Real/00688.jpg,REAL,1,ONE_FACE,0.9341,"[52,34,144,192]"
Real/00689.jpg,REAL,1,ONE_FACE,0.9390,"[46,36,148,203]"
Real/00691.jpg,REAL,1,ONE_FACE,0.9431,"[56,39,145,201]"
Real/00692.jpg,REAL,1,ONE_FACE,0.9340,"[31,39,138,197]"
Real/00695.jpg,REAL,1,ONE_FACE,0.9459,"[59,52,129,180]"
Real/00696.jpg,REAL,1,ONE_FACE,0.9444,"[46,46,140,194]"
Real/00697.jpg,REAL,1,ONE_FACE,0.9410,"[59,49,131,164]"
Real/00698.jpg,REAL,1,ONE_FACE,0.9440,"[57,47,141,181]"
Real/00699.jpg,REAL,1,ONE_FACE,0.9505,"[55,46,143,182]"
Real/00700.jpg,REAL,1,ONE_FACE,0.9346,"[39,42,137,188]"
Real/00701.jpg,REAL,1,ONE_FACE,0.9409,"[56,52,148,192]"
Real/00702.jpg,REAL,2,MULTIPLE_FACES,"[0.9113, 0.7375]","[[52, 38, 140, 190], [2, 54, 33, 55]]"
Real/00704.jpg,REAL,1,ONE_FACE,0.9434,"[37,34,157,208]"
Real/00705.jpg,REAL,1,ONE_FACE,0.9418,"[33,36,150,201]"
Real/00706.jpg,REAL,1,ONE_FACE,0.9155,"[56,61,137,159]"
Real/00707.jpg,REAL,1,ONE_FACE,0.9414,"[53,64,140,168]"
Real/00708.jpg,REAL,1,ONE_FACE,0.9444,"[53,35,145,199]"
Real/00709.jpg,REAL,1,ONE_FACE,0.9179,"[71,58,138,166]"
Real/00710.jpg,REAL,1,ONE_FACE,0.9407,"[50,41,143,191]"
Real/00711.jpg,REAL,1,ONE_FACE,0.9422,"[70,45,157,204]"
Real/00713.jpg,REAL,1,ONE_FACE,0.9436,"[59,44,140,176]"
Real/00714.jpg,REAL,1,ONE_FACE,0.9453,"[59,51,148,185]"
Real/00715.jpg,REAL,1,ONE_FACE,0.9412,"[41,44,151,215]"
Real/00716.jpg,REAL,1,ONE_FACE,0.9431,"[55,48,138,178]"
Real/00718.jpg,REAL,1,ONE_FACE,0.9297,"[37,33,150,211]"
Real/00719.jpg,REAL,1,ONE_FACE,0.9263,"[71,44,140,176]"
Real/00720.jpg,REAL,1,ONE_FACE,0.9471,"[40,39,153,201]"
Real/00721.jpg,REAL,1,ONE_FACE,0.9189,"[37,34,150,198]"
Real/00722.jpg,REAL,1,ONE_FACE,0.9448,"[56,45,135,185]"
Real/00723.jpg,REAL,1,ONE_FACE,0.9368,"[47,42,144,187]"
Real/00724.jpg,REAL,1,ONE_FACE,0.9333,"[60,55,147,153]"
Real/00726.jpg,REAL,1,ONE_FACE,0.9372,"[67,48,142,188]"
Real/00727.jpg,REAL,1,ONE_FACE,0.9374,"[55,35,148,202]"
Real/00729.jpg,REAL,1,ONE_FACE,0.9335,"[62,49,147,185]"
Real/00730.jpg,REAL,1,ONE_FACE,0.9212,"[73,43,136,182]"
Real/00732.jpg,REAL,1,ONE_FACE,0.9318,"[69,38,149,204]"
Real/00733.jpg,REAL,1,ONE_FACE,0.9183,"[68,50,141,188]"
Real/00736.jpg,REAL,1,ONE_FACE,0.9428,"[52,44,140,190]"
Real/00737.jpg,REAL,1,ONE_FACE,0.9385,"[81,42,133,200]"
Real/00738.jpg,REAL,1,ONE_FACE,0.9329,"[75,52,129,192]"
Real/00739.jpg,REAL,1,ONE_FACE,0.9375,"[64,42,147,212]"
Real/00741.jpg,REAL,1,ONE_FACE,0.9227,"[54,42,137,192]"
Real/00742.jpg,REAL,1,ONE_FACE,0.9324,"[68,37,146,190]"
Real/00744.jpg,REAL,2,MULTIPLE_FACES,"[0.9402, 0.6804]","[[65, 60, 141, 186], [30, 151, 19, 28]]"
Real/00745.jpg,REAL,1,ONE_FACE,0.9125,"[63,44,129,186]"
Real/00746.jpg,REAL,1,ONE_FACE,0.9259,"[67,37,153,196]"
Real/00747.jpg,REAL,1,ONE_FACE,0.9407,"[61,50,143,178]"
Real/00748.jpg,REAL,1,ONE_FACE,0.9354,"[55,36,157,213]"
Real/00750.jpg,REAL,1,ONE_FACE,0.9308,"[70,47,125,194]"
Real/00751.jpg,REAL,1,ONE_FACE,0.9387,"[68,66,119,155]"
Real/00752.jpg,REAL,1,ONE_FACE,0.9441,"[48,41,143,194]"
Real/00753.jpg,REAL,1,ONE_FACE,0.9462,"[58,45,134,169]"
Real/00754.jpg,REAL,1,ONE_FACE,0.9400,"[62,42,142,187]"
Real/00755.jpg,REAL,1,ONE_FACE,0.9387,"[66,67,136,156]"
Real/00756.jpg,REAL,1,ONE_FACE,0.9367,"[41,50,150,185]"
Real/00757.jpg,REAL,1,ONE_FACE,0.9366,"[29,40,148,196]"
Real/00758.jpg,REAL,1,ONE_FACE,0.9300,"[28,46,144,189]"
Real/00759.jpg,REAL,1,ONE_FACE,0.9352,"[84,37,134,199]"
Real/00760.jpg,REAL,1,ONE_FACE,0.9366,"[41,41,148,213]"
Real/00762.jpg,REAL,1,ONE_FACE,0.9280,"[21,42,151,201]"
Real/00763.jpg,REAL,1,ONE_FACE,0.9373,"[101,44,144,207]"
Real/00765.jpg,REAL,1,ONE_FACE,0.9283,"[27,28,151,204]"
Real/00766.jpg,REAL,1,ONE_FACE,0.9240,"[61,38,166,206]"
Real/00768.jpg,REAL,1,ONE_FACE,0.9500,"[55,46,137,190]"
Real/00769.jpg,REAL,1,ONE_FACE,0.9253,"[84,44,147,208]"
Real/00770.jpg,REAL,1,ONE_FACE,0.9272,"[58,59,146,187]"
Real/00771.jpg,REAL,1,ONE_FACE,0.9334,"[81,38,151,192]"
Real/00772.jpg,REAL,1,ONE_FACE,0.9272,"[42,65,150,167]"
Real/00773.jpg,REAL,1,ONE_FACE,0.9449,"[63,55,140,188]"
Real/00776.jpg,REAL,2,MULTIPLE_FACES,"[0.9369, 0.7514]","[[65, 44, 138, 198], [26, 104, 65, 98]]"
Real/00777.jpg,REAL,1,ONE_FACE,0.9373,"[40,45,142,185]"
Real/00778.jpg,REAL,1,ONE_FACE,0.9365,"[52,47,145,175]"
Real/00779.jpg,REAL,1,ONE_FACE,0.9298,"[57,38,137,188]"
Real/00780.jpg,REAL,1,ONE_FACE,0.9423,"[54,53,140,176]"
Real/00781.jpg,REAL,1,ONE_FACE,0.9321,"[63,50,147,192]"
Real/00782.jpg,REAL,1,ONE_FACE,0.9219,"[71,36,123,193]"
Real/00783.jpg,REAL,1,ONE_FACE,0.9316,"[47,48,143,185]"
Real/00784.jpg,REAL,1,ONE_FACE,0.9353,"[62,57,136,171]"
Real/00785.jpg,REAL,1,ONE_FACE,0.9507,"[65,45,128,183]"
Real/00786.jpg,REAL,1,ONE_FACE,0.9471,"[59,56,137,176]"
Real/00787.jpg,REAL,1,ONE_FACE,0.9395,"[59,44,134,188]"
Real/00788.jpg,REAL,1,ONE_FACE,0.9414,"[13,18,171,231]"
Real/00789.jpg,REAL,1,ONE_FACE,0.9409,"[48,46,142,184]"
Real/00790.jpg,REAL,1,ONE_FACE,0.9350,"[62,38,142,196]"
Real/00792.jpg,REAL,1,ONE_FACE,0.9400,"[54,51,146,175]"
Real/00794.jpg,REAL,1,ONE_FACE,0.9376,"[52,43,137,184]"
Real/00795.jpg,REAL,1,ONE_FACE,0.9452,"[48,54,142,175]"
Real/00797.jpg,REAL,1,ONE_FACE,0.9488,"[47,34,152,207]"
Real/00798.jpg,REAL,1,ONE_FACE,0.9407,"[71,48,141,202]"
Real/00799.jpg,REAL,1,ONE_FACE,0.9402,"[57,51,153,197]"
Real/00800.jpg,REAL,1,ONE_FACE,0.9444,"[54,44,139,193]"
Real/00805.jpg,REAL,1,ONE_FACE,0.9350,"[39,47,147,194]"
Real/00806.jpg,REAL,1,ONE_FACE,0.9389,"[81,44,144,215]"
Real/00807.jpg,REAL,1,ONE_FACE,0.9297,"[51,54,145,177]"
Real/00808.jpg,REAL,1,ONE_FACE,0.9444,"[60,48,137,180]"
Real/00809.jpg,REAL,1,ONE_FACE,0.9415,"[58,37,147,211]"
Real/00810.jpg,REAL,1,ONE_FACE,0.9435,"[66,48,130,186]"
Real/00811.jpg,REAL,1,ONE_FACE,0.9439,"[56,46,141,199]"
Real/00813.jpg,REAL,1,ONE_FACE,0.9238,"[62,51,134,170]"
Real/00815.jpg,REAL,1,ONE_FACE,0.9439,"[39,34,154,214]"
Real/00816.jpg,REAL,1,ONE_FACE,0.9420,"[46,51,141,176]"
Real/00817.jpg,REAL,1,ONE_FACE,0.9410,"[42,30,161,226]"
Real/00818.jpg,REAL,1,ONE_FACE,0.9410,"[53,51,139,177]"
Real/00819.jpg,REAL,1,ONE_FACE,0.9495,"[51,45,145,190]"
Real/00820.jpg,REAL,1,ONE_FACE,0.9384,"[60,56,134,187]"
Real/00821.jpg,REAL,1,ONE_FACE,0.9432,"[72,33,170,219]"
Real/00822.jpg,REAL,1,ONE_FACE,0.9363,"[54,39,140,197]"
Real/00823.jpg,REAL,1,ONE_FACE,0.9279,"[57,36,136,175]"
Real/00825.jpg,REAL,1,ONE_FACE,0.9468,"[49,37,144,195]"
Real/00826.jpg,REAL,1,ONE_FACE,0.9448,"[61,48,158,193]"
Real/00827.jpg,REAL,1,ONE_FACE,0.9364,"[67,47,144,191]"
Real/00828.jpg,REAL,1,ONE_FACE,0.9435,"[60,54,142,185]"
Real/00829.jpg,REAL,1,ONE_FACE,0.9370,"[50,44,139,188]"
Real/00831.jpg,REAL,1,ONE_FACE,0.9340,"[53,40,140,190]"
Real/00832.jpg,REAL,1,ONE_FACE,0.9469,"[53,55,135,175]"
Real/00833.jpg,REAL,1,ONE_FACE,0.9378,"[74,41,138,193]"
Real/00834.jpg,REAL,1,ONE_FACE,0.9284,"[61,44,132,170]"
Real/00836.jpg,REAL,1,ONE_FACE,0.9293,"[54,49,139,186]"
Real/00837.jpg,REAL,1,ONE_FACE,0.9284,"[45,42,148,191]"
Real/00838.jpg,REAL,1,ONE_FACE,0.9404,"[57,45,138,173]"
Real/00839.jpg,REAL,1,ONE_FACE,0.9379,"[64,61,136,173]"
Real/00840.jpg,REAL,1,ONE_FACE,0.9418,"[52,39,133,198]"
Real/00844.jpg,REAL,1,ONE_FACE,0.9277,"[58,55,153,189]"
Real/00845.jpg,REAL,1,ONE_FACE,0.9366,"[37,44,141,196]"
Real/00846.jpg,REAL,1,ONE_FACE,0.9256,"[58,51,142,197]"
Real/00847.jpg,REAL,1,ONE_FACE,0.9195,"[31,45,129,193]"
Real/00849.jpg,REAL,1,ONE_FACE,0.9388,"[55,46,139,180]"
Real/00850.jpg,REAL,1,ONE_FACE,0.9346,"[59,55,138,182]"
Real/00851.jpg,REAL,1,ONE_FACE,0.9385,"[63,47,140,177]"
Real/00852.jpg,REAL,1,ONE_FACE,0.9389,"[59,62,132,168]"
Real/00853.jpg,REAL,1,ONE_FACE,0.9496,"[66,44,146,191]"
Real/00854.jpg,REAL,1,ONE_FACE,0.9388,"[61,55,138,186]"
Real/00855.jpg,REAL,1,ONE_FACE,0.9396,"[38,46,131,188]"
Real/00857.jpg,REAL,1,ONE_FACE,0.9375,"[48,52,140,186]"
Real/00859.jpg,REAL,1,ONE_FACE,0.9375,"[58,24,165,216]"
Real/00860.jpg,REAL,1,ONE_FACE,0.9322,"[62,50,137,188]"
Real/00861.jpg,REAL,1,ONE_FACE,0.9412,"[57,42,139,182]"
Real/00863.jpg,REAL,1,ONE_FACE,0.9316,"[43,45,147,187]"
Real/00864.jpg,REAL,1,ONE_FACE,0.9413,"[54,50,142,164]"
Real/00866.jpg,REAL,1,ONE_FACE,0.9279,"[67,46,147,184]"
Real/00867.jpg,REAL,1,ONE_FACE,0.9400,"[55,65,142,172]"
Real/00869.jpg,REAL,1,ONE_FACE,0.9270,"[63,43,135,165]"
Real/00870.jpg,REAL,1,ONE_FACE,0.9178,"[67,44,139,197]"
Real/00871.jpg,REAL,1,ONE_FACE,0.9453,"[49,38,144,197]"
Real/00872.jpg,REAL,1,ONE_FACE,0.9385,"[80,50,134,183]"
Real/00873.jpg,REAL,1,ONE_FACE,0.9483,"[50,33,147,201]"
Real/00874.jpg,REAL,1,ONE_FACE,0.9319,"[46,40,152,206]"
Real/00875.jpg,REAL,1,ONE_FACE,0.9512,"[40,32,154,207]"
Real/00876.jpg,REAL,1,ONE_FACE,0.9180,"[70,38,149,187]"
Real/00877.jpg,REAL,1,ONE_FACE,0.9460,"[42,41,141,195]"
Real/00879.jpg,REAL,1,ONE_FACE,0.9329,"[68,47,131,179]"
Real/00880.jpg,REAL,1,ONE_FACE,0.9436,"[60,58,135,176]"
Real/00883.jpg,REAL,1,ONE_FACE,0.9227,"[80,51,139,180]"
Real/00884.jpg,REAL,1,ONE_FACE,0.9411,"[53,49,140,185]"
Real/00885.jpg,REAL,1,ONE_FACE,0.9337,"[50,46,141,198]"
Real/00886.jpg,REAL,1,ONE_FACE,0.9323,"[57,38,147,178]"
Real/00888.jpg,REAL,1,ONE_FACE,0.9256,"[56,46,127,184]"
Real/00890.jpg,REAL,1,ONE_FACE,0.9398,"[67,46,140,207]"
Real/00891.jpg,REAL,1,ONE_FACE,0.9368,"[43,49,140,182]"
Real/00892.jpg,REAL,1,ONE_FACE,0.9449,"[32,32,159,206]"
Real/00893.jpg,REAL,1,ONE_FACE,0.9346,"[57,47,134,194]"
Real/00895.jpg,REAL,1,ONE_FACE,0.9427,"[40,45,149,186]"
Real/00896.jpg,REAL,1,ONE_FACE,0.9406,"[61,35,148,211]"
Real/00897.jpg,REAL,1,ONE_FACE,0.9227,"[72,52,138,180]"
Real/00899.jpg,REAL,1,ONE_FACE,0.9387,"[51,66,142,157]"
Real/00901.jpg,REAL,2,MULTIPLE_FACES,"[0.9429, 0.8094]","[[54, 39, 137, 177], [1, 36, 56, 87]]"
Real/00902.jpg,REAL,1,ONE_FACE,0.9371,"[60,67,129,159]"
Real/00903.jpg,REAL,1,ONE_FACE,0.9463,"[53,35,149,211]"
Real/00904.jpg,REAL,1,ONE_FACE,0.9409,"[55,34,151,217]"
Real/00905.jpg,REAL,2,MULTIPLE_FACES,"[0.9389, 0.6171]","[[55, 72, 153, 175], [201, -5, 53, 118]]"
Real/00906.jpg,REAL,1,ONE_FACE,0.9137,"[74,44,159,205]"
Real/00907.jpg,REAL,1,ONE_FACE,0.9312,"[70,57,133,156]"
Real/00908.jpg,REAL,1,ONE_FACE,0.9395,"[57,37,141,193]"
Real/00909.jpg,REAL,1,ONE_FACE,0.9463,"[52,52,150,187]"
Real/00913.jpg,REAL,1,ONE_FACE,0.9396,"[66,35,145,217]"
Real/00914.jpg,REAL,1,ONE_FACE,0.9280,"[47,38,134,194]"
Real/00915.jpg,REAL,1,ONE_FACE,0.9363,"[72,60,147,172]"
Real/00916.jpg,REAL,1,ONE_FACE,0.9251,"[69,38,143,199]"
Real/00919.jpg,REAL,1,ONE_FACE,0.9485,"[59,37,146,202]"
Real/00920.jpg,REAL,1,ONE_FACE,0.9369,"[74,53,167,192]"
Real/00921.jpg,REAL,1,ONE_FACE,0.9333,"[38,40,148,188]"
Real/00922.jpg,REAL,1,ONE_FACE,0.9347,"[52,39,140,197]"
Real/00923.jpg,REAL,1,ONE_FACE,0.9238,"[38,45,148,180]"
Real/00924.jpg,REAL,1,ONE_FACE,0.9424,"[36,39,142,204]"
Real/00925.jpg,REAL,1,ONE_FACE,0.9446,"[81,39,155,209]"
Real/00926.jpg,REAL,1,ONE_FACE,0.9289,"[46,39,145,193]"
Real/00927.jpg,REAL,1,ONE_FACE,0.9470,"[68,44,145,196]"
Real/00928.jpg,REAL,1,ONE_FACE,0.9432,"[60,44,146,187]"
Real/00929.jpg,REAL,1,ONE_FACE,0.9398,"[30,38,154,204]"
Real/00930.jpg,REAL,1,ONE_FACE,0.9464,"[59,47,135,184]"
Real/00931.jpg,REAL,1,ONE_FACE,0.9501,"[57,38,158,209]"
Real/00932.jpg,REAL,1,ONE_FACE,0.9297,"[32,42,142,199]"
Real/00933.jpg,REAL,1,ONE_FACE,0.9355,"[64,60,130,150]"
Real/00934.jpg,REAL,1,ONE_FACE,0.9058,"[44,45,162,196]"
Real/00935.jpg,REAL,1,ONE_FACE,0.9260,"[75,51,125,194]"
Real/00936.jpg,REAL,1,ONE_FACE,0.9482,"[59,57,138,174]"
Real/00937.jpg,REAL,1,ONE_FACE,0.9303,"[62,51,146,193]"
Real/00938.jpg,REAL,1,ONE_FACE,0.9290,"[35,58,136,179]"
Real/00939.jpg,REAL,1,ONE_FACE,0.9213,"[37,44,144,194]"
Real/00941.jpg,REAL,1,ONE_FACE,0.9415,"[54,60,137,178]"
Real/00942.jpg,REAL,1,ONE_FACE,0.9326,"[53,41,138,192]"
Real/00943.jpg,REAL,1,ONE_FACE,0.9239,"[54,33,146,177]"
Real/00944.jpg,REAL,2,MULTIPLE_FACES,"[0.9183, 0.7265]","[[78, 37, 151, 190], [0, 19, 50, 89]]"
Real/00945.jpg,REAL,1,ONE_FACE,0.9325,"[78,37,134,212]"
Real/00950.jpg,REAL,1,ONE_FACE,0.9460,"[69,51,139,172]"
Real/00951.jpg,REAL,1,ONE_FACE,0.9404,"[51,52,141,179]"
Real/00952.jpg,REAL,1,ONE_FACE,0.9219,"[43,34,147,196]"
Real/00953.jpg,REAL,1,ONE_FACE,0.9475,"[63,56,131,170]"
Real/00954.jpg,REAL,2,MULTIPLE_FACES,"[0.9393, 0.8169]","[[59, 61, 145, 172], [-3, 2, 120, 121]]"
Real/00955.jpg,REAL,1,ONE_FACE,0.9519,"[47,41,153,205]"
Real/00956.jpg,REAL,1,ONE_FACE,0.9490,"[52,50,139,181]"
Real/00957.jpg,REAL,1,ONE_FACE,0.9456,"[52,43,139,193]"
Real/00958.jpg,REAL,1,ONE_FACE,0.9371,"[71,38,158,201]"
Real/00959.jpg,REAL,1,ONE_FACE,0.9291,"[51,51,141,174]"
Real/00960.jpg,REAL,2,MULTIPLE_FACES,"[0.9319, 0.8636]","[[90, 42, 131, 194], [79, 7, 36, 52]]"
Real/00961.jpg,REAL,1,ONE_FACE,0.9238,"[65,48,117,163]"
Real/00962.jpg,REAL,1,ONE_FACE,0.9395,"[63,55,132,168]"
Real/00963.jpg,REAL,1,ONE_FACE,0.9248,"[38,30,169,215]"
Real/00964.jpg,REAL,1,ONE_FACE,0.9379,"[64,40,138,198]"
Real/00965.jpg,REAL,1,ONE_FACE,0.9401,"[61,42,152,203]"
Real/00966.jpg,REAL,1,ONE_FACE,0.9439,"[67,40,145,210]"
Real/00968.jpg,REAL,1,ONE_FACE,0.9352,"[23,36,170,205]"
Real/00969.jpg,REAL,1,ONE_FACE,0.9297,"[37,45,132,183]"
Real/00971.jpg,REAL,1,ONE_FACE,0.9366,"[32,31,152,205]"
Real/00972.jpg,REAL,1,ONE_FACE,0.9479,"[64,41,140,205]"
Real/00973.jpg,REAL,1,ONE_FACE,0.9356,"[54,44,143,192]"
Real/00974.jpg,REAL,1,ONE_FACE,0.9387,"[42,50,148,164]"
Real/00975.jpg,REAL,1,ONE_FACE,0.9155,"[59,48,130,186]"
Real/00976.jpg,REAL,1,ONE_FACE,0.9325,"[67,52,135,174]"
Real/00979.jpg,REAL,1,ONE_FACE,0.9282,"[53,52,143,192]"
Real/00980.jpg,REAL,1,ONE_FACE,0.9463,"[63,40,150,199]"
Real/00983.jpg,REAL,1,ONE_FACE,0.9463,"[57,43,136,189]"
Real/00984.jpg,REAL,1,ONE_FACE,0.9431,"[62,54,129,173]"
Real/00985.jpg,REAL,1,ONE_FACE,0.9442,"[47,45,148,186]"
Real/00986.jpg,REAL,1,ONE_FACE,0.9362,"[58,41,140,192]"
Real/00987.jpg,REAL,1,ONE_FACE,0.9437,"[75,52,132,193]"
Real/00988.jpg,REAL,1,ONE_FACE,0.9396,"[70,45,139,201]"
Real/00989.jpg,REAL,1,ONE_FACE,0.9355,"[70,33,152,207]"
Real/00990.jpg,REAL,1,ONE_FACE,0.9391,"[51,44,146,182]"
Real/00993.jpg,REAL,1,ONE_FACE,0.9173,"[53,31,138,198]"
Real/00995.jpg,REAL,1,ONE_FACE,0.9459,"[56,35,145,198]"
Real/00996.jpg,REAL,1,ONE_FACE,0.9365,"[65,56,142,187]"
Real/00998.jpg,REAL,1,ONE_FACE,0.9409,"[61,49,130,182]"
Real/01000.jpg,REAL,2,MULTIPLE_FACES,"[0.9278, 0.6096]","[[33, 26, 146, 197], [202, 178, 9, 11]]"
Real/01001.jpg,REAL,1,ONE_FACE,0.9359,"[73,37,142,199]"
Real/01002.jpg,REAL,1,ONE_FACE,0.9385,"[51,42,140,188]"
Real/01006.jpg,REAL,1,ONE_FACE,0.9344,"[60,49,153,190]"
Real/01007.jpg,REAL,1,ONE_FACE,0.9390,"[40,41,155,208]"
Real/01008.jpg,REAL,2,MULTIPLE_FACES,"[0.9252, 0.6373]","[[60, 66, 133, 170], [2, 111, 38, 54]]"
Real/01009.jpg,REAL,1,ONE_FACE,0.9332,"[71,53,151,191]"
Real/01010.jpg,REAL,1,ONE_FACE,0.9303,"[81,52,142,196]"
Real/01011.jpg,REAL,1,ONE_FACE,0.9434,"[54,35,150,208]"
Real/01012.jpg,REAL,1,ONE_FACE,0.9392,"[61,47,132,182]"
Real/01013.jpg,REAL,1,ONE_FACE,0.9287,"[70,37,138,180]"
Real/01014.jpg,REAL,1,ONE_FACE,0.9377,"[51,41,157,202]"
Real/01016.jpg,REAL,1,ONE_FACE,0.9424,"[57,43,136,184]"
Real/01018.jpg,REAL,1,ONE_FACE,0.9368,"[56,40,129,182]"
Real/01021.jpg,REAL,1,ONE_FACE,0.9134,"[68,46,126,183]"
Real/01022.jpg,REAL,1,ONE_FACE,0.9434,"[58,48,141,186]"
Real/01025.jpg,REAL,1,ONE_FACE,0.9419,"[52,44,143,196]"
Real/01027.jpg,REAL,1,ONE_FACE,0.9390,"[44,36,137,196]"
Real/01028.jpg,REAL,1,ONE_FACE,0.9494,"[53,45,143,185]"
Real/01030.jpg,REAL,1,ONE_FACE,0.9270,"[64,42,138,166]"
Real/01031.jpg,REAL,1,ONE_FACE,0.9386,"[58,44,138,188]"
Real/01032.jpg,REAL,1,ONE_FACE,0.9431,"[51,51,143,177]"
Real/01033.jpg,REAL,1,ONE_FACE,0.9408,"[51,40,153,207]"
Real/01034.jpg,REAL,1,ONE_FACE,0.9284,"[59,34,132,193]"
Real/01036.jpg,REAL,1,ONE_FACE,0.9430,"[63,46,170,214]"
Real/01037.jpg,REAL,1,ONE_FACE,0.9449,"[60,54,133,174]"
Real/01038.jpg,REAL,1,ONE_FACE,0.9287,"[58,24,153,219]"
Real/01040.jpg,REAL,1,ONE_FACE,0.9280,"[65,49,153,187]"
Real/01042.jpg,REAL,1,ONE_FACE,0.9361,"[32,49,140,193]"
Real/01043.jpg,REAL,1,ONE_FACE,0.9474,"[53,60,145,177]"
Real/01045.jpg,REAL,1,ONE_FACE,0.9255,"[47,50,130,180]"
Real/01047.jpg,REAL,1,ONE_FACE,0.9350,"[58,34,145,200]"
Real/01048.jpg,REAL,1,ONE_FACE,0.9400,"[56,41,139,179]"
Real/01049.jpg,REAL,1,ONE_FACE,0.9282,"[58,42,142,171]"
Real/01050.jpg,REAL,1,ONE_FACE,0.9372,"[62,31,146,203]"
Real/01051.jpg,REAL,1,ONE_FACE,0.9361,"[50,36,134,183]"
Real/01052.jpg,REAL,1,ONE_FACE,0.9378,"[36,50,150,194]"
Real/01054.jpg,REAL,1,ONE_FACE,0.9346,"[24,26,160,212]"
Real/01055.jpg,REAL,2,MULTIPLE_FACES,"[0.9393, 0.715]","[[48, 40, 150, 197], [4, 202, 17, 28]]"
Real/01056.jpg,REAL,1,ONE_FACE,0.9486,"[59,46,148,200]"
Real/01058.jpg,REAL,1,ONE_FACE,0.9480,"[65,35,140,201]"
Real/01059.jpg,REAL,1,ONE_FACE,0.9390,"[44,53,142,182]"
Real/01060.jpg,REAL,1,ONE_FACE,0.9445,"[63,51,124,175]"
Real/01061.jpg,REAL,1,ONE_FACE,0.9262,"[71,35,137,206]"
Real/01062.jpg,REAL,1,ONE_FACE,0.9330,"[41,48,145,189]"
Real/01064.jpg,REAL,1,ONE_FACE,0.9389,"[47,40,147,205]"
Real/01065.jpg,REAL,1,ONE_FACE,0.9433,"[56,44,146,187]"
Real/01066.jpg,REAL,1,ONE_FACE,0.9421,"[56,42,133,174]"
Real/01069.jpg,REAL,1,ONE_FACE,0.9452,"[63,42,141,196]"
Real/01070.jpg,REAL,1,ONE_FACE,0.9487,"[63,54,146,184]"
Real/01071.jpg,REAL,1,ONE_FACE,0.9456,"[52,40,143,188]"
Real/01072.jpg,REAL,1,ONE_FACE,0.9403,"[64,52,136,180]"
Real/01073.jpg,REAL,1,ONE_FACE,0.9338,"[69,61,140,161]"
Real/01075.jpg,REAL,1,ONE_FACE,0.9444,"[55,37,144,192]"
Real/01076.jpg,REAL,1,ONE_FACE,0.9320,"[8,27,160,230]"
Real/01077.jpg,REAL,1,ONE_FACE,0.9176,"[82,48,151,196]"
Real/01080.jpg,REAL,1,ONE_FACE,0.9362,"[47,38,145,185]"
Real/01081.jpg,REAL,1,ONE_FACE,0.9450,"[46,47,136,194]"
Real/01083.jpg,REAL,1,ONE_FACE,0.9487,"[56,49,139,183]"
Real/01084.jpg,REAL,1,ONE_FACE,0.9310,"[100,50,122,202]"
Real/01085.jpg,REAL,1,ONE_FACE,0.9373,"[56,40,141,193]"
Real/01086.jpg,REAL,1,ONE_FACE,0.9384,"[59,44,146,199]"
Real/01087.jpg,REAL,1,ONE_FACE,0.9346,"[69,41,150,188]"
Real/01090.jpg,REAL,1,ONE_FACE,0.9399,"[64,41,142,198]"
Real/01091.jpg,REAL,1,ONE_FACE,0.9406,"[52,43,150,204]"
Real/01093.jpg,REAL,1,ONE_FACE,0.9360,"[66,48,147,183]"
Real/01094.jpg,REAL,1,ONE_FACE,0.9380,"[95,40,136,202]"
Real/01095.jpg,REAL,1,ONE_FACE,0.9389,"[49,41,146,207]"
Real/01096.jpg,REAL,1,ONE_FACE,0.9211,"[66,38,148,191]"
Real/01097.jpg,REAL,1,ONE_FACE,0.9477,"[54,41,142,194]"
Real/01098.jpg,REAL,1,ONE_FACE,0.9436,"[50,39,142,197]"
Real/01099.jpg,REAL,1,ONE_FACE,0.9415,"[59,49,138,184]"
Real/01100.jpg,REAL,1,ONE_FACE,0.9426,"[53,38,141,200]"
Real/01101.jpg,REAL,1,ONE_FACE,0.9272,"[29,46,136,200]"
Real/01102.jpg,REAL,1,ONE_FACE,0.9355,"[58,57,138,170]"
Real/01104.jpg,REAL,1,ONE_FACE,0.9414,"[66,41,142,196]"
Real/01105.jpg,REAL,1,ONE_FACE,0.9251,"[59,40,144,191]"
Real/01106.jpg,REAL,1,ONE_FACE,0.9245,"[76,66,136,170]"
Real/01107.jpg,REAL,1,ONE_FACE,0.9191,"[91,63,124,186]"
Real/01109.jpg,REAL,2,MULTIPLE_FACES,"[0.9374, 0.784]","[[48, 41, 141, 194], [0, 175, 25, 51]]"
Real/01110.jpg,REAL,1,ONE_FACE,0.9213,"[75,41,135,186]"
Real/01111.jpg,REAL,2,MULTIPLE_FACES,"[0.9304, 0.8892]","[[88, 44, 142, 189], [58, 23, 57, 89]]"
Real/01112.jpg,REAL,1,ONE_FACE,0.9338,"[52,38,146,209]"
Real/01113.jpg,REAL,1,ONE_FACE,0.9382,"[63,43,142,187]"
Real/01114.jpg,REAL,1,ONE_FACE,0.9371,"[71,33,147,193]"
Real/01115.jpg,REAL,1,ONE_FACE,0.9390,"[64,47,144,195]"
Real/01117.jpg,REAL,1,ONE_FACE,0.9436,"[53,61,136,181]"
Real/01118.jpg,REAL,1,ONE_FACE,0.9313,"[46,45,143,181]"
Real/01119.jpg,REAL,1,ONE_FACE,0.9277,"[51,49,139,162]"
Real/01120.jpg,REAL,1,ONE_FACE,0.9365,"[45,42,144,206]"
Real/01121.jpg,REAL,1,ONE_FACE,0.9295,"[61,58,142,182]"
Real/01125.jpg,REAL,1,ONE_FACE,0.9384,"[43,40,148,192]"
Real/01126.jpg,REAL,1,ONE_FACE,0.9479,"[71,57,139,170]"
Real/01127.jpg,REAL,1,ONE_FACE,0.9333,"[69,59,152,183]"
Real/01128.jpg,REAL,1,ONE_FACE,0.9390,"[53,45,134,188]"
Real/01129.jpg,REAL,1,ONE_FACE,0.9354,"[65,44,142,186]"
Real/01130.jpg,REAL,1,ONE_FACE,0.9343,"[62,55,135,178]"
Real/01131.jpg,REAL,1,ONE_FACE,0.9205,"[39,35,155,203]"
Real/01133.jpg,REAL,1,ONE_FACE,0.9406,"[44,51,145,192]"
Real/01134.jpg,REAL,1,ONE_FACE,0.9380,"[63,42,164,205]"
Real/01135.jpg,REAL,1,ONE_FACE,0.9391,"[62,36,146,215]"
Real/01138.jpg,REAL,1,ONE_FACE,0.9322,"[65,44,145,208]"
Real/01139.jpg,REAL,1,ONE_FACE,0.9304,"[65,45,145,197]"
Real/01140.jpg,REAL,1,ONE_FACE,0.9316,"[59,43,145,181]"
Real/01141.jpg,REAL,1,ONE_FACE,0.9413,"[73,33,166,218]"
Real/01143.jpg,REAL,1,ONE_FACE,0.9215,"[69,49,140,179]"
Real/01144.jpg,REAL,1,ONE_FACE,0.9415,"[53,41,146,188]"
Real/01145.jpg,REAL,1,ONE_FACE,0.9553,"[65,50,148,194]"
Real/01147.jpg,REAL,1,ONE_FACE,0.9355,"[80,38,122,203]"
Real/01149.jpg,REAL,1,ONE_FACE,0.9242,"[21,17,156,220]"
Real/01150.jpg,REAL,1,ONE_FACE,0.9351,"[42,38,144,196]"
Real/01151.jpg,REAL,1,ONE_FACE,0.9281,"[81,42,159,210]"
Real/01152.jpg,REAL,1,ONE_FACE,0.9400,"[56,49,140,193]"
Real/01153.jpg,REAL,1,ONE_FACE,0.9376,"[57,42,149,186]"
Real/01154.jpg,REAL,1,ONE_FACE,0.9396,"[71,48,128,187]"
Real/01155.jpg,REAL,1,ONE_FACE,0.9269,"[55,41,155,205]"
Real/01156.jpg,REAL,1,ONE_FACE,0.9270,"[66,42,170,203]"
Real/01158.jpg,REAL,1,ONE_FACE,0.9289,"[63,35,149,180]"
Real/01159.jpg,REAL,1,ONE_FACE,0.9287,"[58,38,148,186]"
Real/01160.jpg,REAL,1,ONE_FACE,0.9327,"[42,44,144,186]"
Real/01162.jpg,REAL,1,ONE_FACE,0.9156,"[56,55,141,161]"
Real/01163.jpg,REAL,1,ONE_FACE,0.9136,"[65,45,148,195]"
Real/01165.jpg,REAL,1,ONE_FACE,0.9346,"[64,51,133,179]"
Real/01167.jpg,REAL,1,ONE_FACE,0.9399,"[56,45,137,182]"
Real/01168.jpg,REAL,1,ONE_FACE,0.9400,"[55,36,142,195]"
Real/01169.jpg,REAL,1,ONE_FACE,0.9342,"[68,53,151,190]"
Real/01170.jpg,REAL,1,ONE_FACE,0.9350,"[67,53,127,184]"
Real/01171.jpg,REAL,1,ONE_FACE,0.9334,"[77,59,137,178]"
Real/01173.jpg,REAL,1,ONE_FACE,0.9333,"[34,36,151,181]"
Real/01174.jpg,REAL,1,ONE_FACE,0.9103,"[31,48,134,191]"
Real/01175.jpg,REAL,1,ONE_FACE,0.9417,"[56,37,152,195]"
Real/01176.jpg,REAL,1,ONE_FACE,0.9405,"[63,48,135,174]"
Real/01178.jpg,REAL,1,ONE_FACE,0.9413,"[54,53,140,177]"
Real/01179.jpg,REAL,1,ONE_FACE,0.9333,"[60,42,130,180]"
Real/01180.jpg,REAL,1,ONE_FACE,0.9303,"[80,38,160,199]"
Real/01182.jpg,REAL,1,ONE_FACE,0.9250,"[43,37,149,194]"
Real/01184.jpg,REAL,1,ONE_FACE,0.9413,"[48,38,146,198]"
Real/01185.jpg,REAL,1,ONE_FACE,0.9463,"[54,56,133,180]"
Real/01186.jpg,REAL,1,ONE_FACE,0.9399,"[53,42,138,186]"
Real/01187.jpg,REAL,1,ONE_FACE,0.9327,"[55,42,150,197]"
Real/01188.jpg,REAL,1,ONE_FACE,0.9449,"[49,38,157,213]"
Real/01189.jpg,REAL,1,ONE_FACE,0.9334,"[62,51,145,189]"
Real/01190.jpg,REAL,1,ONE_FACE,0.9397,"[31,46,150,194]"
Real/01192.jpg,REAL,1,ONE_FACE,0.9403,"[63,52,130,174]"
Real/01193.jpg,REAL,1,ONE_FACE,0.9466,"[56,47,142,188]"
Real/01194.jpg,REAL,1,ONE_FACE,0.9474,"[62,58,137,176]"
Real/01195.jpg,REAL,1,ONE_FACE,0.9350,"[54,39,152,198]"
Real/01197.jpg,REAL,1,ONE_FACE,0.9489,"[52,47,148,192]"
Real/01198.jpg,REAL,1,ONE_FACE,0.9327,"[72,40,150,193]"
Real/01199.jpg,REAL,1,ONE_FACE,0.9359,"[62,64,146,176]"
Real/01200.jpg,REAL,1,ONE_FACE,0.9248,"[44,55,136,171]"
Real/01201.jpg,REAL,1,ONE_FACE,0.9288,"[68,41,162,212]"
Real/01202.jpg,REAL,1,ONE_FACE,0.9384,"[54,49,140,192]"
Real/01204.jpg,REAL,1,ONE_FACE,0.9289,"[51,37,144,203]"
Real/01205.jpg,REAL,1,ONE_FACE,0.9442,"[65,43,148,201]"
Real/01207.jpg,REAL,1,ONE_FACE,0.9459,"[57,42,143,172]"
Real/01209.jpg,REAL,1,ONE_FACE,0.9429,"[29,35,153,202]"
Real/01210.jpg,REAL,1,ONE_FACE,0.9310,"[67,41,136,208]"
Real/01211.jpg,REAL,1,ONE_FACE,0.9399,"[62,49,139,181]"
Real/01213.jpg,REAL,1,ONE_FACE,0.9456,"[74,33,139,195]"
Real/01215.jpg,REAL,1,ONE_FACE,0.9443,"[41,43,150,195]"
Real/01217.jpg,REAL,1,ONE_FACE,0.9434,"[55,35,138,199]"
Real/01218.jpg,REAL,1,ONE_FACE,0.9360,"[42,46,142,190]"
Real/01219.jpg,REAL,1,ONE_FACE,0.9365,"[61,39,149,199]"
Real/01221.jpg,REAL,1,ONE_FACE,0.9483,"[51,39,143,196]"
Real/01223.jpg,REAL,1,ONE_FACE,0.9406,"[56,42,132,181]"
Real/01224.jpg,REAL,1,ONE_FACE,0.9259,"[67,49,137,191]"
Real/01225.jpg,REAL,1,ONE_FACE,0.9328,"[60,46,136,174]"
Real/01229.jpg,REAL,1,ONE_FACE,0.9420,"[49,50,136,175]"
Real/01230.jpg,REAL,1,ONE_FACE,0.9369,"[52,45,147,193]"
Real/01231.jpg,REAL,1,ONE_FACE,0.9322,"[63,49,144,190]"
Real/01232.jpg,REAL,1,ONE_FACE,0.9424,"[77,44,143,189]"
Real/01234.jpg,REAL,1,ONE_FACE,0.9355,"[50,43,144,207]"
Real/01235.jpg,REAL,1,ONE_FACE,0.9318,"[50,35,150,212]"
Real/01236.jpg,REAL,1,ONE_FACE,0.9337,"[56,46,139,184]"
Real/01241.jpg,REAL,1,ONE_FACE,0.9183,"[66,47,131,186]"
Real/01242.jpg,REAL,1,ONE_FACE,0.9345,"[63,51,137,179]"
Real/01243.jpg,REAL,1,ONE_FACE,0.9338,"[52,40,146,205]"
Real/01246.jpg,REAL,1,ONE_FACE,0.9401,"[56,48,140,182]"
Real/01248.jpg,REAL,2,MULTIPLE_FACES,"[0.9291, 0.7234]","[[71, 42, 143, 200], [9, 122, 20, 25]]"
Real/01249.jpg,REAL,1,ONE_FACE,0.9420,"[64,45,147,193]"
Real/01250.jpg,REAL,1,ONE_FACE,0.9308,"[57,40,136,184]"
Real/01251.jpg,REAL,1,ONE_FACE,0.9357,"[39,48,124,183]"
Real/01252.jpg,REAL,1,ONE_FACE,0.9418,"[62,48,138,184]"
Real/01253.jpg,REAL,1,ONE_FACE,0.9422,"[53,44,135,185]"
Real/01254.jpg,REAL,1,ONE_FACE,0.9442,"[66,44,136,180]"
Real/01255.jpg,REAL,1,ONE_FACE,0.9355,"[68,44,133,184]"
Real/01257.jpg,REAL,1,ONE_FACE,0.9334,"[70,44,146,192]"
Real/01258.jpg,REAL,1,ONE_FACE,0.9262,"[58,30,150,201]"
Real/01259.jpg,REAL,1,ONE_FACE,0.9372,"[68,36,143,202]"
Real/01260.jpg,REAL,1,ONE_FACE,0.9384,"[59,46,138,182]"
Real/01262.jpg,REAL,1,ONE_FACE,0.9482,"[54,40,143,191]"
Real/01263.jpg,REAL,4,MULTIPLE_FACES,"[0.9449, 0.8941, 0.8752, 0.8614]","[[53, 47, 146, 192], [214, 138, 35, 43], [14, 36, 33, 47], [229, 74, 27, 44]]"
Real/01264.jpg,REAL,1,ONE_FACE,0.9462,"[53,46,144,186]"
Real/01265.jpg,REAL,1,ONE_FACE,0.9282,"[57,69,138,177]"
Real/01266.jpg,REAL,1,ONE_FACE,0.9426,"[30,36,161,205]"
Real/01270.jpg,REAL,1,ONE_FACE,0.9359,"[63,47,136,178]"
Real/01271.jpg,REAL,1,ONE_FACE,0.9381,"[52,40,143,189]"
Real/01272.jpg,REAL,1,ONE_FACE,0.9360,"[66,38,134,202]"
Real/01273.jpg,REAL,1,ONE_FACE,0.9402,"[96,53,126,175]"
Real/01274.jpg,REAL,1,ONE_FACE,0.9375,"[66,60,141,178]"
Real/01275.jpg,REAL,1,ONE_FACE,0.9286,"[60,53,144,189]"
Real/01277.jpg,REAL,1,ONE_FACE,0.9437,"[60,48,150,195]"
Real/01278.jpg,REAL,1,ONE_FACE,0.9402,"[30,32,156,202]"
Real/01279.jpg,REAL,1,ONE_FACE,0.9411,"[46,36,154,206]"
Real/01283.jpg,REAL,1,ONE_FACE,0.9410,"[57,54,139,194]"
Real/01284.jpg,REAL,1,ONE_FACE,0.9446,"[29,38,156,213]"
Real/01285.jpg,REAL,1,ONE_FACE,0.9442,"[49,35,144,199]"
Real/01286.jpg,REAL,1,ONE_FACE,0.9244,"[33,39,154,186]"
Real/01287.jpg,REAL,1,ONE_FACE,0.9031,"[83,50,130,173]"
Real/01288.jpg,REAL,1,ONE_FACE,0.9409,"[50,39,151,176]"
Real/01289.jpg,REAL,1,ONE_FACE,0.9348,"[66,49,142,177]"
Real/01292.jpg,REAL,2,MULTIPLE_FACES,"[0.9352, 0.8279]","[[59, 47, 136, 189], [233, 158, 13, 17]]"
Real/01294.jpg,REAL,1,ONE_FACE,0.9338,"[59,53,145,190]"
Real/01295.jpg,REAL,1,ONE_FACE,0.9257,"[65,32,167,223]"
Real/01296.jpg,REAL,1,ONE_FACE,0.9425,"[67,43,135,184]"
Real/01297.jpg,REAL,1,ONE_FACE,0.9281,"[47,50,140,176]"
Real/01298.jpg,REAL,1,ONE_FACE,0.9426,"[64,57,136,158]"
Real/01300.jpg,REAL,1,ONE_FACE,0.9170,"[58,19,147,215]"
Real/01301.jpg,REAL,1,ONE_FACE,0.9366,"[40,44,143,187]"
Real/01302.jpg,REAL,1,ONE_FACE,0.9416,"[51,39,147,198]"
Real/01303.jpg,REAL,1,ONE_FACE,0.9286,"[53,52,151,197]"
Real/01304.jpg,REAL,1,ONE_FACE,0.9341,"[58,72,134,160]"
Real/01305.jpg,REAL,1,ONE_FACE,0.9411,"[58,39,153,198]"
Real/01306.jpg,REAL,1,ONE_FACE,0.9423,"[63,57,129,162]"
Real/01307.jpg,REAL,1,ONE_FACE,0.9375,"[66,37,141,196]"
Real/01308.jpg,REAL,2,MULTIPLE_FACES,"[0.9518, 0.7284]","[[57, 55, 138, 173], [196, -1, 52, 55]]"
Real/01309.jpg,REAL,1,ONE_FACE,0.9350,"[71,33,153,218]"
Real/01311.jpg,REAL,1,ONE_FACE,0.9352,"[67,33,162,195]"
Real/01312.jpg,REAL,1,ONE_FACE,0.9367,"[56,46,142,195]"
Real/01313.jpg,REAL,1,ONE_FACE,0.9394,"[60,48,129,181]"
Real/01314.jpg,REAL,1,ONE_FACE,0.9349,"[45,33,140,194]"
Real/01316.jpg,REAL,1,ONE_FACE,0.9431,"[56,50,142,186]"
Real/01317.jpg,REAL,2,MULTIPLE_FACES,"[0.9418, 0.6499]","[[50, 57, 130, 169], [212, 114, 45, 121]]"
Real/01318.jpg,REAL,1,ONE_FACE,0.9419,"[54,41,140,188]"
Real/01319.jpg,REAL,1,ONE_FACE,0.9486,"[53,44,145,199]"
Real/01321.jpg,REAL,1,ONE_FACE,0.9271,"[62,50,132,174]"
Real/01322.jpg,REAL,1,ONE_FACE,0.9321,"[61,43,137,198]"
Real/01323.jpg,REAL,1,ONE_FACE,0.9440,"[63,38,144,178]"
Real/01324.jpg,REAL,1,ONE_FACE,0.9388,"[46,50,147,188]"
Real/01325.jpg,REAL,1,ONE_FACE,0.9477,"[55,38,150,193]"
Real/01326.jpg,REAL,1,ONE_FACE,0.9466,"[65,61,126,158]"
Real/01327.jpg,REAL,1,ONE_FACE,0.9410,"[75,35,161,200]"
Real/01329.jpg,REAL,1,ONE_FACE,0.9391,"[54,51,152,182]"
Real/01330.jpg,REAL,1,ONE_FACE,0.9420,"[76,50,132,194]"
Real/01331.jpg,REAL,1,ONE_FACE,0.9321,"[41,40,154,212]"
Real/01334.jpg,REAL,1,ONE_FACE,0.9007,"[77,56,133,173]"
Real/01337.jpg,REAL,1,ONE_FACE,0.9390,"[62,33,165,175]"
Real/01338.jpg,REAL,1,ONE_FACE,0.9351,"[64,61,130,161]"
Real/01339.jpg,REAL,1,ONE_FACE,0.9457,"[62,44,142,187]"
Real/01340.jpg,REAL,1,ONE_FACE,0.9367,"[73,44,139,193]"
Real/01341.jpg,REAL,1,ONE_FACE,0.9237,"[73,45,140,205]"
Real/01342.jpg,REAL,3,MULTIPLE_FACES,"[0.9225, 0.9156, 0.6432]","[[71, 54, 131, 181], [0, 145, 43, 84], [46, 183, 51, 71]]"
Real/01344.jpg,REAL,1,ONE_FACE,0.9417,"[51,52,139,178]"
Real/01345.jpg,REAL,1,ONE_FACE,0.9380,"[53,59,143,174]"
Real/01348.jpg,REAL,1,ONE_FACE,0.9429,"[48,40,147,205]"
Real/01349.jpg,REAL,1,ONE_FACE,0.9434,"[81,35,155,201]"
Real/01351.jpg,REAL,1,ONE_FACE,0.9317,"[56,48,139,180]"
Real/01352.jpg,REAL,1,ONE_FACE,0.9400,"[52,41,143,187]"
Real/01354.jpg,REAL,1,ONE_FACE,0.9333,"[62,46,156,197]"
Real/01355.jpg,REAL,1,ONE_FACE,0.9267,"[50,44,122,183]"
Real/01358.jpg,REAL,1,ONE_FACE,0.9447,"[60,47,135,189]"
Real/01359.jpg,REAL,1,ONE_FACE,0.9356,"[58,60,140,178]"
Real/01362.jpg,REAL,1,ONE_FACE,0.9454,"[65,50,129,180]"
Real/01366.jpg,REAL,1,ONE_FACE,0.9442,"[54,35,143,196]"
Real/01368.jpg,REAL,1,ONE_FACE,0.9408,"[54,49,141,164]"
Real/01370.jpg,REAL,1,ONE_FACE,0.9449,"[51,58,143,177]"
Real/01371.jpg,REAL,1,ONE_FACE,0.9442,"[45,55,133,183]"
Real/01373.jpg,REAL,1,ONE_FACE,0.9408,"[44,40,140,209]"
Real/01374.jpg,REAL,1,ONE_FACE,0.9186,"[61,45,150,193]"
Real/01375.jpg,REAL,1,ONE_FACE,0.9408,"[66,46,147,198]"
Real/01377.jpg,REAL,1,ONE_FACE,0.9419,"[60,39,139,197]"
Real/01379.jpg,REAL,1,ONE_FACE,0.9120,"[78,36,155,194]"
Real/01381.jpg,REAL,1,ONE_FACE,0.9352,"[58,53,129,176]"
Real/01382.jpg,REAL,1,ONE_FACE,0.9331,"[30,36,136,201]"
Real/01383.jpg,REAL,1,ONE_FACE,0.9447,"[39,39,153,195]"
Real/01384.jpg,REAL,1,ONE_FACE,0.9370,"[31,39,152,194]"
Real/01386.jpg,REAL,1,ONE_FACE,0.9405,"[58,42,145,183]"
Real/01387.jpg,REAL,1,ONE_FACE,0.9330,"[51,48,145,194]"
Real/01389.jpg,REAL,1,ONE_FACE,0.9329,"[70,40,161,205]"
Real/01390.jpg,REAL,1,ONE_FACE,0.9333,"[69,40,150,194]"
Real/01391.jpg,REAL,1,ONE_FACE,0.9303,"[63,59,137,182]"
Real/01393.jpg,REAL,1,ONE_FACE,0.9418,"[55,44,141,196]"
Real/01394.jpg,REAL,1,ONE_FACE,0.9296,"[55,50,139,177]"
Real/01395.jpg,REAL,1,ONE_FACE,0.9370,"[58,45,148,195]"
Real/01396.jpg,REAL,1,ONE_FACE,0.9378,"[30,31,159,230]"
Real/01397.jpg,REAL,1,ONE_FACE,0.9234,"[62,45,144,195]"
Real/01398.jpg,REAL,1,ONE_FACE,0.9336,"[53,51,149,195]"
Real/01399.jpg,REAL,1,ONE_FACE,0.9193,"[68,52,136,179]"
Real/01400.jpg,REAL,1,ONE_FACE,0.9320,"[97,58,131,192]"
Real/01402.jpg,REAL,1,ONE_FACE,0.9363,"[56,44,137,188]"
Real/01404.jpg,REAL,1,ONE_FACE,0.9419,"[56,39,139,193]"
Real/01405.jpg,REAL,1,ONE_FACE,0.9376,"[80,50,140,189]"
Real/01408.jpg,REAL,1,ONE_FACE,0.9437,"[52,41,142,194]"
Real/01410.jpg,REAL,1,ONE_FACE,0.9463,"[45,49,141,188]"
Real/01411.jpg,REAL,1,ONE_FACE,0.9400,"[67,51,145,197]"
Real/01414.jpg,REAL,1,ONE_FACE,0.9412,"[48,46,154,196]"
Real/01415.jpg,REAL,1,ONE_FACE,0.9471,"[47,48,146,184]"
Real/01416.jpg,REAL,1,ONE_FACE,0.9311,"[62,41,144,190]"
Real/01417.jpg,REAL,2,MULTIPLE_FACES,"[0.941, 0.9206]","[[77, 37, 147, 208], [-2, -5, 59, 88]]"
Real/01418.jpg,REAL,1,ONE_FACE,0.9464,"[39,37,151,202]"
Real/01419.jpg,REAL,1,ONE_FACE,0.9357,"[49,46,139,181]"
Real/01420.jpg,REAL,1,ONE_FACE,0.9408,"[67,49,142,187]"
Real/01421.jpg,REAL,1,ONE_FACE,0.9440,"[45,36,144,201]"
Real/01422.jpg,REAL,1,ONE_FACE,0.9365,"[77,54,136,173]"
Real/01424.jpg,REAL,1,ONE_FACE,0.9367,"[45,48,134,189]"
Real/01425.jpg,REAL,2,MULTIPLE_FACES,"[0.9362, 0.7903]","[[63, 61, 139, 165], [0, 47, 34, 54]]"
Real/01426.jpg,REAL,1,ONE_FACE,0.9273,"[62,47,143,193]"
Real/01427.jpg,REAL,1,ONE_FACE,0.9416,"[51,43,140,183]"
Real/01429.jpg,REAL,1,ONE_FACE,0.9342,"[73,38,143,207]"
Real/01430.jpg,REAL,1,ONE_FACE,0.9288,"[57,56,132,179]"
Real/01432.jpg,REAL,1,ONE_FACE,0.9254,"[33,38,144,204]"
Real/01433.jpg,REAL,1,ONE_FACE,0.9371,"[75,40,167,218]"
Real/01434.jpg,REAL,1,ONE_FACE,0.9479,"[51,40,147,202]"
Real/01436.jpg,REAL,1,ONE_FACE,0.9247,"[44,42,152,204]"
Real/01437.jpg,REAL,1,ONE_FACE,0.9264,"[23,39,158,210]"
Real/01439.jpg,REAL,1,ONE_FACE,0.9228,"[26,43,153,196]"
Real/01440.jpg,REAL,1,ONE_FACE,0.9394,"[44,41,146,202]"
Real/01441.jpg,REAL,1,ONE_FACE,0.9429,"[44,46,145,182]"
Real/01443.jpg,REAL,1,ONE_FACE,0.9331,"[69,69,138,159]"
Real/01446.jpg,REAL,1,ONE_FACE,0.9208,"[60,36,155,174]"
Real/01448.jpg,REAL,1,ONE_FACE,0.9423,"[31,39,149,199]"
Real/01449.jpg,REAL,1,ONE_FACE,0.9503,"[33,40,148,218]"
Real/01450.jpg,REAL,1,ONE_FACE,0.9317,"[55,47,141,182]"
Real/01451.jpg,REAL,1,ONE_FACE,0.9214,"[22,31,165,207]"
Real/01452.jpg,REAL,1,ONE_FACE,0.9487,"[49,38,151,206]"
Real/01453.jpg,REAL,1,ONE_FACE,0.9234,"[43,44,145,181]"
Real/01455.jpg,REAL,1,ONE_FACE,0.9134,"[32,42,147,191]"
Real/01457.jpg,REAL,1,ONE_FACE,0.9436,"[53,35,147,196]"
Real/01458.jpg,REAL,1,ONE_FACE,0.9393,"[37,38,153,198]"
Real/01459.jpg,REAL,1,ONE_FACE,0.9315,"[74,62,133,173]"
Real/01462.jpg,REAL,1,ONE_FACE,0.9198,"[47,67,134,159]"
Real/01463.jpg,REAL,1,ONE_FACE,0.9400,"[58,47,129,171]"
Real/01464.jpg,REAL,1,ONE_FACE,0.9479,"[58,48,133,166]"
Real/01465.jpg,REAL,1,ONE_FACE,0.9422,"[63,44,134,179]"
Real/01466.jpg,REAL,1,ONE_FACE,0.9347,"[56,48,162,200]"
Real/01468.jpg,REAL,1,ONE_FACE,0.9462,"[71,50,134,181]"
Real/01469.jpg,REAL,1,ONE_FACE,0.9153,"[38,46,149,179]"
Real/01471.jpg,REAL,1,ONE_FACE,0.9457,"[53,43,142,191]"
Real/01472.jpg,REAL,1,ONE_FACE,0.9317,"[46,56,143,180]"
Real/01473.jpg,REAL,1,ONE_FACE,0.9438,"[46,38,146,192]"
Real/01474.jpg,REAL,1,ONE_FACE,0.9357,"[33,38,156,200]"
Real/01477.jpg,REAL,1,ONE_FACE,0.9366,"[51,53,138,162]"
Real/01479.jpg,REAL,1,ONE_FACE,0.9287,"[51,50,148,179]"
Real/01480.jpg,REAL,1,ONE_FACE,0.9150,"[79,33,158,203]"
Real/01481.jpg,REAL,1,ONE_FACE,0.9460,"[53,54,141,181]"
Real/01482.jpg,REAL,1,ONE_FACE,0.9384,"[59,50,155,196]"
Real/01483.jpg,REAL,1,ONE_FACE,0.9372,"[51,42,142,200]"
Real/01484.jpg,REAL,1,ONE_FACE,0.9295,"[35,33,141,195]"
Real/01485.jpg,REAL,1,ONE_FACE,0.9451,"[53,50,144,182]"
Real/01486.jpg,REAL,1,ONE_FACE,0.9456,"[57,40,138,193]"
Real/01487.jpg,REAL,1,ONE_FACE,0.9261,"[77,61,131,171]"
Real/01488.jpg,REAL,1,ONE_FACE,0.9492,"[59,54,133,178]"
Real/01489.jpg,REAL,1,ONE_FACE,0.9414,"[65,36,159,217]"
Real/01490.jpg,REAL,1,ONE_FACE,0.9394,"[51,54,142,183]"
Real/01493.jpg,REAL,1,ONE_FACE,0.9365,"[63,54,133,172]"
Real/01494.jpg,REAL,1,ONE_FACE,0.9370,"[38,35,154,214]"
Real/01495.jpg,REAL,1,ONE_FACE,0.9458,"[58,24,160,223]"
Real/01497.jpg,REAL,1,ONE_FACE,0.9383,"[59,37,150,206]"
Real/01498.jpg,REAL,1,ONE_FACE,0.9270,"[73,47,146,182]"
Real/01499.jpg,REAL,1,ONE_FACE,0.9346,"[63,43,133,178]"
Real/01500.jpg,REAL,1,ONE_FACE,0.9386,"[55,58,132,155]"
Real/01501.jpg,REAL,1,ONE_FACE,0.9310,"[72,42,137,202]"
Real/01502.jpg,REAL,1,ONE_FACE,0.9426,"[57,55,141,187]"
Real/01503.jpg,REAL,1,ONE_FACE,0.9494,"[60,44,147,203]"
Real/01504.jpg,REAL,1,ONE_FACE,0.9367,"[61,48,139,172]"
Real/01505.jpg,REAL,1,ONE_FACE,0.9411,"[54,49,140,192]"
Real/01506.jpg,REAL,1,ONE_FACE,0.9332,"[59,43,169,205]"
Real/01508.jpg,REAL,1,ONE_FACE,0.9349,"[44,44,148,202]"
Real/01509.jpg,REAL,1,ONE_FACE,0.9332,"[54,52,144,181]"
Real/01510.jpg,REAL,1,ONE_FACE,0.9129,"[30,37,164,194]"
Real/01511.jpg,REAL,1,ONE_FACE,0.9412,"[47,39,142,185]"
Real/01512.jpg,REAL,1,ONE_FACE,0.9310,"[41,40,158,197]"
Real/01513.jpg,REAL,1,ONE_FACE,0.9359,"[61,53,138,188]"
Real/01515.jpg,REAL,1,ONE_FACE,0.9382,"[37,42,146,208]"
Real/01516.jpg,REAL,1,ONE_FACE,0.9388,"[57,41,140,192]"
Real/01520.jpg,REAL,1,ONE_FACE,0.9458,"[62,43,140,194]"
Real/01521.jpg,REAL,1,ONE_FACE,0.9421,"[49,36,153,213]"
Real/01522.jpg,REAL,1,ONE_FACE,0.9470,"[55,38,142,205]"
Real/01523.jpg,REAL,1,ONE_FACE,0.9417,"[59,47,141,199]"
Real/01524.jpg,REAL,1,ONE_FACE,0.9283,"[60,55,133,175]"
Real/01525.jpg,REAL,1,ONE_FACE,0.9402,"[51,39,146,194]"
Real/01528.jpg,REAL,1,ONE_FACE,0.9131,"[72,56,131,184]"
Real/01529.jpg,REAL,1,ONE_FACE,0.9422,"[48,39,145,192]"
Real/01530.jpg,REAL,1,ONE_FACE,0.9293,"[51,36,148,205]"
Real/01531.jpg,REAL,1,ONE_FACE,0.9306,"[58,38,140,195]"
Real/01532.jpg,REAL,1,ONE_FACE,0.9412,"[58,49,134,182]"
Real/01533.jpg,REAL,1,ONE_FACE,0.9301,"[55,71,133,146]"
Real/01534.jpg,REAL,1,ONE_FACE,0.9489,"[57,51,147,185]"
Real/01535.jpg,REAL,1,ONE_FACE,0.9399,"[52,46,143,180]"
Real/01536.jpg,REAL,1,ONE_FACE,0.9360,"[62,46,135,187]"
Real/01538.jpg,REAL,1,ONE_FACE,0.9290,"[77,48,132,196]"
Real/01539.jpg,REAL,1,ONE_FACE,0.9379,"[51,42,142,186]"
Real/01540.jpg,REAL,2,MULTIPLE_FACES,"[0.9293, 0.914]","[[63, 42, 140, 201], [-1, 45, 36, 81]]"
Real/01542.jpg,REAL,1,ONE_FACE,0.9264,"[60,38,138,186]"
Real/01543.jpg,REAL,1,ONE_FACE,0.9347,"[64,60,145,163]"
Real/01544.jpg,REAL,1,ONE_FACE,0.9350,"[36,40,158,208]"
Real/01545.jpg,REAL,2,MULTIPLE_FACES,"[0.9348, 0.6941]","[[80, 46, 150, 195], [20, 1, 48, 51]]"
Real/01548.jpg,REAL,1,ONE_FACE,0.9415,"[67,38,145,197]"
Real/01550.jpg,REAL,1,ONE_FACE,0.9444,"[55,49,140,184]"
Real/01552.jpg,REAL,1,ONE_FACE,0.9252,"[77,52,131,190]"
Real/01553.jpg,REAL,1,ONE_FACE,0.9170,"[69,45,149,188]"
Real/01554.jpg,REAL,1,ONE_FACE,0.9323,"[84,51,142,200]"
Real/01556.jpg,REAL,1,ONE_FACE,0.9407,"[67,39,139,195]"
Real/01557.jpg,REAL,1,ONE_FACE,0.9460,"[56,41,134,179]"
Real/01558.jpg,REAL,1,ONE_FACE,0.9489,"[58,65,131,163]"
Real/01559.jpg,REAL,1,ONE_FACE,0.9416,"[52,40,138,199]"
Real/01561.jpg,REAL,1,ONE_FACE,0.9393,"[66,50,145,196]"
Real/01562.jpg,REAL,1,ONE_FACE,0.9412,"[70,42,134,180]"
Real/01565.jpg,REAL,1,ONE_FACE,0.9220,"[79,54,124,188]"
Real/01566.jpg,REAL,1,ONE_FACE,0.9423,"[45,46,143,184]"
Real/01567.jpg,REAL,1,ONE_FACE,0.9365,"[61,51,134,184]"
Real/01568.jpg,REAL,1,ONE_FACE,0.9483,"[47,39,148,217]"
Real/01569.jpg,REAL,1,ONE_FACE,0.9298,"[52,50,149,195]"
Real/01570.jpg,REAL,1,ONE_FACE,0.9354,"[81,38,158,210]"
Real/01571.jpg,REAL,2,MULTIPLE_FACES,"[0.9374, 0.6067]","[[68, 33, 174, 227], [13, 60, 41, 46]]"
Real/01572.jpg,REAL,1,ONE_FACE,0.9478,"[76,41,147,206]"
Real/01573.jpg,REAL,1,ONE_FACE,0.9227,"[73,46,150,195]"
Real/01574.jpg,REAL,2,MULTIPLE_FACES,"[0.9367, 0.9101]","[[65, 49, 143, 191], [0, 82, 28, 48]]"
Real/01576.jpg,REAL,1,ONE_FACE,0.9401,"[58,48,133,176]"
Real/01577.jpg,REAL,1,ONE_FACE,0.9367,"[59,63,141,182]"
Real/01580.jpg,REAL,1,ONE_FACE,0.9435,"[50,42,139,191]"
Real/01581.jpg,REAL,1,ONE_FACE,0.9412,"[43,41,150,203]"
Real/01582.jpg,REAL,1,ONE_FACE,0.9420,"[50,40,148,200]"
Real/01583.jpg,REAL,1,ONE_FACE,0.9218,"[43,48,149,182]"
Real/01584.jpg,REAL,1,ONE_FACE,0.9427,"[67,47,128,192]"
Real/01585.jpg,REAL,1,ONE_FACE,0.9357,"[77,38,150,201]"
Real/01586.jpg,REAL,1,ONE_FACE,0.9337,"[50,47,144,179]"
Real/01588.jpg,REAL,1,ONE_FACE,0.9499,"[69,39,154,205]"
Real/01589.jpg,REAL,1,ONE_FACE,0.9373,"[74,48,129,187]"
Real/01591.jpg,REAL,1,ONE_FACE,0.9347,"[55,37,143,186]"
Real/01592.jpg,REAL,1,ONE_FACE,0.9162,"[19,50,155,191]"
Real/01594.jpg,REAL,1,ONE_FACE,0.9350,"[59,64,129,162]"
Real/01595.jpg,REAL,1,ONE_FACE,0.9502,"[51,45,148,197]"
Real/01599.jpg,REAL,1,ONE_FACE,0.9100,"[51,77,112,151]"
Real/01600.jpg,REAL,1,ONE_FACE,0.9462,"[48,44,142,189]"
Real/01602.jpg,REAL,1,ONE_FACE,0.9403,"[49,59,143,183]"
Real/01604.jpg,REAL,2,MULTIPLE_FACES,"[0.9448, 0.7262]","[[36, 49, 162, 196], [162, 0, 96, 88]]"
Real/01605.jpg,REAL,1,ONE_FACE,0.9287,"[38,48,159,198]"
Real/01606.jpg,REAL,1,ONE_FACE,0.9472,"[72,47,153,196]"
Real/01607.jpg,REAL,1,ONE_FACE,0.9489,"[48,36,159,209]"
Real/01609.jpg,REAL,1,ONE_FACE,0.9386,"[46,49,140,194]"
Real/01611.jpg,REAL,1,ONE_FACE,0.9042,"[57,61,114,174]"
Real/01612.jpg,REAL,1,ONE_FACE,0.9421,"[61,41,146,208]"
Real/01613.jpg,REAL,1,ONE_FACE,0.9488,"[81,50,136,186]"
Real/01614.jpg,REAL,1,ONE_FACE,0.9356,"[63,56,130,156]"
Real/01615.jpg,REAL,2,MULTIPLE_FACES,"[0.9446, 0.8971]","[[51, 46, 130, 186], [208, 80, 39, 50]]"
Real/01616.jpg,REAL,1,ONE_FACE,0.9436,"[53,52,142,190]"
Real/01617.jpg,REAL,1,ONE_FACE,0.9435,"[35,46,154,203]"
Real/01618.jpg,REAL,1,ONE_FACE,0.9366,"[42,36,152,202]"
Real/01619.jpg,REAL,1,ONE_FACE,0.9318,"[61,45,129,177]"
Real/01620.jpg,REAL,1,ONE_FACE,0.9415,"[56,48,136,180]"
Real/01621.jpg,REAL,1,ONE_FACE,0.9431,"[43,35,150,199]"
Real/01622.jpg,REAL,1,ONE_FACE,0.9301,"[67,56,147,191]"
Real/01623.jpg,REAL,1,ONE_FACE,0.9380,"[41,43,146,179]"
Real/01624.jpg,REAL,1,ONE_FACE,0.9321,"[62,52,131,183]"
Real/01627.jpg,REAL,1,ONE_FACE,0.9410,"[55,39,144,181]"
Real/01630.jpg,REAL,1,ONE_FACE,0.9366,"[61,48,143,182]"
Real/01633.jpg,REAL,1,ONE_FACE,0.9367,"[58,66,134,165]"
Real/01634.jpg,REAL,1,ONE_FACE,0.9350,"[69,46,156,199]"
Real/01635.jpg,REAL,1,ONE_FACE,0.9463,"[52,37,147,197]"
Real/01636.jpg,REAL,1,ONE_FACE,0.9363,"[61,42,138,183]"
Real/01637.jpg,REAL,1,ONE_FACE,0.9378,"[60,51,131,179]"
Real/01640.jpg,REAL,1,ONE_FACE,0.9280,"[59,51,143,202]"
Real/01642.jpg,REAL,1,ONE_FACE,0.9413,"[66,65,141,174]"
Real/01643.jpg,REAL,1,ONE_FACE,0.9438,"[101,41,125,210]"
Real/01644.jpg,REAL,1,ONE_FACE,0.9344,"[57,57,141,164]"
Real/01645.jpg,REAL,1,ONE_FACE,0.9342,"[50,54,146,173]"
Real/01646.jpg,REAL,2,MULTIPLE_FACES,"[0.9244, 0.751]","[[50, 50, 147, 200], [176, 9, 77, 142]]"
Real/01647.jpg,REAL,1,ONE_FACE,0.9438,"[52,33,149,212]"
Real/01648.jpg,REAL,1,ONE_FACE,0.9460,"[24,29,153,203]"
Real/01649.jpg,REAL,1,ONE_FACE,0.9395,"[57,35,153,205]"
Real/01650.jpg,REAL,1,ONE_FACE,0.9308,"[94,45,126,190]"
Real/01652.jpg,REAL,1,ONE_FACE,0.9301,"[45,31,161,212]"
Real/01653.jpg,REAL,1,ONE_FACE,0.9354,"[46,44,137,194]"
Real/01655.jpg,REAL,1,ONE_FACE,0.9302,"[49,51,139,186]"
Real/01656.jpg,REAL,1,ONE_FACE,0.9287,"[62,54,138,174]"
Real/01657.jpg,REAL,1,ONE_FACE,0.9414,"[64,57,137,171]"
Real/01658.jpg,REAL,1,ONE_FACE,0.9427,"[62,45,131,182]"
Real/01659.jpg,REAL,1,ONE_FACE,0.9417,"[52,31,141,185]"
Real/01660.jpg,REAL,1,ONE_FACE,0.9382,"[57,57,136,170]"
Real/01661.jpg,REAL,1,ONE_FACE,0.9402,"[72,68,122,159]"
Real/01662.jpg,REAL,1,ONE_FACE,0.9335,"[54,28,142,196]"
Real/01663.jpg,REAL,1,ONE_FACE,0.9420,"[69,56,151,190]"
Real/01664.jpg,REAL,1,ONE_FACE,0.9338,"[51,44,137,199]"
Real/01666.jpg,REAL,1,ONE_FACE,0.9406,"[62,49,153,193]"
Real/01667.jpg,REAL,1,ONE_FACE,0.9357,"[71,37,151,204]"
Real/01669.jpg,REAL,1,ONE_FACE,0.9427,"[34,34,147,216]"
Real/01670.jpg,REAL,1,ONE_FACE,0.9330,"[39,60,144,169]"
Real/01673.jpg,REAL,1,ONE_FACE,0.9452,"[58,40,155,210]"
Real/01674.jpg,REAL,1,ONE_FACE,0.9398,"[71,46,140,188]"
Real/01675.jpg,REAL,1,ONE_FACE,0.9377,"[48,39,146,195]"
Real/01677.jpg,REAL,1,ONE_FACE,0.9295,"[72,40,152,207]"
Real/01678.jpg,REAL,1,ONE_FACE,0.9498,"[37,40,155,200]"
Real/01679.jpg,REAL,1,ONE_FACE,0.9403,"[52,44,129,192]"
Real/01680.jpg,REAL,1,ONE_FACE,0.9396,"[60,47,131,182]"
Real/01682.jpg,REAL,1,ONE_FACE,0.9352,"[34,38,151,206]"
Real/01683.jpg,REAL,1,ONE_FACE,0.9394,"[55,48,136,180]"
Real/01686.jpg,REAL,1,ONE_FACE,0.9216,"[43,35,138,190]"
Real/01687.jpg,REAL,1,ONE_FACE,0.9434,"[53,44,144,190]"
Real/01688.jpg,REAL,1,ONE_FACE,0.9413,"[51,40,148,199]"
Real/01689.jpg,REAL,1,ONE_FACE,0.9384,"[54,61,132,179]"
Real/01690.jpg,REAL,1,ONE_FACE,0.9307,"[48,42,143,197]"
Real/01691.jpg,REAL,1,ONE_FACE,0.9372,"[69,65,132,171]"
Real/01693.jpg,REAL,1,ONE_FACE,0.9413,"[55,35,154,204]"
Real/01694.jpg,REAL,1,ONE_FACE,0.9428,"[60,66,138,173]"
Real/01697.jpg,REAL,1,ONE_FACE,0.9462,"[57,41,147,192]"
Real/01698.jpg,REAL,1,ONE_FACE,0.9322,"[24,43,145,185]"
Real/01700.jpg,REAL,1,ONE_FACE,0.9359,"[57,53,135,181]"
Real/01701.jpg,REAL,1,ONE_FACE,0.9259,"[70,28,151,219]"
Real/01710.jpg,REAL,1,ONE_FACE,0.9459,"[57,46,133,189]"
Real/01711.jpg,REAL,1,ONE_FACE,0.9392,"[54,49,142,162]"
Real/01712.jpg,REAL,1,ONE_FACE,0.9355,"[56,31,142,189]"
Real/01713.jpg,REAL,1,ONE_FACE,0.9242,"[71,54,140,194]"
Real/01715.jpg,REAL,1,ONE_FACE,0.9470,"[50,35,153,220]"
Real/01716.jpg,REAL,1,ONE_FACE,0.9459,"[62,45,146,200]"
Real/01717.jpg,REAL,1,ONE_FACE,0.9418,"[42,45,130,192]"
Real/01718.jpg,REAL,1,ONE_FACE,0.9213,"[60,24,153,212]"
Real/01719.jpg,REAL,1,ONE_FACE,0.9369,"[33,47,155,193]"
Real/01721.jpg,REAL,1,ONE_FACE,0.9348,"[15,38,157,210]"
Real/01722.jpg,REAL,1,ONE_FACE,0.9390,"[66,53,133,183]"
Real/01726.jpg,REAL,1,ONE_FACE,0.9275,"[65,45,160,192]"
Real/01727.jpg,REAL,1,ONE_FACE,0.9223,"[52,43,148,204]"
Real/01728.jpg,REAL,1,ONE_FACE,0.9302,"[37,40,153,212]"
Real/01729.jpg,REAL,1,ONE_FACE,0.9331,"[52,40,148,196]"
Real/01730.jpg,REAL,1,ONE_FACE,0.9377,"[46,54,136,180]"
Real/01731.jpg,REAL,1,ONE_FACE,0.9361,"[60,44,138,184]"
Real/01732.jpg,REAL,1,ONE_FACE,0.9334,"[60,62,143,174]"
Real/01733.jpg,REAL,1,ONE_FACE,0.9130,"[68,37,145,193]"
Real/01734.jpg,REAL,1,ONE_FACE,0.9373,"[59,43,145,187]"
Real/01735.jpg,REAL,1,ONE_FACE,0.9370,"[50,46,144,190]"
Real/01736.jpg,REAL,1,ONE_FACE,0.9334,"[75,45,133,182]"
Real/01737.jpg,REAL,1,ONE_FACE,0.9443,"[57,55,136,181]"
Real/01738.jpg,REAL,1,ONE_FACE,0.9318,"[35,28,159,198]"
Real/01739.jpg,REAL,1,ONE_FACE,0.9365,"[40,33,151,210]"
Real/01740.jpg,REAL,1,ONE_FACE,0.9271,"[69,34,151,216]"
Real/01743.jpg,REAL,1,ONE_FACE,0.9189,"[77,36,159,218]"
Real/01744.jpg,REAL,1,ONE_FACE,0.9453,"[52,35,160,213]"
Real/01745.jpg,REAL,2,MULTIPLE_FACES,"[0.9433, 0.6739]","[[55, 53, 126, 174], [166, 27, 88, 124]]"
Real/01746.jpg,REAL,1,ONE_FACE,0.9478,"[44,50,154,207]"
Real/01747.jpg,REAL,1,ONE_FACE,0.9123,"[36,42,149,204]"
Real/01749.jpg,REAL,1,ONE_FACE,0.9339,"[37,35,151,208]"
Real/01750.jpg,REAL,1,ONE_FACE,0.9318,"[31,50,149,188]"
Real/01751.jpg,REAL,1,ONE_FACE,0.9432,"[53,49,135,167]"
Real/01753.jpg,REAL,1,ONE_FACE,0.9436,"[48,43,143,192]"
Real/01754.jpg,REAL,1,ONE_FACE,0.9295,"[77,47,128,187]"
Real/01756.jpg,REAL,1,ONE_FACE,0.9287,"[36,41,153,207]"
Real/01759.jpg,REAL,1,ONE_FACE,0.9450,"[50,57,137,184]"
Real/01760.jpg,REAL,1,ONE_FACE,0.9400,"[46,54,147,177]"
Real/01761.jpg,REAL,1,ONE_FACE,0.9380,"[78,42,148,197]"
Real/01762.jpg,REAL,1,ONE_FACE,0.9428,"[48,47,144,183]"
Real/01763.jpg,REAL,1,ONE_FACE,0.9301,"[64,53,133,180]"
Real/01764.jpg,REAL,1,ONE_FACE,0.9322,"[56,39,150,196]"
Real/01765.jpg,REAL,1,ONE_FACE,0.9363,"[41,50,151,196]"
Real/01770.jpg,REAL,1,ONE_FACE,0.9452,"[65,43,130,184]"
Real/01771.jpg,REAL,1,ONE_FACE,0.9345,"[57,45,152,188]"
Real/01772.jpg,REAL,1,ONE_FACE,0.9401,"[79,42,133,187]"
Real/01773.jpg,REAL,1,ONE_FACE,0.9317,"[41,35,144,207]"
Real/01775.jpg,REAL,1,ONE_FACE,0.9467,"[52,45,136,188]"
Real/01776.jpg,REAL,1,ONE_FACE,0.9275,"[41,41,134,192]"
Real/01777.jpg,REAL,1,ONE_FACE,0.9309,"[52,45,144,177]"
Real/01779.jpg,REAL,1,ONE_FACE,0.9318,"[58,61,134,165]"
Real/01780.jpg,REAL,1,ONE_FACE,0.9465,"[58,50,146,184]"
Real/01781.jpg,REAL,1,ONE_FACE,0.9496,"[56,46,140,184]"
Real/01783.jpg,REAL,1,ONE_FACE,0.9009,"[60,42,149,195]"
Real/01784.jpg,REAL,1,ONE_FACE,0.9277,"[33,47,143,186]"
Real/01785.jpg,REAL,1,ONE_FACE,0.9483,"[38,53,147,201]"
Real/01786.jpg,REAL,1,ONE_FACE,0.9357,"[40,48,148,194]"
Real/01787.jpg,REAL,2,MULTIPLE_FACES,"[0.9425, 0.6266]","[[76, 33, 152, 201], [26, 95, 12, 14]]"
Real/01788.jpg,REAL,1,ONE_FACE,0.9359,"[51,35,137,200]"
Real/01789.jpg,REAL,1,ONE_FACE,0.9402,"[31,45,151,186]"
Real/01790.jpg,REAL,1,ONE_FACE,0.9484,"[58,44,138,170]"
Real/01792.jpg,REAL,1,ONE_FACE,0.9298,"[72,46,141,201]"
Real/01794.jpg,REAL,1,ONE_FACE,0.9308,"[56,45,124,183]"
Real/01795.jpg,REAL,1,ONE_FACE,0.9281,"[64,68,131,162]"
Real/01797.jpg,REAL,1,ONE_FACE,0.9282,"[71,45,147,186]"
Real/01798.jpg,REAL,1,ONE_FACE,0.9351,"[74,42,154,205]"
Real/01799.jpg,REAL,1,ONE_FACE,0.9479,"[56,38,138,201]"
Real/01800.jpg,REAL,1,ONE_FACE,0.9421,"[42,52,142,180]"
Real/01801.jpg,REAL,1,ONE_FACE,0.9173,"[57,43,134,181]"
Real/01802.jpg,REAL,1,ONE_FACE,0.9319,"[78,39,153,201]"
Real/01803.jpg,REAL,1,ONE_FACE,0.9396,"[50,42,141,194]"
Real/01804.jpg,REAL,1,ONE_FACE,0.9416,"[40,44,153,191]"
Real/01809.jpg,REAL,1,ONE_FACE,0.9392,"[50,43,147,195]"
Real/01810.jpg,REAL,1,ONE_FACE,0.9435,"[63,54,131,152]"
Real/01811.jpg,REAL,1,ONE_FACE,0.9237,"[50,49,156,194]"
Real/01812.jpg,REAL,1,ONE_FACE,0.9344,"[59,44,143,187]"
Real/01813.jpg,REAL,1,ONE_FACE,0.9392,"[59,54,159,194]"
Real/01816.jpg,REAL,4,MULTIPLE_FACES,"[0.9149, 0.7976, 0.7433, 0.609]","[[74, 55, 155, 203], [22, 170, 26, 34], [22, 117, 18, 23], [30, 83, 15, 19]]"
Real/01817.jpg,REAL,1,ONE_FACE,0.9261,"[69,51,134,186]"
Real/01818.jpg,REAL,1,ONE_FACE,0.9405,"[46,36,135,200]"
Real/01819.jpg,REAL,1,ONE_FACE,0.9300,"[34,40,151,205]"
Real/01820.jpg,REAL,1,ONE_FACE,0.9412,"[78,43,155,195]"
Real/01821.jpg,REAL,1,ONE_FACE,0.9225,"[48,44,145,181]"
Real/01824.jpg,REAL,1,ONE_FACE,0.9400,"[46,48,144,196]"
Real/01825.jpg,REAL,1,ONE_FACE,0.9378,"[62,55,145,184]"
Real/01826.jpg,REAL,1,ONE_FACE,0.9224,"[63,55,146,181]"
Real/01828.jpg,REAL,1,ONE_FACE,0.9282,"[65,51,144,184]"
Real/01829.jpg,REAL,1,ONE_FACE,0.9436,"[57,31,149,178]"
Real/01831.jpg,REAL,1,ONE_FACE,0.9429,"[73,39,153,208]"
Real/01833.jpg,REAL,1,ONE_FACE,0.9456,"[39,54,141,173]"
Real/01834.jpg,REAL,1,ONE_FACE,0.9184,"[26,38,151,199]"
Real/01835.jpg,REAL,2,MULTIPLE_FACES,"[0.9487, 0.8072]","[[51, 45, 142, 192], [191, 184, 43, 55]]"
Real/01836.jpg,REAL,1,ONE_FACE,0.9368,"[42,41,143,198]"
Real/01837.jpg,REAL,1,ONE_FACE,0.9420,"[58,41,138,197]"
Real/01838.jpg,REAL,1,ONE_FACE,0.9311,"[43,46,132,195]"
Real/01839.jpg,REAL,1,ONE_FACE,0.9244,"[45,54,144,175]"
Real/01840.jpg,REAL,1,ONE_FACE,0.9377,"[71,47,138,194]"
Real/01842.jpg,REAL,2,MULTIPLE_FACES,"[0.9432, 0.7353]","[[59, 54, 132, 169], [211, 84, 43, 108]]"
Real/01844.jpg,REAL,1,ONE_FACE,0.9431,"[63,59,142,171]"
Real/01847.jpg,REAL,1,ONE_FACE,0.9391,"[40,39,142,197]"
Real/01848.jpg,REAL,1,ONE_FACE,0.9442,"[25,33,156,223]"
Real/01849.jpg,REAL,1,ONE_FACE,0.9486,"[52,36,144,197]"
Real/01851.jpg,REAL,1,ONE_FACE,0.9355,"[69,41,148,195]"
Real/01852.jpg,REAL,1,ONE_FACE,0.9390,"[50,38,149,200]"
Real/01853.jpg,REAL,1,ONE_FACE,0.9372,"[55,41,145,193]"
Real/01854.jpg,REAL,2,MULTIPLE_FACES,"[0.9354, 0.7739]","[[38, 37, 151, 209], [177, 11, 76, 144]]"
Real/01855.jpg,REAL,1,ONE_FACE,0.9410,"[45,45,148,191]"
Real/01856.jpg,REAL,1,ONE_FACE,0.9411,"[43,42,143,180]"
Real/01858.jpg,REAL,1,ONE_FACE,0.9387,"[56,48,141,192]"
Real/01859.jpg,REAL,1,ONE_FACE,0.9371,"[30,36,159,203]"
Real/01860.jpg,REAL,1,ONE_FACE,0.9227,"[63,51,143,185]"
Real/01861.jpg,REAL,1,ONE_FACE,0.9400,"[63,48,142,200]"
Real/01862.jpg,REAL,1,ONE_FACE,0.9391,"[65,43,154,195]"
Real/01863.jpg,REAL,1,ONE_FACE,0.9319,"[38,40,140,217]"
Real/01864.jpg,REAL,1,ONE_FACE,0.9384,"[58,38,136,174]"
Real/01867.jpg,REAL,1,ONE_FACE,0.9436,"[72,37,156,215]"
Real/01869.jpg,REAL,1,ONE_FACE,0.9381,"[69,52,135,176]"
Real/01870.jpg,REAL,1,ONE_FACE,0.9328,"[86,45,141,197]"
Real/01871.jpg,REAL,1,ONE_FACE,0.9478,"[63,47,136,184]"
Real/01873.jpg,REAL,1,ONE_FACE,0.9291,"[59,40,146,195]"
Real/01874.jpg,REAL,1,ONE_FACE,0.9448,"[57,59,145,174]"
Real/01875.jpg,REAL,1,ONE_FACE,0.9335,"[41,45,148,192]"
Real/01876.jpg,REAL,1,ONE_FACE,0.9414,"[67,37,150,188]"
Real/01878.jpg,REAL,1,ONE_FACE,0.9407,"[52,41,139,189]"
Real/01879.jpg,REAL,1,ONE_FACE,0.9397,"[60,39,152,201]"
Real/01880.jpg,REAL,1,ONE_FACE,0.9262,"[77,52,144,188]"
Real/01881.jpg,REAL,1,ONE_FACE,0.9373,"[64,42,143,174]"
Real/01882.jpg,REAL,1,ONE_FACE,0.9353,"[55,42,142,183]"
Real/01883.jpg,REAL,1,ONE_FACE,0.9324,"[47,35,144,224]"
Real/01886.jpg,REAL,1,ONE_FACE,0.9365,"[59,46,159,210]"
Real/01888.jpg,REAL,1,ONE_FACE,0.9453,"[47,53,146,180]"
Real/01889.jpg,REAL,1,ONE_FACE,0.9401,"[63,47,141,205]"
Real/01893.jpg,REAL,1,ONE_FACE,0.9331,"[50,39,141,195]"
Real/01895.jpg,REAL,1,ONE_FACE,0.9416,"[31,38,147,199]"
Real/01896.jpg,REAL,1,ONE_FACE,0.9342,"[63,29,156,208]"
Real/01897.jpg,REAL,1,ONE_FACE,0.9418,"[67,49,136,175]"
Real/01899.jpg,REAL,1,ONE_FACE,0.9425,"[23,29,171,217]"
Real/01900.jpg,REAL,1,ONE_FACE,0.9265,"[66,43,149,181]"
Real/01901.jpg,REAL,1,ONE_FACE,0.9439,"[53,59,139,167]"
Real/01902.jpg,REAL,1,ONE_FACE,0.9389,"[47,35,150,195]"
Real/01903.jpg,REAL,1,ONE_FACE,0.9303,"[53,48,144,193]"
Real/01904.jpg,REAL,1,ONE_FACE,0.9370,"[47,49,139,182]"
Real/01905.jpg,REAL,1,ONE_FACE,0.9380,"[57,66,131,161]"
Real/01906.jpg,REAL,1,ONE_FACE,0.9434,"[56,45,149,191]"
Real/01907.jpg,REAL,1,ONE_FACE,0.9284,"[57,28,145,212]"
Real/01908.jpg,REAL,1,ONE_FACE,0.9406,"[53,41,157,212]"
Real/01909.jpg,REAL,1,ONE_FACE,0.9391,"[56,65,140,173]"
Real/01913.jpg,REAL,1,ONE_FACE,0.9324,"[59,43,134,168]"
Real/01914.jpg,REAL,2,MULTIPLE_FACES,"[0.9395, 0.6675]","[[51, 45, 143, 190], [163, 10, 87, 156]]"
Real/01915.jpg,REAL,1,ONE_FACE,0.9278,"[24,29,162,219]"
Real/01916.jpg,REAL,1,ONE_FACE,0.9440,"[48,50,137,172]"
Real/01920.jpg,REAL,1,ONE_FACE,0.9414,"[64,41,139,191]"
Real/01922.jpg,REAL,1,ONE_FACE,0.9391,"[72,38,153,215]"
Real/01923.jpg,REAL,1,ONE_FACE,0.9341,"[27,44,147,208]"
Real/01925.jpg,REAL,1,ONE_FACE,0.9357,"[62,59,136,177]"
Real/01926.jpg,REAL,1,ONE_FACE,0.9396,"[72,59,116,161]"
Real/01927.jpg,REAL,1,ONE_FACE,0.9493,"[51,46,139,185]"
Real/01928.jpg,REAL,1,ONE_FACE,0.9323,"[64,54,141,194]"
Real/01929.jpg,REAL,1,ONE_FACE,0.9348,"[57,34,132,172]"
Real/01931.jpg,REAL,1,ONE_FACE,0.9299,"[64,53,137,173]"
Real/01935.jpg,REAL,1,ONE_FACE,0.9362,"[65,45,147,182]"
Real/01936.jpg,REAL,1,ONE_FACE,0.9405,"[44,50,141,182]"
Real/01937.jpg,REAL,1,ONE_FACE,0.9349,"[34,56,154,179]"
Real/01938.jpg,REAL,1,ONE_FACE,0.9489,"[46,38,149,200]"
Real/01939.jpg,REAL,2,MULTIPLE_FACES,"[0.9287, 0.8373]","[[51, 46, 135, 179], [213, 113, 24, 37]]"
Real/01940.jpg,REAL,1,ONE_FACE,0.9407,"[59,52,137,181]"
Real/01941.jpg,REAL,1,ONE_FACE,0.9382,"[65,54,145,190]"
Real/01942.jpg,REAL,1,ONE_FACE,0.9424,"[60,54,138,175]"
Real/01943.jpg,REAL,1,ONE_FACE,0.9112,"[36,51,156,183]"
Real/01946.jpg,REAL,1,ONE_FACE,0.9297,"[65,44,134,191]"
Real/01947.jpg,REAL,1,ONE_FACE,0.9384,"[45,47,151,188]"
Real/01948.jpg,REAL,1,ONE_FACE,0.9390,"[63,40,153,210]"
Real/01949.jpg,REAL,1,ONE_FACE,0.9364,"[70,65,126,165]"
Real/01950.jpg,REAL,1,ONE_FACE,0.9363,"[51,39,135,192]"
Real/01954.jpg,REAL,1,ONE_FACE,0.9320,"[58,49,133,180]"
Real/01955.jpg,REAL,1,ONE_FACE,0.9441,"[59,50,145,190]"
Real/01957.jpg,REAL,1,ONE_FACE,0.9338,"[85,49,142,189]"
Real/01958.jpg,REAL,1,ONE_FACE,0.9271,"[42,43,140,200]"
Real/01959.jpg,REAL,1,ONE_FACE,0.9291,"[34,39,145,210]"
Real/01961.jpg,REAL,2,MULTIPLE_FACES,"[0.9447, 0.6287]","[[58, 44, 131, 182], [219, 156, 39, 97]]"
Real/01963.jpg,REAL,1,ONE_FACE,0.9353,"[48,38,144,202]"
Real/01965.jpg,REAL,1,ONE_FACE,0.9349,"[85,34,164,209]"
Real/01966.jpg,REAL,1,ONE_FACE,0.9450,"[55,40,142,193]"
Real/01967.jpg,REAL,1,ONE_FACE,0.9390,"[83,41,142,193]"
Real/01968.jpg,REAL,1,ONE_FACE,0.9478,"[56,48,142,193]"
Real/01969.jpg,REAL,1,ONE_FACE,0.9217,"[84,46,136,165]"
Real/01970.jpg,REAL,1,ONE_FACE,0.9246,"[68,39,138,197]"
Real/01971.jpg,REAL,1,ONE_FACE,0.9410,"[54,46,143,199]"
Real/01973.jpg,REAL,1,ONE_FACE,0.9426,"[55,38,139,178]"
Real/01974.jpg,REAL,1,ONE_FACE,0.9366,"[25,35,150,210]"
Real/01976.jpg,REAL,1,ONE_FACE,0.9475,"[55,39,146,192]"
Real/01977.jpg,REAL,1,ONE_FACE,0.9421,"[68,44,142,173]"
Real/01980.jpg,REAL,1,ONE_FACE,0.9398,"[59,51,150,198]"
Real/01982.jpg,REAL,1,ONE_FACE,0.9397,"[69,49,143,191]"
Real/01984.jpg,REAL,1,ONE_FACE,0.9265,"[69,42,152,200]"
Real/01985.jpg,REAL,1,ONE_FACE,0.9393,"[20,42,166,206]"
Real/01987.jpg,REAL,1,ONE_FACE,0.9399,"[45,53,149,196]"
Real/01992.jpg,REAL,1,ONE_FACE,0.9471,"[71,41,151,188]"
Real/01993.jpg,REAL,1,ONE_FACE,0.9461,"[65,59,132,172]"
Real/01994.jpg,REAL,1,ONE_FACE,0.9384,"[55,68,136,168]"
Real/01996.jpg,REAL,1,ONE_FACE,0.9384,"[74,40,147,200]"
Real/01997.jpg,REAL,1,ONE_FACE,0.9347,"[65,53,118,171]"
Real/01998.jpg,REAL,4,MULTIPLE_FACES,"[0.9383, 0.7236, 0.6676, 0.6555]","[[46, 45, 136, 183], [216, 92, 14, 18], [201, 78, 14, 18], [168, 77, 21, 32]]"
Real/02000.jpg,REAL,1,ONE_FACE,0.9366,"[56,56,142,187]"
Real/02001.jpg,REAL,1,ONE_FACE,0.9398,"[53,36,155,202]"
Real/02003.jpg,REAL,1,ONE_FACE,0.9328,"[59,48,142,170]"
Real/02004.jpg,REAL,1,ONE_FACE,0.9394,"[66,40,134,187]"
Real/02005.jpg,REAL,1,ONE_FACE,0.9422,"[54,37,139,194]"
Real/02006.jpg,REAL,1,ONE_FACE,0.9327,"[68,47,143,195]"
Real/02007.jpg,REAL,1,ONE_FACE,0.9297,"[43,22,153,212]"
Real/02008.jpg,REAL,1,ONE_FACE,0.9423,"[62,59,137,171]"
Real/02009.jpg,REAL,1,ONE_FACE,0.9455,"[83,54,133,181]"
Real/02012.jpg,REAL,1,ONE_FACE,0.9363,"[92,46,126,196]"
Real/02013.jpg,REAL,1,ONE_FACE,0.9423,"[61,40,151,184]"
Real/02014.jpg,REAL,1,ONE_FACE,0.9255,"[94,49,140,180]"
Real/02015.jpg,REAL,1,ONE_FACE,0.9397,"[53,42,141,188]"
Real/02016.jpg,REAL,1,ONE_FACE,0.9199,"[48,33,167,217]"
Real/02017.jpg,REAL,1,ONE_FACE,0.9431,"[57,49,141,179]"
Real/02020.jpg,REAL,1,ONE_FACE,0.9385,"[40,37,155,206]"
Real/02021.jpg,REAL,1,ONE_FACE,0.9439,"[51,56,142,178]"
Real/02022.jpg,REAL,1,ONE_FACE,0.9391,"[49,42,141,180]"
Real/02023.jpg,REAL,1,ONE_FACE,0.9270,"[63,63,139,171]"
Real/02024.jpg,REAL,1,ONE_FACE,0.9306,"[56,53,142,168]"
Real/02025.jpg,REAL,1,ONE_FACE,0.9429,"[53,39,151,207]"
Real/02026.jpg,REAL,1,ONE_FACE,0.9291,"[50,44,147,208]"
Real/02027.jpg,REAL,1,ONE_FACE,0.9410,"[44,52,133,179]"
Real/02028.jpg,REAL,1,ONE_FACE,0.9347,"[75,47,141,192]"
Real/02029.jpg,REAL,1,ONE_FACE,0.9378,"[64,44,137,185]"
Real/02030.jpg,REAL,1,ONE_FACE,0.9414,"[32,37,157,211]"
Real/02031.jpg,REAL,1,ONE_FACE,0.9259,"[64,45,162,207]"
Real/02032.jpg,REAL,1,ONE_FACE,0.9146,"[65,53,133,157]"
Real/02033.jpg,REAL,1,ONE_FACE,0.9249,"[38,33,173,211]"
Real/02034.jpg,REAL,1,ONE_FACE,0.9301,"[43,48,149,186]"
Real/02035.jpg,REAL,1,ONE_FACE,0.9371,"[75,40,149,196]"
Real/02036.jpg,REAL,1,ONE_FACE,0.9466,"[54,42,150,198]"
Real/02037.jpg,REAL,1,ONE_FACE,0.9474,"[54,40,141,194]"
Real/02040.jpg,REAL,1,ONE_FACE,0.9409,"[57,50,132,178]"
Real/02041.jpg,REAL,1,ONE_FACE,0.9297,"[69,47,147,183]"
Real/02043.jpg,REAL,1,ONE_FACE,0.9220,"[24,36,152,203]"
Real/02045.jpg,REAL,1,ONE_FACE,0.9141,"[73,37,164,210]"
Real/02047.jpg,REAL,1,ONE_FACE,0.9384,"[57,40,142,204]"
Real/02048.jpg,REAL,1,ONE_FACE,0.9489,"[58,41,149,194]"
Real/02049.jpg,REAL,1,ONE_FACE,0.9430,"[67,29,152,189]"
Real/02050.jpg,REAL,1,ONE_FACE,0.9295,"[70,37,172,215]"
Real/02051.jpg,REAL,1,ONE_FACE,0.9423,"[41,45,150,189]"
Real/02053.jpg,REAL,1,ONE_FACE,0.9431,"[61,47,157,199]"
Real/02054.jpg,REAL,1,ONE_FACE,0.9361,"[39,38,155,190]"
Real/02055.jpg,REAL,1,ONE_FACE,0.9310,"[58,54,135,168]"
Real/02056.jpg,REAL,1,ONE_FACE,0.9411,"[51,32,145,202]"
Real/02057.jpg,REAL,1,ONE_FACE,0.9441,"[69,41,137,202]"
Real/02058.jpg,REAL,1,ONE_FACE,0.9277,"[40,36,149,220]"
Real/02059.jpg,REAL,1,ONE_FACE,0.9277,"[46,38,145,202]"
Real/02062.jpg,REAL,1,ONE_FACE,0.9459,"[46,45,146,195]"
Real/02064.jpg,REAL,1,ONE_FACE,0.9291,"[55,49,152,187]"
Real/02066.jpg,REAL,1,ONE_FACE,0.9149,"[51,46,133,176]"
Real/02067.jpg,REAL,1,ONE_FACE,0.9342,"[73,66,118,151]"
Real/02068.jpg,REAL,1,ONE_FACE,0.9453,"[52,51,144,183]"
Real/02070.jpg,REAL,1,ONE_FACE,0.9432,"[57,49,145,195]"
Real/02071.jpg,REAL,2,MULTIPLE_FACES,"[0.9288, 0.8506]","[[72, 55, 132, 169], [-2, 46, 69, 144]]"
Real/02072.jpg,REAL,1,ONE_FACE,0.9464,"[49,43,141,186]"
Real/02075.jpg,REAL,1,ONE_FACE,0.9294,"[49,64,141,162]"
Real/02076.jpg,REAL,1,ONE_FACE,0.9293,"[66,52,155,174]"
Real/02077.jpg,REAL,1,ONE_FACE,0.9372,"[55,49,145,195]"
Real/02079.jpg,REAL,1,ONE_FACE,0.9415,"[66,28,166,218]"
Real/02080.jpg,REAL,1,ONE_FACE,0.9341,"[62,46,139,177]"
Real/02082.jpg,REAL,1,ONE_FACE,0.9277,"[55,40,142,176]"
Real/02083.jpg,REAL,1,ONE_FACE,0.9462,"[53,50,140,184]"
Real/02085.jpg,REAL,1,ONE_FACE,0.9358,"[39,46,140,180]"
Real/02089.jpg,REAL,1,ONE_FACE,0.9305,"[57,48,143,180]"
Real/02091.jpg,REAL,1,ONE_FACE,0.9245,"[64,54,133,148]"
Real/02092.jpg,REAL,1,ONE_FACE,0.9290,"[66,54,140,191]"
Real/02093.jpg,REAL,1,ONE_FACE,0.9270,"[77,54,133,179]"
Real/02094.jpg,REAL,1,ONE_FACE,0.9437,"[78,41,140,190]"
Real/02096.jpg,REAL,1,ONE_FACE,0.9485,"[56,50,155,198]"
Real/02097.jpg,REAL,1,ONE_FACE,0.9404,"[66,44,142,196]"
Real/02098.jpg,REAL,1,ONE_FACE,0.9187,"[55,38,159,186]"
Real/02099.jpg,REAL,3,MULTIPLE_FACES,"[0.942, 0.8908, 0.6201]","[[50, 56, 141, 171], [211, 6, 40, 50], [172, 64, 49, 64]]"
Real/02100.jpg,REAL,1,ONE_FACE,0.9418,"[57,41,140,192]"
Real/02101.jpg,REAL,1,ONE_FACE,0.9434,"[62,51,147,185]"
Real/02102.jpg,REAL,1,ONE_FACE,0.9213,"[40,51,126,180]"
Real/02104.jpg,REAL,1,ONE_FACE,0.9203,"[68,42,131,197]"
Real/02105.jpg,REAL,1,ONE_FACE,0.9468,"[44,46,148,199]"
Real/02106.jpg,REAL,1,ONE_FACE,0.9333,"[59,40,144,190]"
Real/02107.jpg,REAL,1,ONE_FACE,0.9434,"[63,62,141,178]"
Real/02108.jpg,REAL,1,ONE_FACE,0.9474,"[65,71,131,158]"
Real/02109.jpg,REAL,1,ONE_FACE,0.9481,"[62,50,147,186]"
Real/02110.jpg,REAL,1,ONE_FACE,0.9479,"[69,44,136,200]"
Real/02111.jpg,REAL,1,ONE_FACE,0.9390,"[49,39,144,215]"
Real/02112.jpg,REAL,1,ONE_FACE,0.9360,"[58,33,150,212]"
Real/02113.jpg,REAL,1,ONE_FACE,0.9441,"[56,46,144,184]"
Real/02114.jpg,REAL,1,ONE_FACE,0.9391,"[43,49,153,189]"
Real/02115.jpg,REAL,2,MULTIPLE_FACES,"[0.944, 0.6059]","[[49, 45, 147, 198], [203, -5, 54, 69]]"
Real/02121.jpg,REAL,1,ONE_FACE,0.9351,"[61,62,133,165]"
Real/02122.jpg,REAL,1,ONE_FACE,0.9379,"[72,58,149,174]"
Real/02124.jpg,REAL,1,ONE_FACE,0.9327,"[68,37,160,194]"
Real/02125.jpg,REAL,1,ONE_FACE,0.9339,"[46,40,137,185]"
Real/02127.jpg,REAL,1,ONE_FACE,0.9350,"[43,54,138,172]"
Real/02128.jpg,REAL,1,ONE_FACE,0.9236,"[58,60,135,169]"
Real/02129.jpg,REAL,1,ONE_FACE,0.9392,"[62,52,134,183]"
Real/02130.jpg,REAL,1,ONE_FACE,0.9346,"[63,49,128,190]"
Real/02132.jpg,REAL,1,ONE_FACE,0.9315,"[65,53,136,189]"
Real/02133.jpg,REAL,1,ONE_FACE,0.9338,"[59,42,145,198]"
Real/02134.jpg,REAL,1,ONE_FACE,0.9406,"[51,50,147,198]"
Real/02135.jpg,REAL,1,ONE_FACE,0.9043,"[77,42,155,188]"
Real/02137.jpg,REAL,1,ONE_FACE,0.9441,"[55,37,139,193]"
Real/02138.jpg,REAL,1,ONE_FACE,0.9118,"[13,43,169,212]"
Real/02141.jpg,REAL,1,ONE_FACE,0.9389,"[59,43,136,188]"
Real/02144.jpg,REAL,1,ONE_FACE,0.9380,"[35,39,145,188]"
Real/02145.jpg,REAL,1,ONE_FACE,0.9301,"[51,55,143,187]"
Real/02146.jpg,REAL,1,ONE_FACE,0.9326,"[54,45,132,186]"
Real/02148.jpg,REAL,1,ONE_FACE,0.9435,"[53,44,146,194]"
Real/02150.jpg,REAL,1,ONE_FACE,0.9324,"[59,51,139,173]"
Real/02151.jpg,REAL,1,ONE_FACE,0.9433,"[50,42,139,187]"
Real/02152.jpg,REAL,1,ONE_FACE,0.9323,"[43,29,143,213]"
Real/02153.jpg,REAL,1,ONE_FACE,0.9434,"[54,57,140,172]"
Real/02154.jpg,REAL,1,ONE_FACE,0.9345,"[64,45,153,195]"
Real/02155.jpg,REAL,1,ONE_FACE,0.9145,"[67,55,131,168]"
Real/02156.jpg,REAL,1,ONE_FACE,0.9365,"[57,37,148,199]"
Real/02159.jpg,REAL,1,ONE_FACE,0.9421,"[56,57,135,164]"
Real/02160.jpg,REAL,1,ONE_FACE,0.9387,"[57,47,136,184]"
Real/02161.jpg,REAL,1,ONE_FACE,0.9255,"[51,50,148,192]"
Real/02162.jpg,REAL,1,ONE_FACE,0.9395,"[68,47,146,183]"
Real/02163.jpg,REAL,1,ONE_FACE,0.9492,"[54,45,148,186]"
Real/02166.jpg,REAL,1,ONE_FACE,0.9409,"[46,41,145,194]"
Real/02167.jpg,REAL,1,ONE_FACE,0.9293,"[73,55,153,181]"
Real/02169.jpg,REAL,1,ONE_FACE,0.9426,"[55,50,139,178]"
Real/02170.jpg,REAL,1,ONE_FACE,0.9397,"[67,46,144,197]"
Real/02171.jpg,REAL,2,MULTIPLE_FACES,"[0.939, 0.7014]","[[54, 53, 139, 186], [216, 73, 37, 83]]"
Real/02172.jpg,REAL,1,ONE_FACE,0.9388,"[61,50,140,187]"
Real/02173.jpg,REAL,1,ONE_FACE,0.9460,"[59,54,136,177]"
Real/02174.jpg,REAL,1,ONE_FACE,0.9228,"[35,33,140,205]"
Real/02176.jpg,REAL,1,ONE_FACE,0.9305,"[73,36,156,196]"
Real/02177.jpg,REAL,1,ONE_FACE,0.9464,"[53,39,142,197]"
Real/02178.jpg,REAL,2,MULTIPLE_FACES,"[0.9255, 0.7181]","[[57, 60, 139, 178], [178, -13, 77, 124]]"
Real/02180.jpg,REAL,1,ONE_FACE,0.9366,"[65,46,167,210]"
Real/02181.jpg,REAL,1,ONE_FACE,0.9429,"[53,36,156,207]"
Real/02182.jpg,REAL,1,ONE_FACE,0.9387,"[53,41,136,195]"
Real/02183.jpg,REAL,1,ONE_FACE,0.9420,"[78,32,151,200]"
Real/02185.jpg,REAL,1,ONE_FACE,0.9404,"[59,52,144,183]"
Real/02187.jpg,REAL,1,ONE_FACE,0.9373,"[78,40,155,213]"
Real/02188.jpg,REAL,1,ONE_FACE,0.9406,"[58,50,142,180]"
Real/02189.jpg,REAL,1,ONE_FACE,0.9266,"[72,49,156,201]"
Real/02190.jpg,REAL,1,ONE_FACE,0.9427,"[76,37,147,203]"
Real/02191.jpg,REAL,1,ONE_FACE,0.9468,"[54,44,144,186]"
Real/02193.jpg,REAL,1,ONE_FACE,0.9364,"[50,54,138,180]"
Real/02194.jpg,REAL,1,ONE_FACE,0.9392,"[66,42,136,185]"
Real/02195.jpg,REAL,1,ONE_FACE,0.9346,"[32,44,147,194]"
Real/02196.jpg,REAL,1,ONE_FACE,0.9223,"[70,34,139,181]"
Real/02197.jpg,REAL,1,ONE_FACE,0.9360,"[84,32,153,203]"
Real/02200.jpg,REAL,1,ONE_FACE,0.9255,"[25,43,134,198]"
Real/02201.jpg,REAL,1,ONE_FACE,0.9352,"[52,56,137,171]"
Real/02203.jpg,REAL,1,ONE_FACE,0.9357,"[36,57,146,172]"
Real/02205.jpg,REAL,1,ONE_FACE,0.9453,"[39,37,153,204]"
Real/02206.jpg,REAL,1,ONE_FACE,0.9415,"[46,48,148,183]"
Real/02207.jpg,REAL,1,ONE_FACE,0.9466,"[68,53,141,178]"
Real/02208.jpg,REAL,1,ONE_FACE,0.9321,"[41,36,154,196]"
Real/02209.jpg,REAL,1,ONE_FACE,0.9204,"[68,39,146,179]"
Real/02210.jpg,REAL,1,ONE_FACE,0.9442,"[67,57,133,177]"
Real/02211.jpg,REAL,1,ONE_FACE,0.9379,"[53,55,151,190]"
Real/02212.jpg,REAL,1,ONE_FACE,0.9229,"[25,49,133,192]"
Real/02213.jpg,REAL,1,ONE_FACE,0.9413,"[61,53,146,181]"
Real/02214.jpg,REAL,1,ONE_FACE,0.9411,"[37,52,131,185]"
Real/02215.jpg,REAL,1,ONE_FACE,0.9382,"[38,37,152,207]"
Real/02216.jpg,REAL,1,ONE_FACE,0.9353,"[68,53,135,174]"
Real/02217.jpg,REAL,1,ONE_FACE,0.9290,"[42,53,134,187]"
Real/02219.jpg,REAL,1,ONE_FACE,0.9439,"[79,38,146,189]"
Real/02220.jpg,REAL,1,ONE_FACE,0.9370,"[54,48,149,188]"
Real/02221.jpg,REAL,1,ONE_FACE,0.9290,"[56,39,137,175]"
Real/02222.jpg,REAL,1,ONE_FACE,0.9360,"[57,36,137,186]"
Real/02224.jpg,REAL,1,ONE_FACE,0.9443,"[68,47,150,192]"
Real/02225.jpg,REAL,1,ONE_FACE,0.9329,"[55,46,146,194]"
Real/02227.jpg,REAL,1,ONE_FACE,0.9210,"[68,51,131,177]"
Real/02228.jpg,REAL,1,ONE_FACE,0.9349,"[36,45,140,189]"
Real/02229.jpg,REAL,1,ONE_FACE,0.9403,"[64,42,160,199]"
Real/02230.jpg,REAL,1,ONE_FACE,0.9288,"[61,44,136,179]"
Real/02232.jpg,REAL,1,ONE_FACE,0.9335,"[63,43,150,197]"
Real/02235.jpg,REAL,1,ONE_FACE,0.9458,"[63,36,155,212]"
Real/02236.jpg,REAL,1,ONE_FACE,0.9418,"[37,50,154,185]"
Real/02237.jpg,REAL,1,ONE_FACE,0.9429,"[62,37,147,200]"
Real/02238.jpg,REAL,1,ONE_FACE,0.9409,"[54,39,147,193]"
Real/02239.jpg,REAL,1,ONE_FACE,0.9399,"[70,59,146,186]"
Real/02240.jpg,REAL,1,ONE_FACE,0.9410,"[53,45,140,185]"
Real/02242.jpg,REAL,1,ONE_FACE,0.9372,"[48,27,161,219]"
Real/02243.jpg,REAL,1,ONE_FACE,0.9445,"[57,43,149,200]"
Real/02245.jpg,REAL,1,ONE_FACE,0.9384,"[63,54,120,165]"
Real/02246.jpg,REAL,1,ONE_FACE,0.9347,"[50,43,156,202]"
Real/02247.jpg,REAL,1,ONE_FACE,0.9461,"[53,43,156,206]"
Real/02248.jpg,REAL,1,ONE_FACE,0.9452,"[47,33,149,205]"
Real/02249.jpg,REAL,1,ONE_FACE,0.9345,"[60,48,143,178]"
Real/02251.jpg,REAL,1,ONE_FACE,0.9427,"[51,38,142,195]"
Real/02254.jpg,REAL,1,ONE_FACE,0.9488,"[63,39,137,190]"
Real/02255.jpg,REAL,1,ONE_FACE,0.9482,"[40,46,148,192]"
Real/02256.jpg,REAL,1,ONE_FACE,0.9471,"[70,43,155,208]"
Real/02257.jpg,REAL,1,ONE_FACE,0.9341,"[55,40,137,189]"
Real/02258.jpg,REAL,1,ONE_FACE,0.9408,"[55,51,135,187]"
Real/02259.jpg,REAL,1,ONE_FACE,0.9237,"[56,44,125,185]"
Real/02262.jpg,REAL,1,ONE_FACE,0.9100,"[48,58,137,184]"
Real/02263.jpg,REAL,1,ONE_FACE,0.9456,"[49,37,144,199]"
Real/02265.jpg,REAL,1,ONE_FACE,0.9395,"[73,59,152,190]"
Real/02267.jpg,REAL,1,ONE_FACE,0.9342,"[72,47,140,184]"
Real/02268.jpg,REAL,1,ONE_FACE,0.9379,"[37,53,153,188]"
Real/02270.jpg,REAL,1,ONE_FACE,0.9405,"[84,38,145,207]"
Real/02272.jpg,REAL,1,ONE_FACE,0.9490,"[43,33,151,213]"
Real/02274.jpg,REAL,1,ONE_FACE,0.9409,"[46,54,146,189]"
Real/02275.jpg,REAL,1,ONE_FACE,0.9215,"[71,52,144,197]"
Real/02276.jpg,REAL,1,ONE_FACE,0.9288,"[60,54,140,183]"
Real/02279.jpg,REAL,2,MULTIPLE_FACES,"[0.9381, 0.8781]","[[55, 65, 126, 163], [203, 184, 50, 63]]"
Real/02282.jpg,REAL,1,ONE_FACE,0.9280,"[46,37,142,188]"
Real/02283.jpg,REAL,1,ONE_FACE,0.9259,"[61,42,140,174]"
Real/02285.jpg,REAL,1,ONE_FACE,0.9296,"[44,38,147,195]"
Real/02286.jpg,REAL,1,ONE_FACE,0.9361,"[47,36,148,213]"
Real/02287.jpg,REAL,2,MULTIPLE_FACES,"[0.947, 0.6108]","[[55, 46, 152, 192], [0, 14, 35, 56]]"
Real/02288.jpg,REAL,1,ONE_FACE,0.9280,"[57,57,132,174]"
Real/02289.jpg,REAL,1,ONE_FACE,0.9422,"[61,50,139,177]"
Real/02290.jpg,REAL,1,ONE_FACE,0.9467,"[56,48,139,167]"
Real/02291.jpg,REAL,1,ONE_FACE,0.9383,"[38,34,149,205]"
Real/02292.jpg,REAL,1,ONE_FACE,0.9376,"[62,45,145,186]"
Real/02294.jpg,REAL,1,ONE_FACE,0.9383,"[70,33,158,198]"
Real/02295.jpg,REAL,1,ONE_FACE,0.9318,"[33,46,141,193]"
Real/02298.jpg,REAL,1,ONE_FACE,0.9454,"[53,47,141,177]"
Real/02299.jpg,REAL,2,MULTIPLE_FACES,"[0.9333, 0.8737]","[[73, 55, 150, 203], [39, 183, 29, 36]]"
Real/02300.jpg,REAL,1,ONE_FACE,0.9423,"[57,43,141,190]"
Real/02302.jpg,REAL,1,ONE_FACE,0.9383,"[69,25,164,223]"
Real/02303.jpg,REAL,1,ONE_FACE,0.9499,"[36,40,151,200]"
Real/02304.jpg,REAL,1,ONE_FACE,0.9363,"[50,50,137,198]"
Real/02305.jpg,REAL,1,ONE_FACE,0.9509,"[51,51,131,185]"
Real/02306.jpg,REAL,1,ONE_FACE,0.9401,"[52,49,140,183]"
Real/02307.jpg,REAL,1,ONE_FACE,0.9341,"[56,45,146,192]"
Real/02308.jpg,REAL,1,ONE_FACE,0.9477,"[48,49,148,189]"
Real/02310.jpg,REAL,1,ONE_FACE,0.9372,"[72,48,126,193]"
Real/02311.jpg,REAL,1,ONE_FACE,0.9303,"[62,45,133,183]"
Real/02312.jpg,REAL,1,ONE_FACE,0.9445,"[49,48,142,185]"
Real/02313.jpg,REAL,1,ONE_FACE,0.9422,"[63,45,137,194]"
Real/02314.jpg,REAL,1,ONE_FACE,0.9442,"[43,44,147,192]"
Real/02315.jpg,REAL,1,ONE_FACE,0.9392,"[56,54,139,176]"
Real/02316.jpg,REAL,1,ONE_FACE,0.9432,"[61,54,141,182]"
Real/02317.jpg,REAL,1,ONE_FACE,0.9328,"[51,43,144,176]"
Real/02319.jpg,REAL,1,ONE_FACE,0.9462,"[61,54,131,183]"
Real/02320.jpg,REAL,1,ONE_FACE,0.9310,"[55,35,150,179]"
Real/02321.jpg,REAL,1,ONE_FACE,0.9434,"[57,53,140,174]"
Real/02322.jpg,REAL,1,ONE_FACE,0.9350,"[63,49,132,191]"
Real/02323.jpg,REAL,1,ONE_FACE,0.9345,"[41,40,140,171]"
Real/02324.jpg,REAL,1,ONE_FACE,0.9283,"[46,39,144,187]"
Real/02327.jpg,REAL,1,ONE_FACE,0.9250,"[51,43,133,178]"
Real/02329.jpg,REAL,1,ONE_FACE,0.9340,"[66,41,139,207]"
Real/02330.jpg,REAL,1,ONE_FACE,0.9364,"[28,34,160,209]"
Real/02331.jpg,REAL,1,ONE_FACE,0.9207,"[58,48,145,195]"
Real/02332.jpg,REAL,1,ONE_FACE,0.9420,"[60,48,138,182]"
Real/02333.jpg,REAL,1,ONE_FACE,0.9394,"[68,46,165,190]"
Real/02334.jpg,REAL,1,ONE_FACE,0.9392,"[43,37,150,201]"
Real/02335.jpg,REAL,1,ONE_FACE,0.9340,"[29,36,158,216]"
Real/02336.jpg,REAL,1,ONE_FACE,0.9427,"[36,44,158,190]"
Real/02337.jpg,REAL,1,ONE_FACE,0.9249,"[61,40,133,190]"
Real/02338.jpg,REAL,1,ONE_FACE,0.9409,"[71,35,170,206]"
Real/02339.jpg,REAL,1,ONE_FACE,0.9352,"[34,42,159,209]"
Real/02340.jpg,REAL,1,ONE_FACE,0.9413,"[63,32,163,221]"
Real/02342.jpg,REAL,1,ONE_FACE,0.9289,"[36,42,152,194]"
Real/02344.jpg,REAL,1,ONE_FACE,0.9451,"[69,51,153,179]"
Real/02345.jpg,REAL,1,ONE_FACE,0.9402,"[63,45,147,191]"
Real/02346.jpg,REAL,1,ONE_FACE,0.9410,"[59,61,131,152]"
Real/02347.jpg,REAL,1,ONE_FACE,0.9478,"[49,41,149,194]"
Real/02348.jpg,REAL,1,ONE_FACE,0.9434,"[56,39,144,185]"
Real/02349.jpg,REAL,1,ONE_FACE,0.9434,"[56,40,160,194]"
Real/02350.jpg,REAL,1,ONE_FACE,0.9308,"[52,44,139,196]"
Real/02351.jpg,REAL,2,MULTIPLE_FACES,"[0.9311, 0.8246]","[[60, 54, 144, 188], [-1, 145, 50, 67]]"
Real/02352.jpg,REAL,1,ONE_FACE,0.9401,"[52,46,141,191]"
Real/02354.jpg,REAL,1,ONE_FACE,0.9317,"[45,52,142,174]"
Real/02355.jpg,REAL,1,ONE_FACE,0.9339,"[76,30,172,224]"
Real/02356.jpg,REAL,1,ONE_FACE,0.9434,"[39,44,151,196]"
Real/02357.jpg,REAL,1,ONE_FACE,0.9402,"[65,47,153,203]"
Real/02358.jpg,REAL,1,ONE_FACE,0.9263,"[63,45,127,179]"
Real/02359.jpg,REAL,3,MULTIPLE_FACES,"[0.9184, 0.826, 0.6711]","[[62, 48, 130, 185], [218, 156, 15, 20], [50, 150, 20, 26]]"
Real/02362.jpg,REAL,1,ONE_FACE,0.9469,"[44,39,155,197]"
Real/02364.jpg,REAL,1,ONE_FACE,0.9431,"[46,38,133,191]"
Real/02365.jpg,REAL,1,ONE_FACE,0.9320,"[52,43,162,203]"
Real/02366.jpg,REAL,1,ONE_FACE,0.9519,"[59,52,135,177]"
Real/02367.jpg,REAL,1,ONE_FACE,0.9399,"[80,51,134,192]"
Real/02368.jpg,REAL,1,ONE_FACE,0.9264,"[64,48,135,170]"
Real/02369.jpg,REAL,1,ONE_FACE,0.9298,"[60,46,146,187]"
Real/02370.jpg,REAL,1,ONE_FACE,0.9275,"[38,65,140,164]"
Real/02371.jpg,REAL,1,ONE_FACE,0.9438,"[54,39,137,186]"
Real/02373.jpg,REAL,1,ONE_FACE,0.9220,"[46,35,157,188]"
Real/02374.jpg,REAL,1,ONE_FACE,0.9256,"[68,54,151,190]"
Real/02375.jpg,REAL,1,ONE_FACE,0.9449,"[63,39,139,206]"
Real/02376.jpg,REAL,1,ONE_FACE,0.9315,"[69,39,143,191]"
Real/02377.jpg,REAL,1,ONE_FACE,0.9493,"[55,55,142,184]"
Real/02379.jpg,REAL,1,ONE_FACE,0.9351,"[58,44,150,195]"
Real/02382.jpg,REAL,1,ONE_FACE,0.9398,"[58,51,141,181]"
Real/02383.jpg,REAL,1,ONE_FACE,0.9362,"[55,39,141,192]"
Real/02384.jpg,REAL,1,ONE_FACE,0.9306,"[64,37,145,170]"
Real/02385.jpg,REAL,1,ONE_FACE,0.9463,"[55,49,140,179]"
Real/02387.jpg,REAL,1,ONE_FACE,0.9467,"[69,46,139,185]"
Real/02388.jpg,REAL,1,ONE_FACE,0.9330,"[57,39,137,189]"
Real/02389.jpg,REAL,1,ONE_FACE,0.9425,"[63,34,158,205]"
Real/02390.jpg,REAL,1,ONE_FACE,0.9472,"[52,44,149,201]"
Real/02391.jpg,REAL,1,ONE_FACE,0.9358,"[51,39,145,195]"
Real/02392.jpg,REAL,1,ONE_FACE,0.9467,"[61,51,136,180]"
Real/02393.jpg,REAL,1,ONE_FACE,0.9334,"[53,67,138,165]"
Real/02395.jpg,REAL,1,ONE_FACE,0.9438,"[63,43,149,195]"
Real/02396.jpg,REAL,1,ONE_FACE,0.9359,"[61,24,156,222]"
Real/02397.jpg,REAL,1,ONE_FACE,0.9482,"[54,44,138,174]"
Real/02398.jpg,REAL,1,ONE_FACE,0.9393,"[59,49,134,161]"
Real/02401.jpg,REAL,1,ONE_FACE,0.9443,"[38,37,143,193]"
Real/02402.jpg,REAL,1,ONE_FACE,0.9410,"[80,39,140,207]"
Real/02403.jpg,REAL,1,ONE_FACE,0.9291,"[74,60,153,187]"
Real/02408.jpg,REAL,1,ONE_FACE,0.9415,"[47,38,148,209]"
Real/02409.jpg,REAL,1,ONE_FACE,0.8894,"[19,41,155,185]"
Real/02410.jpg,REAL,1,ONE_FACE,0.9438,"[60,42,141,196]"
Real/02411.jpg,REAL,1,ONE_FACE,0.9258,"[63,29,148,183]"
Real/02412.jpg,REAL,1,ONE_FACE,0.9454,"[61,43,144,184]"
Real/02414.jpg,REAL,1,ONE_FACE,0.9145,"[64,42,138,193]"
Real/02415.jpg,REAL,1,ONE_FACE,0.9444,"[58,62,131,161]"
Real/02416.jpg,REAL,1,ONE_FACE,0.9437,"[75,46,148,207]"
Real/02419.jpg,REAL,1,ONE_FACE,0.9432,"[50,42,146,192]"
Real/02420.jpg,REAL,1,ONE_FACE,0.9321,"[23,26,158,221]"
Real/02421.jpg,REAL,1,ONE_FACE,0.9403,"[36,41,156,211]"
Real/02422.jpg,REAL,1,ONE_FACE,0.9408,"[63,48,145,186]"
Real/02423.jpg,REAL,1,ONE_FACE,0.9311,"[60,45,134,188]"
Real/02424.jpg,REAL,1,ONE_FACE,0.9268,"[54,52,130,161]"
Real/02425.jpg,REAL,1,ONE_FACE,0.9392,"[42,56,148,186]"
Real/02426.jpg,REAL,1,ONE_FACE,0.9415,"[58,34,151,199]"
Real/02427.jpg,REAL,1,ONE_FACE,0.9424,"[59,50,146,186]"
Real/02428.jpg,REAL,1,ONE_FACE,0.9384,"[63,50,160,193]"
Real/02429.jpg,REAL,1,ONE_FACE,0.9345,"[74,39,153,197]"
Real/02432.jpg,REAL,1,ONE_FACE,0.9406,"[74,42,151,196]"
Real/02435.jpg,REAL,1,ONE_FACE,0.9401,"[57,64,130,175]"
Real/02436.jpg,REAL,1,ONE_FACE,0.9332,"[53,55,149,193]"
Real/02437.jpg,REAL,1,ONE_FACE,0.9419,"[41,35,157,200]"
Real/02438.jpg,REAL,1,ONE_FACE,0.9338,"[72,36,122,196]"
Real/02441.jpg,REAL,1,ONE_FACE,0.9305,"[72,39,139,197]"
Real/02442.jpg,REAL,1,ONE_FACE,0.9377,"[54,48,137,187]"
Real/02446.jpg,REAL,1,ONE_FACE,0.9400,"[76,49,132,170]"
Real/02447.jpg,REAL,1,ONE_FACE,0.9267,"[59,50,143,185]"
Real/02449.jpg,REAL,1,ONE_FACE,0.9485,"[51,47,137,183]"
Real/02450.jpg,REAL,2,MULTIPLE_FACES,"[0.9176, 0.8743]","[[40, 66, 120, 156], [155, 102, 56, 76]]"
Real/02451.jpg,REAL,1,ONE_FACE,0.9352,"[85,48,157,193]"
Real/02452.jpg,REAL,1,ONE_FACE,0.9257,"[70,36,148,194]"
Real/02454.jpg,REAL,1,ONE_FACE,0.9365,"[70,38,158,197]"
Real/02455.jpg,REAL,1,ONE_FACE,0.9393,"[46,40,140,198]"
Real/02456.jpg,REAL,1,ONE_FACE,0.9354,"[66,59,147,181]"
Real/02458.jpg,REAL,1,ONE_FACE,0.9395,"[59,36,147,200]"
Real/02459.jpg,REAL,1,ONE_FACE,0.9285,"[61,46,113,181]"
Real/02460.jpg,REAL,1,ONE_FACE,0.9359,"[38,50,146,186]"
Real/02462.jpg,REAL,1,ONE_FACE,0.9391,"[37,36,157,210]"
Real/02464.jpg,REAL,1,ONE_FACE,0.9458,"[59,39,146,195]"
Real/02466.jpg,REAL,2,MULTIPLE_FACES,"[0.9303, 0.9041]","[[73, 71, 138, 156], [21, 0, 38, 45]]"
Real/02468.jpg,REAL,1,ONE_FACE,0.9330,"[49,44,143,184]"
Real/02470.jpg,REAL,1,ONE_FACE,0.9360,"[56,48,141,173]"
Real/02472.jpg,REAL,1,ONE_FACE,0.9502,"[55,49,136,172]"
Real/02473.jpg,REAL,1,ONE_FACE,0.9373,"[72,65,130,170]"
Real/02475.jpg,REAL,1,ONE_FACE,0.9425,"[46,37,145,197]"
Real/02476.jpg,REAL,1,ONE_FACE,0.9313,"[70,52,116,157]"
Real/02477.jpg,REAL,1,ONE_FACE,0.9168,"[44,27,164,224]"
Real/02478.jpg,REAL,1,ONE_FACE,0.9399,"[67,47,133,176]"
Real/02479.jpg,REAL,1,ONE_FACE,0.9323,"[55,45,133,180]"
Real/02481.jpg,REAL,1,ONE_FACE,0.9484,"[58,44,142,186]"
Real/02482.jpg,REAL,1,ONE_FACE,0.9386,"[41,31,161,221]"
Real/02485.jpg,REAL,1,ONE_FACE,0.9151,"[70,43,139,181]"
Real/02490.jpg,REAL,1,ONE_FACE,0.9332,"[61,34,155,213]"
Real/02494.jpg,REAL,1,ONE_FACE,0.9444,"[62,44,142,191]"
Real/02495.jpg,REAL,1,ONE_FACE,0.9380,"[45,44,147,193]"
Real/02496.jpg,REAL,1,ONE_FACE,0.9372,"[64,45,146,196]"
Real/02497.jpg,REAL,1,ONE_FACE,0.9323,"[61,40,156,212]"
Real/02498.jpg,REAL,1,ONE_FACE,0.9408,"[47,57,150,174]"
Real/02499.jpg,REAL,1,ONE_FACE,0.9336,"[27,43,164,201]"
Real/02500.jpg,REAL,1,ONE_FACE,0.9406,"[54,42,141,198]"
Real/02501.jpg,REAL,1,ONE_FACE,0.9430,"[36,38,142,200]"
Real/02502.jpg,REAL,1,ONE_FACE,0.9285,"[51,44,135,208]"
Real/02503.jpg,REAL,1,ONE_FACE,0.9396,"[69,66,137,163]"
Real/02506.jpg,REAL,1,ONE_FACE,0.9343,"[57,55,135,174]"
Real/02507.jpg,REAL,1,ONE_FACE,0.9440,"[72,36,149,213]"
Real/02508.jpg,REAL,1,ONE_FACE,0.9369,"[83,39,158,200]"
Real/02509.jpg,REAL,1,ONE_FACE,0.9406,"[55,64,143,162]"
Real/02510.jpg,REAL,1,ONE_FACE,0.9370,"[64,48,138,190]"
Real/02511.jpg,REAL,1,ONE_FACE,0.9347,"[56,40,147,185]"
Real/02513.jpg,REAL,1,ONE_FACE,0.9330,"[53,30,139,185]"
Real/02514.jpg,REAL,1,ONE_FACE,0.9493,"[37,38,153,206]"
Real/02515.jpg,REAL,1,ONE_FACE,0.9328,"[44,41,143,206]"
Real/02516.jpg,REAL,1,ONE_FACE,0.9403,"[41,57,141,188]"
Real/02519.jpg,REAL,1,ONE_FACE,0.9488,"[67,43,140,196]"
Real/02520.jpg,REAL,1,ONE_FACE,0.9404,"[37,51,133,196]"
Real/02521.jpg,REAL,1,ONE_FACE,0.9430,"[78,39,158,201]"
Real/02522.jpg,REAL,1,ONE_FACE,0.9410,"[47,44,149,208]"
Real/02523.jpg,REAL,1,ONE_FACE,0.9421,"[70,52,136,183]"
Real/02524.jpg,REAL,1,ONE_FACE,0.9285,"[60,68,136,160]"
Real/02525.jpg,REAL,1,ONE_FACE,0.9425,"[77,38,132,193]"
Real/02526.jpg,REAL,1,ONE_FACE,0.9402,"[69,55,140,171]"
Real/02527.jpg,REAL,1,ONE_FACE,0.9464,"[78,45,159,204]"
Real/02528.jpg,REAL,1,ONE_FACE,0.9343,"[61,27,184,235]"
Real/02529.jpg,REAL,1,ONE_FACE,0.9379,"[45,41,141,187]"
Real/02530.jpg,REAL,1,ONE_FACE,0.9513,"[59,62,142,160]"
Real/02531.jpg,REAL,1,ONE_FACE,0.9442,"[64,50,142,174]"
Real/02533.jpg,REAL,1,ONE_FACE,0.9382,"[42,56,148,189]"
Real/02535.jpg,REAL,1,ONE_FACE,0.9315,"[67,73,120,144]"
Real/02536.jpg,REAL,1,ONE_FACE,0.9354,"[49,39,150,193]"
Real/02537.jpg,REAL,1,ONE_FACE,0.9357,"[42,44,145,194]"
Real/02539.jpg,REAL,1,ONE_FACE,0.9494,"[51,55,148,198]"
Real/02540.jpg,REAL,1,ONE_FACE,0.9387,"[56,42,153,188]"
Real/02541.jpg,REAL,1,ONE_FACE,0.9158,"[28,41,162,197]"
Real/02542.jpg,REAL,1,ONE_FACE,0.9373,"[45,48,135,190]"
Real/02543.jpg,REAL,1,ONE_FACE,0.9135,"[78,35,153,188]"
Real/02547.jpg,REAL,1,ONE_FACE,0.9230,"[94,43,119,198]"
Real/02548.jpg,REAL,1,ONE_FACE,0.9393,"[42,40,146,194]"
Real/02549.jpg,REAL,1,ONE_FACE,0.9424,"[66,53,125,167]"
Real/02550.jpg,REAL,1,ONE_FACE,0.9368,"[44,47,144,188]"
Real/02551.jpg,REAL,1,ONE_FACE,0.9373,"[58,27,151,214]"
Real/02552.jpg,REAL,1,ONE_FACE,0.9450,"[72,54,136,194]"
Real/02553.jpg,REAL,1,ONE_FACE,0.9327,"[64,47,143,185]"
Real/02554.jpg,REAL,1,ONE_FACE,0.9234,"[67,37,148,199]"
Real/02556.jpg,REAL,1,ONE_FACE,0.9361,"[55,43,138,200]"
Real/02557.jpg,REAL,1,ONE_FACE,0.9458,"[62,46,152,200]"
Real/02558.jpg,REAL,1,ONE_FACE,0.9407,"[60,33,158,221]"
Real/02559.jpg,REAL,1,ONE_FACE,0.9420,"[46,47,141,186]"
Real/02562.jpg,REAL,1,ONE_FACE,0.9485,"[63,57,129,167]"
Real/02563.jpg,REAL,1,ONE_FACE,0.9326,"[54,54,135,182]"
Real/02565.jpg,REAL,1,ONE_FACE,0.9354,"[70,47,147,176]"
Real/02566.jpg,REAL,1,ONE_FACE,0.9435,"[38,40,151,213]"
Real/02567.jpg,REAL,1,ONE_FACE,0.9329,"[75,37,173,218]"
Real/02570.jpg,REAL,1,ONE_FACE,0.9266,"[55,54,132,168]"
Real/02572.jpg,REAL,1,ONE_FACE,0.9290,"[71,32,173,210]"
Real/02573.jpg,REAL,1,ONE_FACE,0.9394,"[52,58,136,170]"
Real/02575.jpg,REAL,1,ONE_FACE,0.9312,"[76,55,157,188]"
Real/02576.jpg,REAL,1,ONE_FACE,0.9465,"[63,57,133,173]"
Real/02577.jpg,REAL,1,ONE_FACE,0.9354,"[34,35,155,209]"
Real/02578.jpg,REAL,1,ONE_FACE,0.9375,"[60,49,143,181]"
Real/02579.jpg,REAL,1,ONE_FACE,0.9372,"[49,45,150,201]"
Real/02581.jpg,REAL,1,ONE_FACE,0.9441,"[34,44,143,198]"
Real/02582.jpg,REAL,1,ONE_FACE,0.9441,"[82,43,155,204]"
Real/02583.jpg,REAL,1,ONE_FACE,0.9374,"[51,45,141,202]"
Real/02584.jpg,REAL,1,ONE_FACE,0.9358,"[44,42,144,197]"
Real/02585.jpg,REAL,1,ONE_FACE,0.9309,"[74,38,150,192]"
Real/02586.jpg,REAL,1,ONE_FACE,0.9442,"[56,47,139,183]"
Real/02587.jpg,REAL,1,ONE_FACE,0.9330,"[75,43,138,199]"
Real/02589.jpg,REAL,1,ONE_FACE,0.9355,"[66,45,129,173]"
Real/02591.jpg,REAL,1,ONE_FACE,0.9457,"[58,48,135,186]"
Real/02592.jpg,REAL,1,ONE_FACE,0.9321,"[79,48,139,181]"
Real/02593.jpg,REAL,1,ONE_FACE,0.9490,"[64,45,145,200]"
Real/02594.jpg,REAL,1,ONE_FACE,0.9396,"[57,42,143,198]"
Real/02595.jpg,REAL,1,ONE_FACE,0.9412,"[57,54,138,193]"
Real/02596.jpg,REAL,1,ONE_FACE,0.9435,"[58,57,137,172]"
Real/02597.jpg,REAL,1,ONE_FACE,0.9374,"[56,50,143,190]"
Real/02598.jpg,REAL,1,ONE_FACE,0.9410,"[60,42,137,172]"
Real/02602.jpg,REAL,1,ONE_FACE,0.9390,"[69,65,126,173]"
Real/02603.jpg,REAL,1,ONE_FACE,0.9405,"[51,44,149,185]"
Real/02604.jpg,REAL,1,ONE_FACE,0.9293,"[64,56,161,193]"
Real/02605.jpg,REAL,1,ONE_FACE,0.9350,"[49,21,152,235]"
Real/02608.jpg,REAL,1,ONE_FACE,0.9408,"[69,57,136,168]"
Real/02609.jpg,REAL,1,ONE_FACE,0.9485,"[45,41,151,197]"
Real/02611.jpg,REAL,1,ONE_FACE,0.9401,"[63,61,143,175]"
Real/02612.jpg,REAL,1,ONE_FACE,0.9335,"[53,33,132,202]"
Real/02613.jpg,REAL,1,ONE_FACE,0.9300,"[49,40,150,198]"
Real/02614.jpg,REAL,1,ONE_FACE,0.9428,"[50,53,149,179]"
Real/02615.jpg,REAL,1,ONE_FACE,0.9417,"[57,48,144,179]"
Real/02616.jpg,REAL,1,ONE_FACE,0.9421,"[58,40,151,206]"
Real/02617.jpg,REAL,1,ONE_FACE,0.9327,"[83,42,148,195]"
Real/02618.jpg,REAL,1,ONE_FACE,0.9316,"[62,40,136,191]"
Real/02620.jpg,REAL,1,ONE_FACE,0.9271,"[47,44,136,183]"
Real/02621.jpg,REAL,1,ONE_FACE,0.9412,"[70,42,154,200]"
Real/02624.jpg,REAL,1,ONE_FACE,0.9300,"[39,47,144,184]"
Real/02625.jpg,REAL,1,ONE_FACE,0.9429,"[40,47,138,196]"
Real/02626.jpg,REAL,1,ONE_FACE,0.9386,"[61,41,142,197]"
Real/02629.jpg,REAL,1,ONE_FACE,0.9393,"[55,45,140,198]"
Real/02630.jpg,REAL,1,ONE_FACE,0.9284,"[76,40,150,201]"
Real/02633.jpg,REAL,1,ONE_FACE,0.9481,"[56,42,147,196]"
Real/02637.jpg,REAL,1,ONE_FACE,0.9401,"[48,41,151,197]"
Real/02638.jpg,REAL,1,ONE_FACE,0.9286,"[61,43,125,203]"
Real/02639.jpg,REAL,1,ONE_FACE,0.9412,"[68,37,156,214]"
Real/02640.jpg,REAL,1,ONE_FACE,0.9414,"[56,50,121,175]"
Real/02641.jpg,REAL,1,ONE_FACE,0.9341,"[69,51,134,187]"
Real/02642.jpg,REAL,1,ONE_FACE,0.9440,"[52,57,146,180]"
Real/02645.jpg,REAL,1,ONE_FACE,0.9417,"[50,49,135,176]"
Real/02646.jpg,REAL,1,ONE_FACE,0.9447,"[61,51,134,181]"
Real/02647.jpg,REAL,1,ONE_FACE,0.9319,"[71,55,121,160]"
Real/02648.jpg,REAL,1,ONE_FACE,0.9279,"[68,45,137,192]"
Real/02649.jpg,REAL,1,ONE_FACE,0.9170,"[75,52,137,189]"
Real/02650.jpg,REAL,1,ONE_FACE,0.9375,"[58,38,144,193]"
Real/02651.jpg,REAL,1,ONE_FACE,0.9352,"[91,33,156,201]"
Real/02652.jpg,REAL,2,MULTIPLE_FACES,"[0.931, 0.7586]","[[53, 54, 142, 183], [209, 189, 25, 31]]"
Real/02653.jpg,REAL,1,ONE_FACE,0.9389,"[64,47,137,178]"
Real/02655.jpg,REAL,1,ONE_FACE,0.9282,"[61,37,136,191]"
Real/02656.jpg,REAL,1,ONE_FACE,0.9401,"[63,46,138,180]"
Real/02657.jpg,REAL,1,ONE_FACE,0.9413,"[50,54,148,181]"
Real/02658.jpg,REAL,1,ONE_FACE,0.9364,"[35,38,157,212]"
Real/02659.jpg,REAL,1,ONE_FACE,0.9336,"[56,40,135,190]"
Real/02660.jpg,REAL,1,ONE_FACE,0.8732,"[75,39,159,199]"
Real/02662.jpg,REAL,1,ONE_FACE,0.9374,"[26,40,150,196]"
Real/02663.jpg,REAL,1,ONE_FACE,0.9363,"[66,51,144,183]"
Real/02664.jpg,REAL,1,ONE_FACE,0.9372,"[58,52,142,179]"
Real/02665.jpg,REAL,1,ONE_FACE,0.9344,"[37,36,160,205]"
Real/02666.jpg,REAL,1,ONE_FACE,0.9442,"[52,48,140,175]"
Real/02667.jpg,REAL,1,ONE_FACE,0.9361,"[48,38,147,197]"
Real/02668.jpg,REAL,1,ONE_FACE,0.9438,"[63,45,156,197]"
Real/02669.jpg,REAL,1,ONE_FACE,0.9431,"[61,43,139,192]"
Real/02670.jpg,REAL,1,ONE_FACE,0.9244,"[63,36,145,191]"
Real/02671.jpg,REAL,1,ONE_FACE,0.9476,"[51,45,142,179]"
Real/02673.jpg,REAL,1,ONE_FACE,0.9440,"[49,39,149,197]"
Real/02674.jpg,REAL,1,ONE_FACE,0.9411,"[69,32,160,214]"
Real/02675.jpg,REAL,1,ONE_FACE,0.9434,"[54,45,146,190]"
Real/02676.jpg,REAL,1,ONE_FACE,0.9418,"[63,43,142,195]"
Real/02677.jpg,REAL,2,MULTIPLE_FACES,"[0.9216, 0.6379]","[[60, 43, 138, 187], [5, 74, 37, 58]]"
Real/02678.jpg,REAL,1,ONE_FACE,0.9389,"[71,60,123,159]"
Real/02679.jpg,REAL,1,ONE_FACE,0.9239,"[44,31,154,200]"
Real/02680.jpg,REAL,1,ONE_FACE,0.9402,"[67,54,139,187]"
Real/02681.jpg,REAL,1,ONE_FACE,0.9261,"[38,46,138,195]"
Real/02682.jpg,REAL,1,ONE_FACE,0.9334,"[74,51,171,205]"
Real/02683.jpg,REAL,1,ONE_FACE,0.9339,"[54,50,141,180]"
Real/02686.jpg,REAL,1,ONE_FACE,0.9423,"[61,66,143,169]"
Real/02687.jpg,REAL,1,ONE_FACE,0.9290,"[70,42,140,193]"
Real/02688.jpg,REAL,1,ONE_FACE,0.9308,"[63,17,177,244]"
Real/02689.jpg,REAL,1,ONE_FACE,0.9295,"[47,37,139,219]"
Real/02690.jpg,REAL,1,ONE_FACE,0.9475,"[64,43,154,205]"
Real/02691.jpg,REAL,1,ONE_FACE,0.9430,"[65,47,149,194]"
Real/02692.jpg,REAL,1,ONE_FACE,0.9430,"[64,47,150,192]"
Real/02693.jpg,REAL,1,ONE_FACE,0.9480,"[73,38,136,192]"
Real/02695.jpg,REAL,1,ONE_FACE,0.9410,"[57,51,148,191]"
Real/02697.jpg,REAL,1,ONE_FACE,0.9382,"[71,44,144,185]"
Real/02698.jpg,REAL,1,ONE_FACE,0.9456,"[67,35,146,208]"
Real/02699.jpg,REAL,1,ONE_FACE,0.9364,"[52,38,145,194]"
Real/02700.jpg,REAL,1,ONE_FACE,0.9390,"[57,43,139,185]"
Real/02701.jpg,REAL,1,ONE_FACE,0.9475,"[57,46,149,201]"
Real/02702.jpg,REAL,1,ONE_FACE,0.9415,"[82,44,134,189]"
Real/02703.jpg,REAL,1,ONE_FACE,0.9427,"[59,48,157,204]"
Real/02704.jpg,REAL,1,ONE_FACE,0.9429,"[69,59,152,184]"
Real/02706.jpg,REAL,1,ONE_FACE,0.9335,"[53,53,137,176]"
Real/02707.jpg,REAL,1,ONE_FACE,0.9254,"[60,40,140,197]"
Real/02708.jpg,REAL,1,ONE_FACE,0.9336,"[29,31,154,228]"
Real/02709.jpg,REAL,1,ONE_FACE,0.9421,"[30,30,155,227]"
Real/02711.jpg,REAL,1,ONE_FACE,0.9382,"[86,34,144,218]"
Real/02712.jpg,REAL,1,ONE_FACE,0.9343,"[64,50,136,183]"
Real/02714.jpg,REAL,1,ONE_FACE,0.9433,"[46,39,148,196]"
Real/02715.jpg,REAL,1,ONE_FACE,0.9452,"[56,44,133,183]"
Real/02716.jpg,REAL,1,ONE_FACE,0.9363,"[37,39,152,198]"
Real/02718.jpg,REAL,1,ONE_FACE,0.9335,"[44,51,149,179]"
Real/02719.jpg,REAL,1,ONE_FACE,0.9266,"[45,31,141,198]"
Real/02720.jpg,REAL,1,ONE_FACE,0.9254,"[40,48,149,192]"
Real/02721.jpg,REAL,1,ONE_FACE,0.9284,"[62,55,141,174]"
Real/02722.jpg,REAL,1,ONE_FACE,0.9456,"[56,46,136,183]"
Real/02723.jpg,REAL,1,ONE_FACE,0.9437,"[36,49,136,196]"
Real/02724.jpg,REAL,1,ONE_FACE,0.9406,"[50,39,143,195]"
Real/02725.jpg,REAL,1,ONE_FACE,0.9426,"[33,41,161,205]"
Real/02726.jpg,REAL,1,ONE_FACE,0.9328,"[46,46,151,191]"
Real/02727.jpg,REAL,1,ONE_FACE,0.9306,"[50,49,145,180]"
Real/02728.jpg,REAL,1,ONE_FACE,0.9339,"[56,63,129,164]"
Real/02729.jpg,REAL,1,ONE_FACE,0.9260,"[55,46,123,177]"
Real/02730.jpg,REAL,1,ONE_FACE,0.9376,"[48,45,144,184]"
Real/02732.jpg,REAL,1,ONE_FACE,0.9386,"[51,44,134,166]"
Real/02733.jpg,REAL,1,ONE_FACE,0.9465,"[43,36,143,201]"
Real/02737.jpg,REAL,1,ONE_FACE,0.9495,"[61,52,148,199]"
Real/02741.jpg,REAL,1,ONE_FACE,0.9323,"[64,56,135,178]"
Real/02743.jpg,REAL,1,ONE_FACE,0.9340,"[83,52,134,176]"
Real/02744.jpg,REAL,1,ONE_FACE,0.9424,"[55,56,149,184]"
Real/02745.jpg,REAL,1,ONE_FACE,0.9329,"[63,50,159,196]"
Real/02746.jpg,REAL,1,ONE_FACE,0.9438,"[59,42,140,186]"
Real/02747.jpg,REAL,1,ONE_FACE,0.9124,"[76,56,131,174]"
Real/02749.jpg,REAL,1,ONE_FACE,0.9283,"[64,53,129,176]"
Real/02750.jpg,REAL,1,ONE_FACE,0.9465,"[57,45,139,189]"
Real/02753.jpg,REAL,1,ONE_FACE,0.9339,"[60,39,144,184]"
Real/02754.jpg,REAL,1,ONE_FACE,0.9377,"[68,49,162,194]"
Real/02757.jpg,REAL,1,ONE_FACE,0.9361,"[34,34,159,202]"
Real/02758.jpg,REAL,1,ONE_FACE,0.9505,"[53,39,158,213]"
Real/02760.jpg,REAL,1,ONE_FACE,0.9304,"[37,38,136,213]"
Real/02762.jpg,REAL,1,ONE_FACE,0.9339,"[25,47,162,190]"
Real/02764.jpg,REAL,1,ONE_FACE,0.9339,"[56,27,148,205]"
Real/02765.jpg,REAL,1,ONE_FACE,0.9413,"[65,39,168,211]"
Real/02766.jpg,REAL,1,ONE_FACE,0.9384,"[53,46,132,182]"
Real/02767.jpg,REAL,1,ONE_FACE,0.9232,"[81,31,152,225]"
Real/02769.jpg,REAL,1,ONE_FACE,0.9438,"[51,38,144,198]"
Real/02772.jpg,REAL,1,ONE_FACE,0.9445,"[71,50,125,194]"
Real/02773.jpg,REAL,1,ONE_FACE,0.9363,"[41,49,145,197]"
Real/02774.jpg,REAL,1,ONE_FACE,0.9406,"[33,43,142,197]"
Real/02775.jpg,REAL,1,ONE_FACE,0.9293,"[47,34,154,198]"
Real/02776.jpg,REAL,1,ONE_FACE,0.9377,"[83,51,135,185]"
Real/02777.jpg,REAL,1,ONE_FACE,0.9483,"[58,46,134,183]"
Real/02778.jpg,REAL,1,ONE_FACE,0.9447,"[58,34,166,212]"
Real/02779.jpg,REAL,1,ONE_FACE,0.9360,"[43,39,145,205]"
Real/02780.jpg,REAL,1,ONE_FACE,0.9153,"[58,46,171,197]"
Real/02782.jpg,REAL,1,ONE_FACE,0.9452,"[51,39,145,201]"
Real/02783.jpg,REAL,1,ONE_FACE,0.9468,"[51,26,147,217]"
Real/02784.jpg,REAL,1,ONE_FACE,0.9195,"[77,43,138,178]"
Real/02785.jpg,REAL,1,ONE_FACE,0.9504,"[53,49,145,181]"
Real/02786.jpg,REAL,1,ONE_FACE,0.9453,"[66,56,129,176]"
Real/02788.jpg,REAL,1,ONE_FACE,0.9482,"[53,45,145,188]"
Real/02790.jpg,REAL,1,ONE_FACE,0.9329,"[72,54,148,176]"
Real/02791.jpg,REAL,1,ONE_FACE,0.9475,"[49,48,148,190]"
Real/02792.jpg,REAL,1,ONE_FACE,0.9303,"[52,43,140,188]"
Real/02793.jpg,REAL,1,ONE_FACE,0.9295,"[61,56,136,191]"
Real/02794.jpg,REAL,1,ONE_FACE,0.9346,"[41,50,137,188]"
Real/02796.jpg,REAL,1,ONE_FACE,0.9395,"[54,66,129,158]"
Real/02798.jpg,REAL,1,ONE_FACE,0.9332,"[28,41,165,209]"
Real/02799.jpg,REAL,1,ONE_FACE,0.9351,"[57,49,134,188]"
Real/02800.jpg,REAL,1,ONE_FACE,0.9277,"[80,51,128,176]"
Real/02801.jpg,REAL,1,ONE_FACE,0.9242,"[66,61,131,167]"
Real/02802.jpg,REAL,1,ONE_FACE,0.9391,"[68,48,136,196]"
Real/02803.jpg,REAL,1,ONE_FACE,0.9490,"[59,54,136,182]"
Real/02805.jpg,REAL,1,ONE_FACE,0.9360,"[76,55,133,177]"
Real/02806.jpg,REAL,1,ONE_FACE,0.9347,"[62,36,147,210]"
Real/02807.jpg,REAL,1,ONE_FACE,0.9279,"[35,36,158,208]"
Real/02808.jpg,REAL,1,ONE_FACE,0.9322,"[55,46,143,185]"
Real/02809.jpg,REAL,1,ONE_FACE,0.9473,"[58,41,146,204]"
Real/02815.jpg,REAL,1,ONE_FACE,0.9427,"[54,41,146,189]"
Real/02816.jpg,REAL,1,ONE_FACE,0.9306,"[31,34,150,205]"
Real/02818.jpg,REAL,1,ONE_FACE,0.9444,"[41,49,150,193]"
Real/02820.jpg,REAL,1,ONE_FACE,0.9351,"[63,44,137,191]"
Real/02821.jpg,REAL,1,ONE_FACE,0.9464,"[65,22,174,215]"
Real/02822.jpg,REAL,1,ONE_FACE,0.9416,"[59,49,152,182]"
Real/02823.jpg,REAL,1,ONE_FACE,0.9335,"[53,46,134,184]"
Real/02824.jpg,REAL,1,ONE_FACE,0.9393,"[64,54,133,176]"
Real/02825.jpg,REAL,1,ONE_FACE,0.9284,"[68,37,169,212]"
Real/02826.jpg,REAL,1,ONE_FACE,0.9469,"[52,37,147,196]"
Real/02827.jpg,REAL,1,ONE_FACE,0.9445,"[31,41,160,217]"
Real/02828.jpg,REAL,1,ONE_FACE,0.9478,"[80,34,146,200]"
Real/02830.jpg,REAL,1,ONE_FACE,0.9451,"[79,30,163,209]"
Real/02831.jpg,REAL,1,ONE_FACE,0.9504,"[57,49,142,191]"
Real/02832.jpg,REAL,1,ONE_FACE,0.9309,"[58,39,135,190]"
Real/02833.jpg,REAL,1,ONE_FACE,0.9230,"[67,47,137,183]"
Real/02834.jpg,REAL,1,ONE_FACE,0.9405,"[50,32,146,207]"
Real/02837.jpg,REAL,1,ONE_FACE,0.9417,"[51,50,145,197]"
Real/02838.jpg,REAL,1,ONE_FACE,0.9260,"[80,61,136,177]"
Real/02839.jpg,REAL,1,ONE_FACE,0.9349,"[40,32,160,206]"
Real/02841.jpg,REAL,1,ONE_FACE,0.9352,"[58,31,153,197]"
Real/02842.jpg,REAL,1,ONE_FACE,0.9446,"[27,32,163,212]"
Real/02844.jpg,REAL,1,ONE_FACE,0.9378,"[41,42,149,206]"
Real/02845.jpg,REAL,1,ONE_FACE,0.9383,"[59,56,129,185]"
Real/02846.jpg,REAL,1,ONE_FACE,0.9371,"[61,41,138,199]"
Real/02847.jpg,REAL,1,ONE_FACE,0.9315,"[56,45,137,198]"
Real/02848.jpg,REAL,1,ONE_FACE,0.9377,"[67,50,136,171]"
Real/02849.jpg,REAL,1,ONE_FACE,0.9402,"[59,46,153,203]"
Real/02851.jpg,REAL,1,ONE_FACE,0.9432,"[46,41,147,198]"
Real/02852.jpg,REAL,1,ONE_FACE,0.9361,"[50,52,140,183]"
Real/02853.jpg,REAL,1,ONE_FACE,0.9471,"[54,45,138,196]"
Real/02854.jpg,REAL,1,ONE_FACE,0.9324,"[60,57,140,150]"
Real/02859.jpg,REAL,1,ONE_FACE,0.9261,"[58,41,142,182]"
Real/02860.jpg,REAL,1,ONE_FACE,0.9408,"[54,59,131,175]"
Real/02861.jpg,REAL,1,ONE_FACE,0.9266,"[53,55,154,187]"
Real/02862.jpg,REAL,1,ONE_FACE,0.9474,"[36,46,147,195]"
Real/02863.jpg,REAL,1,ONE_FACE,0.9457,"[60,44,141,185]"
Real/02865.jpg,REAL,1,ONE_FACE,0.9381,"[54,44,146,176]"
Real/02866.jpg,REAL,1,ONE_FACE,0.9437,"[55,47,143,192]"
Real/02867.jpg,REAL,1,ONE_FACE,0.9464,"[60,55,135,172]"
Real/02868.jpg,REAL,1,ONE_FACE,0.9307,"[30,48,154,193]"
Real/02869.jpg,REAL,1,ONE_FACE,0.9279,"[50,49,143,186]"
Real/02870.jpg,REAL,1,ONE_FACE,0.9421,"[58,43,137,190]"
Real/02871.jpg,REAL,1,ONE_FACE,0.9335,"[41,50,151,185]"
Real/02873.jpg,REAL,1,ONE_FACE,0.9425,"[47,50,146,188]"
Real/02874.jpg,REAL,1,ONE_FACE,0.9326,"[63,33,172,208]"
Real/02875.jpg,REAL,1,ONE_FACE,0.9354,"[66,59,135,170]"
Real/02876.jpg,REAL,1,ONE_FACE,0.9343,"[83,57,134,178]"
Real/02877.jpg,REAL,1,ONE_FACE,0.9457,"[50,40,153,206]"
Real/02878.jpg,REAL,1,ONE_FACE,0.9154,"[38,35,151,171]"
Real/02879.jpg,REAL,1,ONE_FACE,0.9483,"[34,34,144,202]"
Real/02880.jpg,REAL,1,ONE_FACE,0.9417,"[59,65,152,184]"
Real/02881.jpg,REAL,1,ONE_FACE,0.9442,"[54,32,156,212]"
Real/02883.jpg,REAL,1,ONE_FACE,0.9292,"[46,58,139,182]"
Real/02884.jpg,REAL,1,ONE_FACE,0.9418,"[53,42,147,202]"
Real/02885.jpg,REAL,1,ONE_FACE,0.9340,"[62,55,143,173]"
Real/02890.jpg,REAL,1,ONE_FACE,0.9386,"[37,38,157,212]"
Real/02891.jpg,REAL,1,ONE_FACE,0.9397,"[59,39,152,201]"
Real/02892.jpg,REAL,1,ONE_FACE,0.9384,"[50,61,139,165]"
Real/02895.jpg,REAL,1,ONE_FACE,0.9308,"[56,40,140,170]"
Real/02896.jpg,REAL,1,ONE_FACE,0.9365,"[71,45,143,190]"
Real/02898.jpg,REAL,1,ONE_FACE,0.9436,"[46,37,148,201]"
Real/02899.jpg,REAL,1,ONE_FACE,0.9357,"[78,36,154,206]"
Real/02900.jpg,REAL,1,ONE_FACE,0.9417,"[38,38,155,204]"
Real/02901.jpg,REAL,1,ONE_FACE,0.9405,"[48,59,153,187]"
Real/02902.jpg,REAL,1,ONE_FACE,0.9471,"[48,44,140,193]"
Real/02904.jpg,REAL,1,ONE_FACE,0.9232,"[37,34,149,194]"
Real/02905.jpg,REAL,1,ONE_FACE,0.9228,"[69,49,139,184]"
Real/02906.jpg,REAL,1,ONE_FACE,0.9229,"[59,40,141,189]"
Real/02907.jpg,REAL,1,ONE_FACE,0.9326,"[39,50,151,191]"
Real/02909.jpg,REAL,1,ONE_FACE,0.9350,"[62,38,149,197]"
Real/02910.jpg,REAL,1,ONE_FACE,0.9309,"[58,55,137,165]"
Real/02911.jpg,REAL,1,ONE_FACE,0.9434,"[38,36,160,204]"
Real/02914.jpg,REAL,1,ONE_FACE,0.9332,"[66,46,148,181]"
Real/02915.jpg,REAL,1,ONE_FACE,0.9306,"[58,66,140,166]"
Real/02916.jpg,REAL,1,ONE_FACE,0.9357,"[50,36,142,202]"
Real/02918.jpg,REAL,1,ONE_FACE,0.9329,"[62,42,154,198]"
Real/02919.jpg,REAL,1,ONE_FACE,0.9406,"[56,42,138,187]"
Real/02920.jpg,REAL,1,ONE_FACE,0.9472,"[50,40,145,204]"
Real/02921.jpg,REAL,1,ONE_FACE,0.9370,"[52,45,150,199]"
Real/02922.jpg,REAL,1,ONE_FACE,0.9358,"[59,57,133,175]"
Real/02925.jpg,REAL,1,ONE_FACE,0.9410,"[83,48,137,189]"
Real/02926.jpg,REAL,1,ONE_FACE,0.9306,"[18,36,170,201]"
Real/02927.jpg,REAL,1,ONE_FACE,0.9430,"[61,54,141,182]"
Real/02928.jpg,REAL,1,ONE_FACE,0.9433,"[66,45,138,181]"
Real/02930.jpg,REAL,1,ONE_FACE,0.9223,"[66,46,129,180]"
Real/02931.jpg,REAL,1,ONE_FACE,0.9299,"[68,45,146,190]"
Real/02932.jpg,REAL,1,ONE_FACE,0.9403,"[52,35,147,209]"
Real/02934.jpg,REAL,1,ONE_FACE,0.9318,"[49,49,139,190]"
Real/02935.jpg,REAL,1,ONE_FACE,0.9270,"[49,44,143,184]"
Real/02936.jpg,REAL,1,ONE_FACE,0.9461,"[55,57,143,183]"
Real/02937.jpg,REAL,1,ONE_FACE,0.9449,"[45,41,135,194]"
Real/02938.jpg,REAL,1,ONE_FACE,0.9453,"[51,43,149,201]"
Real/02939.jpg,REAL,1,ONE_FACE,0.9387,"[24,27,157,230]"
Real/02940.jpg,REAL,1,ONE_FACE,0.9360,"[70,36,143,203]"
Real/02942.jpg,REAL,1,ONE_FACE,0.9300,"[16,36,158,209]"
Real/02944.jpg,REAL,2,MULTIPLE_FACES,"[0.9432, 0.792]","[[60, 49, 137, 183], [-1, -12, 66, 128]]"
Real/02945.jpg,REAL,1,ONE_FACE,0.9459,"[57,44,140,190]"
Real/02947.jpg,REAL,1,ONE_FACE,0.9287,"[53,54,147,186]"
Real/02948.jpg,REAL,1,ONE_FACE,0.9397,"[39,40,148,194]"
Real/02949.jpg,REAL,1,ONE_FACE,0.9385,"[50,47,148,189]"
Real/02950.jpg,REAL,1,ONE_FACE,0.9419,"[51,37,157,214]"
Real/02951.jpg,REAL,1,ONE_FACE,0.9337,"[14,27,154,212]"
Real/02952.jpg,REAL,1,ONE_FACE,0.9422,"[57,39,135,188]"
Real/02954.jpg,REAL,1,ONE_FACE,0.9468,"[54,38,142,202]"
Real/02956.jpg,REAL,1,ONE_FACE,0.9260,"[44,50,136,186]"
Real/02957.jpg,REAL,1,ONE_FACE,0.9433,"[34,46,156,199]"
Real/02958.jpg,REAL,1,ONE_FACE,0.9228,"[68,48,145,181]"
Real/02961.jpg,REAL,1,ONE_FACE,0.9284,"[54,47,142,197]"
Real/02962.jpg,REAL,1,ONE_FACE,0.9395,"[58,37,153,216]"
Real/02964.jpg,REAL,1,ONE_FACE,0.9326,"[64,42,140,189]"
Real/02965.jpg,REAL,1,ONE_FACE,0.9364,"[54,32,147,180]"
Real/02966.jpg,REAL,1,ONE_FACE,0.9424,"[75,30,170,221]"
Real/02967.jpg,REAL,1,ONE_FACE,0.9359,"[56,39,129,181]"
Real/02968.jpg,REAL,1,ONE_FACE,0.9480,"[55,46,135,179]"
Real/02971.jpg,REAL,1,ONE_FACE,0.9366,"[67,50,140,180]"
Real/02972.jpg,REAL,1,ONE_FACE,0.9433,"[64,47,132,175]"
Real/02974.jpg,REAL,1,ONE_FACE,0.9426,"[50,51,145,191]"
Real/02975.jpg,REAL,1,ONE_FACE,0.9345,"[59,54,144,171]"
Real/02976.jpg,REAL,1,ONE_FACE,0.9306,"[73,57,128,173]"
Real/02977.jpg,REAL,1,ONE_FACE,0.9346,"[57,41,144,191]"
Real/02979.jpg,REAL,1,ONE_FACE,0.9437,"[71,60,136,172]"
Real/02980.jpg,REAL,1,ONE_FACE,0.9246,"[68,40,144,198]"
Real/02981.jpg,REAL,1,ONE_FACE,0.9409,"[43,37,138,193]"
Real/02983.jpg,REAL,1,ONE_FACE,0.9404,"[52,40,145,201]"
Real/02984.jpg,REAL,1,ONE_FACE,0.9426,"[62,44,148,203]"
Real/02985.jpg,REAL,1,ONE_FACE,0.9443,"[36,32,146,218]"
Real/02986.jpg,REAL,1,ONE_FACE,0.9402,"[51,53,140,176]"
Real/02987.jpg,REAL,2,MULTIPLE_FACES,"[0.9303, 0.6461]","[[75, 44, 152, 188], [-4, 6, 71, 161]]"
Real/02988.jpg,REAL,1,ONE_FACE,0.9293,"[37,35,148,189]"
Real/02989.jpg,REAL,1,ONE_FACE,0.9413,"[64,46,145,194]"
Real/02990.jpg,REAL,1,ONE_FACE,0.9440,"[57,41,140,188]"
Real/02992.jpg,REAL,1,ONE_FACE,0.9334,"[60,45,138,163]"
Real/02993.jpg,REAL,1,ONE_FACE,0.9413,"[56,36,149,213]"
Real/02994.jpg,REAL,1,ONE_FACE,0.9422,"[67,30,170,216]"
Real/02996.jpg,REAL,1,ONE_FACE,0.9383,"[57,46,137,189]"
Real/02997.jpg,REAL,1,ONE_FACE,0.9433,"[43,41,146,191]"
Real/02998.jpg,REAL,1,ONE_FACE,0.9484,"[59,49,137,182]"
Real/02999.jpg,REAL,1,ONE_FACE,0.9283,"[63,36,121,197]"
Real/03000.jpg,REAL,1,ONE_FACE,0.9428,"[68,41,139,183]"
Real/03001.jpg,REAL,1,ONE_FACE,0.9385,"[46,43,148,192]"
Real/03006.jpg,REAL,1,ONE_FACE,0.9401,"[63,43,134,195]"
Real/03007.jpg,REAL,1,ONE_FACE,0.9443,"[56,45,144,200]"
Real/03008.jpg,REAL,1,ONE_FACE,0.9424,"[64,40,168,208]"
Real/03010.jpg,REAL,1,ONE_FACE,0.9392,"[51,37,139,190]"
Real/03011.jpg,REAL,1,ONE_FACE,0.9520,"[56,46,143,178]"
Real/03013.jpg,REAL,1,ONE_FACE,0.9301,"[66,42,152,209]"
Real/03015.jpg,REAL,1,ONE_FACE,0.9437,"[42,52,148,187]"
Real/03016.jpg,REAL,1,ONE_FACE,0.9471,"[65,43,137,186]"
Real/03017.jpg,REAL,1,ONE_FACE,0.9307,"[74,41,132,187]"
Real/03018.jpg,REAL,1,ONE_FACE,0.9433,"[57,52,145,196]"
Real/03019.jpg,REAL,1,ONE_FACE,0.9299,"[69,53,135,183]"
Real/03020.jpg,REAL,1,ONE_FACE,0.9365,"[34,50,151,190]"
Real/03021.jpg,REAL,1,ONE_FACE,0.9366,"[41,52,141,179]"
Real/03022.jpg,REAL,1,ONE_FACE,0.9328,"[54,52,139,181]"
Real/03025.jpg,REAL,1,ONE_FACE,0.9401,"[77,42,154,187]"
Real/03026.jpg,REAL,1,ONE_FACE,0.9288,"[58,49,138,172]"
Real/03029.jpg,REAL,1,ONE_FACE,0.9396,"[67,40,165,206]"
Real/03031.jpg,REAL,1,ONE_FACE,0.9342,"[72,61,117,169]"
Real/03032.jpg,REAL,1,ONE_FACE,0.9409,"[68,63,121,170]"
Real/03033.jpg,REAL,1,ONE_FACE,0.9404,"[58,64,140,173]"
Real/03035.jpg,REAL,1,ONE_FACE,0.9342,"[64,49,133,181]"
Real/03037.jpg,REAL,1,ONE_FACE,0.9294,"[78,41,143,198]"
Real/03038.jpg,REAL,1,ONE_FACE,0.9429,"[61,53,134,183]"
Real/03039.jpg,REAL,1,ONE_FACE,0.9299,"[39,38,155,224]"
Real/03040.jpg,REAL,1,ONE_FACE,0.9215,"[55,39,135,175]"
Real/03041.jpg,REAL,3,MULTIPLE_FACES,"[0.9242, 0.9146, 0.8774]","[[66, 60, 133, 164], [201, 99, 38, 49], [12, 65, 34, 43]]"
Real/03044.jpg,REAL,1,ONE_FACE,0.9425,"[54,46,141,184]"
Real/03045.jpg,REAL,1,ONE_FACE,0.9400,"[57,29,143,180]"
Real/03046.jpg,REAL,1,ONE_FACE,0.9317,"[47,38,159,209]"
Real/03047.jpg,REAL,1,ONE_FACE,0.9330,"[56,34,151,182]"
Real/03048.jpg,REAL,1,ONE_FACE,0.9319,"[67,55,148,180]"
Real/03049.jpg,REAL,1,ONE_FACE,0.9515,"[50,42,147,197]"
Real/03050.jpg,REAL,1,ONE_FACE,0.9381,"[35,46,148,186]"
Real/03051.jpg,REAL,1,ONE_FACE,0.9368,"[58,61,136,164]"
Real/03052.jpg,REAL,1,ONE_FACE,0.9179,"[58,48,136,166]"
Real/03053.jpg,REAL,1,ONE_FACE,0.9305,"[69,53,140,167]"
Real/03054.jpg,REAL,1,ONE_FACE,0.9367,"[46,43,142,185]"
Real/03055.jpg,REAL,1,ONE_FACE,0.9380,"[33,32,142,207]"
Real/03056.jpg,REAL,1,ONE_FACE,0.9406,"[54,53,143,166]"
Real/03058.jpg,REAL,1,ONE_FACE,0.9437,"[42,55,148,187]"
Real/03060.jpg,REAL,1,ONE_FACE,0.9222,"[42,54,150,182]"
Real/03061.jpg,REAL,2,MULTIPLE_FACES,"[0.9354, 0.8464]","[[60, 62, 147, 176], [0, 137, 16, 23]]"
Real/03062.jpg,REAL,1,ONE_FACE,0.9430,"[48,41,149,196]"
Real/03063.jpg,REAL,1,ONE_FACE,0.9244,"[75,46,159,211]"
Real/03064.jpg,REAL,1,ONE_FACE,0.9378,"[65,48,143,180]"
Real/03065.jpg,REAL,1,ONE_FACE,0.9411,"[64,39,151,203]"
Real/03066.jpg,REAL,1,ONE_FACE,0.9270,"[58,55,127,167]"
Real/03067.jpg,REAL,1,ONE_FACE,0.9381,"[67,41,155,199]"
Real/03068.jpg,REAL,1,ONE_FACE,0.9424,"[52,49,147,203]"
Real/03070.jpg,REAL,1,ONE_FACE,0.9320,"[52,41,139,176]"
Real/03071.jpg,REAL,1,ONE_FACE,0.9234,"[61,39,136,186]"
Real/03072.jpg,REAL,1,ONE_FACE,0.9425,"[78,41,144,195]"
Real/03074.jpg,REAL,1,ONE_FACE,0.9328,"[48,58,141,165]"
Real/03076.jpg,REAL,1,ONE_FACE,0.9415,"[64,57,141,175]"
Real/03077.jpg,REAL,1,ONE_FACE,0.9467,"[70,52,134,194]"
Real/03081.jpg,REAL,1,ONE_FACE,0.9326,"[59,52,144,193]"
Real/03083.jpg,REAL,1,ONE_FACE,0.9320,"[28,39,132,201]"
Real/03085.jpg,REAL,1,ONE_FACE,0.9344,"[56,56,135,181]"
Real/03086.jpg,REAL,1,ONE_FACE,0.9440,"[53,41,142,183]"
Real/03087.jpg,REAL,1,ONE_FACE,0.9450,"[61,56,123,164]"
Real/03088.jpg,REAL,1,ONE_FACE,0.9437,"[56,37,143,206]"
Real/03089.jpg,REAL,1,ONE_FACE,0.9395,"[47,62,137,180]"
Real/03092.jpg,REAL,1,ONE_FACE,0.9363,"[52,41,131,183]"
Real/03093.jpg,REAL,1,ONE_FACE,0.9462,"[31,38,150,208]"
Real/03094.jpg,REAL,1,ONE_FACE,0.9489,"[54,42,141,192]"
Real/03095.jpg,REAL,1,ONE_FACE,0.9363,"[57,34,156,205]"
Real/03096.jpg,REAL,1,ONE_FACE,0.9276,"[59,63,147,186]"
Real/03097.jpg,REAL,1,ONE_FACE,0.9281,"[67,44,139,195]"
Real/03099.jpg,REAL,1,ONE_FACE,0.9310,"[60,49,142,184]"
Real/03100.jpg,REAL,1,ONE_FACE,0.9419,"[66,40,140,203]"
Real/03101.jpg,REAL,1,ONE_FACE,0.9430,"[70,46,158,201]"
Real/03102.jpg,REAL,1,ONE_FACE,0.9345,"[45,47,144,192]"
Real/03104.jpg,REAL,1,ONE_FACE,0.9298,"[58,45,145,184]"
Real/03107.jpg,REAL,2,MULTIPLE_FACES,"[0.9304, 0.8141]","[[74, 68, 151, 175], [-2, 8, 60, 72]]"
Real/03108.jpg,REAL,1,ONE_FACE,0.9379,"[61,55,135,174]"
Real/03110.jpg,REAL,1,ONE_FACE,0.9365,"[42,37,148,196]"
Real/03114.jpg,REAL,1,ONE_FACE,0.9208,"[71,39,141,190]"
Real/03115.jpg,REAL,1,ONE_FACE,0.9297,"[77,52,159,190]"
Real/03116.jpg,REAL,1,ONE_FACE,0.9440,"[54,48,144,194]"
Real/03117.jpg,REAL,1,ONE_FACE,0.9402,"[67,46,142,189]"
Real/03118.jpg,REAL,1,ONE_FACE,0.9467,"[49,38,145,194]"
Real/03119.jpg,REAL,1,ONE_FACE,0.9311,"[36,39,155,213]"
Real/03120.jpg,REAL,1,ONE_FACE,0.9313,"[60,55,125,190]"
Real/03121.jpg,REAL,1,ONE_FACE,0.9204,"[73,35,137,212]"
Real/03122.jpg,REAL,1,ONE_FACE,0.9443,"[48,57,133,190]"
Real/03123.jpg,REAL,1,ONE_FACE,0.9428,"[54,44,143,189]"
Real/03125.jpg,REAL,1,ONE_FACE,0.9234,"[61,54,124,165]"
Real/03126.jpg,REAL,1,ONE_FACE,0.9357,"[58,60,137,174]"
Real/03127.jpg,REAL,1,ONE_FACE,0.9464,"[53,57,139,169]"
Real/03128.jpg,REAL,1,ONE_FACE,0.9422,"[55,53,135,175]"
Real/03129.jpg,REAL,1,ONE_FACE,0.9259,"[62,55,139,177]"
Real/03130.jpg,REAL,2,MULTIPLE_FACES,"[0.9276, 0.6182]","[[52, 45, 127, 178], [153, 143, 96, 123]]"
Real/03131.jpg,REAL,1,ONE_FACE,0.9513,"[54,45,148,205]"
Real/03132.jpg,REAL,1,ONE_FACE,0.9383,"[29,35,158,216]"
Real/03133.jpg,REAL,1,ONE_FACE,0.9141,"[19,30,180,222]"
Real/03135.jpg,REAL,1,ONE_FACE,0.9413,"[60,45,141,168]"
Real/03136.jpg,REAL,1,ONE_FACE,0.9321,"[34,48,134,188]"
Real/03137.jpg,REAL,1,ONE_FACE,0.9227,"[50,42,121,209]"
Real/03138.jpg,REAL,1,ONE_FACE,0.9260,"[41,51,150,192]"
Real/03139.jpg,REAL,1,ONE_FACE,0.9417,"[53,49,138,183]"
Real/03140.jpg,REAL,1,ONE_FACE,0.9508,"[15,27,162,232]"
Real/03142.jpg,REAL,1,ONE_FACE,0.9288,"[39,51,143,206]"
Real/03144.jpg,REAL,1,ONE_FACE,0.9323,"[69,48,134,181]"
Real/03146.jpg,REAL,1,ONE_FACE,0.9378,"[59,50,135,183]"
Real/03147.jpg,REAL,1,ONE_FACE,0.9382,"[51,39,134,189]"
Real/03150.jpg,REAL,2,MULTIPLE_FACES,"[0.9486, 0.6582]","[[49, 42, 146, 196], [197, 172, 58, 97]]"
Real/03151.jpg,REAL,1,ONE_FACE,0.9418,"[58,51,138,163]"
Real/03153.jpg,REAL,1,ONE_FACE,0.9378,"[75,38,142,185]"
Real/03155.jpg,REAL,1,ONE_FACE,0.9362,"[48,38,145,200]"
Real/03156.jpg,REAL,1,ONE_FACE,0.9364,"[70,47,147,200]"
Real/03157.jpg,REAL,1,ONE_FACE,0.9408,"[40,41,141,201]"
Real/03159.jpg,REAL,1,ONE_FACE,0.9366,"[57,38,153,207]"
Real/03160.jpg,REAL,1,ONE_FACE,0.9210,"[54,48,132,176]"
Real/03161.jpg,REAL,1,ONE_FACE,0.9122,"[72,57,140,176]"
Real/03163.jpg,REAL,1,ONE_FACE,0.9311,"[74,35,158,178]"
Real/03165.jpg,REAL,1,ONE_FACE,0.9349,"[64,55,146,174]"
Real/03169.jpg,REAL,1,ONE_FACE,0.9388,"[89,44,133,189]"
Real/03170.jpg,REAL,1,ONE_FACE,0.9417,"[32,49,144,192]"
Real/03172.jpg,REAL,1,ONE_FACE,0.9453,"[31,44,155,198]"
Real/03173.jpg,REAL,1,ONE_FACE,0.9444,"[63,43,137,192]"
Real/03174.jpg,REAL,1,ONE_FACE,0.9351,"[31,37,152,202]"
Real/03176.jpg,REAL,1,ONE_FACE,0.9418,"[62,45,143,193]"
Real/03178.jpg,REAL,1,ONE_FACE,0.9373,"[59,37,141,185]"
Real/03179.jpg,REAL,1,ONE_FACE,0.9324,"[48,44,142,198]"
Real/03180.jpg,REAL,1,ONE_FACE,0.9326,"[46,52,129,180]"
Real/03181.jpg,REAL,1,ONE_FACE,0.9429,"[71,48,134,188]"
Real/03183.jpg,REAL,1,ONE_FACE,0.9400,"[45,45,139,186]"
Real/03184.jpg,REAL,1,ONE_FACE,0.9382,"[45,49,144,183]"
Real/03185.jpg,REAL,1,ONE_FACE,0.9456,"[62,45,140,186]"
Real/03186.jpg,REAL,1,ONE_FACE,0.9412,"[63,43,148,200]"
Real/03187.jpg,REAL,1,ONE_FACE,0.9398,"[58,49,131,184]"
Real/03188.jpg,REAL,1,ONE_FACE,0.9425,"[59,39,143,204]"
Real/03191.jpg,REAL,1,ONE_FACE,0.9423,"[53,38,152,202]"
Real/03192.jpg,REAL,1,ONE_FACE,0.9280,"[86,35,149,218]"
Real/03193.jpg,REAL,1,ONE_FACE,0.9393,"[66,46,142,190]"
Real/03195.jpg,REAL,1,ONE_FACE,0.9408,"[30,48,153,195]"
Real/03196.jpg,REAL,1,ONE_FACE,0.9306,"[45,41,133,204]"
Real/03197.jpg,REAL,1,ONE_FACE,0.9348,"[60,57,131,164]"
Real/03198.jpg,REAL,1,ONE_FACE,0.9250,"[64,53,144,182]"
Real/03199.jpg,REAL,1,ONE_FACE,0.9430,"[68,43,134,182]"
Real/03200.jpg,REAL,1,ONE_FACE,0.9426,"[49,46,143,188]"
Real/03203.jpg,REAL,1,ONE_FACE,0.9449,"[34,43,148,193]"
Real/03205.jpg,REAL,1,ONE_FACE,0.9308,"[65,42,158,199]"
Real/03206.jpg,REAL,1,ONE_FACE,0.9447,"[58,47,150,196]"
Real/03207.jpg,REAL,1,ONE_FACE,0.9348,"[41,53,144,181]"
Real/03208.jpg,REAL,1,ONE_FACE,0.9497,"[60,40,134,187]"
Real/03209.jpg,REAL,1,ONE_FACE,0.9413,"[59,52,138,180]"
Real/03210.jpg,REAL,1,ONE_FACE,0.9401,"[56,45,146,185]"
Real/03211.jpg,REAL,1,ONE_FACE,0.9471,"[48,47,142,189]"
Real/03212.jpg,REAL,1,ONE_FACE,0.9476,"[56,40,138,192]"
Real/03213.jpg,REAL,1,ONE_FACE,0.9400,"[56,56,138,172]"
Real/03216.jpg,REAL,1,ONE_FACE,0.9388,"[61,45,135,187]"
Real/03217.jpg,REAL,1,ONE_FACE,0.9256,"[34,43,132,186]"
Real/03218.jpg,REAL,1,ONE_FACE,0.9274,"[57,46,149,204]"
Real/03219.jpg,REAL,1,ONE_FACE,0.9309,"[73,35,156,217]"
Real/03223.jpg,REAL,1,ONE_FACE,0.9484,"[53,41,147,193]"
Real/03225.jpg,REAL,1,ONE_FACE,0.9247,"[25,37,161,201]"
Real/03226.jpg,REAL,1,ONE_FACE,0.9418,"[56,48,132,171]"
Real/03228.jpg,REAL,1,ONE_FACE,0.9454,"[47,51,148,183]"
Real/03229.jpg,REAL,1,ONE_FACE,0.9370,"[61,49,142,170]"
Real/03230.jpg,REAL,1,ONE_FACE,0.9265,"[48,44,135,179]"
Real/03232.jpg,REAL,1,ONE_FACE,0.9404,"[47,37,158,220]"
Real/03235.jpg,REAL,1,ONE_FACE,0.9384,"[57,42,143,196]"
Real/03238.jpg,REAL,1,ONE_FACE,0.9216,"[64,49,132,165]"
Real/03239.jpg,REAL,1,ONE_FACE,0.9434,"[29,41,153,200]"
Real/03240.jpg,REAL,1,ONE_FACE,0.9437,"[58,52,131,172]"
Real/03242.jpg,REAL,1,ONE_FACE,0.9293,"[85,36,157,209]"
Real/03243.jpg,REAL,1,ONE_FACE,0.9319,"[82,53,140,172]"
Real/03244.jpg,REAL,1,ONE_FACE,0.9427,"[57,45,137,178]"
Real/03247.jpg,REAL,1,ONE_FACE,0.9352,"[68,50,159,187]"
Real/03248.jpg,REAL,1,ONE_FACE,0.9316,"[62,45,138,184]"
Real/03249.jpg,REAL,1,ONE_FACE,0.9416,"[49,39,152,214]"
Real/03250.jpg,REAL,1,ONE_FACE,0.9286,"[70,45,156,203]"
Real/03252.jpg,REAL,1,ONE_FACE,0.9373,"[64,37,129,192]"
Real/03253.jpg,REAL,1,ONE_FACE,0.9316,"[32,49,147,181]"
Real/03255.jpg,REAL,1,ONE_FACE,0.9381,"[56,39,145,177]"
Real/03256.jpg,REAL,1,ONE_FACE,0.9404,"[22,29,162,229]"
Real/03257.jpg,REAL,1,ONE_FACE,0.9334,"[46,41,134,180]"
Real/03259.jpg,REAL,1,ONE_FACE,0.9396,"[61,61,147,183]"
Real/03260.jpg,REAL,1,ONE_FACE,0.9401,"[55,43,145,191]"
Real/03262.jpg,REAL,1,ONE_FACE,0.9390,"[57,44,142,185]"
Real/03263.jpg,REAL,1,ONE_FACE,0.9449,"[58,48,143,164]"
Real/03264.jpg,REAL,1,ONE_FACE,0.9339,"[64,47,136,178]"
Real/03266.jpg,REAL,1,ONE_FACE,0.9381,"[56,49,139,186]"
Real/03267.jpg,REAL,1,ONE_FACE,0.9296,"[57,50,129,183]"
Real/03268.jpg,REAL,1,ONE_FACE,0.9337,"[55,48,138,181]"
Real/03269.jpg,REAL,1,ONE_FACE,0.9429,"[51,42,142,183]"
Real/03270.jpg,REAL,1,ONE_FACE,0.9389,"[58,58,134,179]"
Real/03271.jpg,REAL,1,ONE_FACE,0.9418,"[65,47,137,184]"
Real/03272.jpg,REAL,1,ONE_FACE,0.9261,"[44,48,145,193]"
Real/03273.jpg,REAL,1,ONE_FACE,0.9398,"[40,43,143,191]"
Real/03275.jpg,REAL,1,ONE_FACE,0.9275,"[50,44,147,175]"
Real/03276.jpg,REAL,1,ONE_FACE,0.9477,"[53,42,141,190]"
Real/03277.jpg,REAL,1,ONE_FACE,0.9181,"[76,54,150,203]"
Real/03278.jpg,REAL,1,ONE_FACE,0.9447,"[64,59,146,188]"
Real/03280.jpg,REAL,1,ONE_FACE,0.9257,"[84,57,123,168]"
Real/03281.jpg,REAL,2,MULTIPLE_FACES,"[0.9356, 0.8524]","[[49, 47, 135, 190], [26, 45, 27, 38]]"
Real/03282.jpg,REAL,1,ONE_FACE,0.9405,"[44,42,146,200]"
Real/03283.jpg,REAL,1,ONE_FACE,0.9336,"[72,42,136,200]"
Real/03284.jpg,REAL,1,ONE_FACE,0.9274,"[61,41,148,195]"
Real/03285.jpg,REAL,1,ONE_FACE,0.9327,"[60,35,146,181]"
Real/03286.jpg,REAL,1,ONE_FACE,0.9364,"[57,54,149,187]"
Real/03287.jpg,REAL,1,ONE_FACE,0.9367,"[62,33,147,208]"
Real/03288.jpg,REAL,1,ONE_FACE,0.9323,"[87,44,146,199]"
Real/03292.jpg,REAL,1,ONE_FACE,0.9455,"[58,34,151,207]"
Real/03293.jpg,REAL,1,ONE_FACE,0.9494,"[68,42,127,164]"
Real/03296.jpg,REAL,1,ONE_FACE,0.9427,"[62,50,136,190]"
Real/03298.jpg,REAL,2,MULTIPLE_FACES,"[0.9345, 0.6851]","[[57, 53, 142, 172], [223, 21, 17, 21]]"
Real/03299.jpg,REAL,1,ONE_FACE,0.9416,"[45,51,142,178]"
Real/03301.jpg,REAL,1,ONE_FACE,0.9215,"[44,43,151,181]"
Real/03302.jpg,REAL,1,ONE_FACE,0.9403,"[55,42,137,165]"
Real/03303.jpg,REAL,1,ONE_FACE,0.9325,"[44,36,143,189]"
Real/03305.jpg,REAL,1,ONE_FACE,0.9407,"[25,47,155,204]"
Real/03306.jpg,REAL,2,MULTIPLE_FACES,"[0.9352, 0.9012]","[[67, 63, 137, 181], [0, 49, 29, 45]]"
Real/03307.jpg,REAL,1,ONE_FACE,0.9258,"[57,71,142,166]"
Real/03308.jpg,REAL,1,ONE_FACE,0.9267,"[65,39,157,197]"
Real/03309.jpg,REAL,1,ONE_FACE,0.9399,"[50,48,143,193]"
Real/03310.jpg,REAL,1,ONE_FACE,0.9455,"[63,52,133,179]"
Real/03313.jpg,REAL,1,ONE_FACE,0.9358,"[52,40,143,190]"
Real/03314.jpg,REAL,1,ONE_FACE,0.9137,"[55,61,143,174]"
Real/03315.jpg,REAL,1,ONE_FACE,0.9458,"[45,57,145,181]"
Real/03317.jpg,REAL,1,ONE_FACE,0.9399,"[64,60,127,165]"
Real/03321.jpg,REAL,1,ONE_FACE,0.9235,"[51,46,138,174]"
Real/03325.jpg,REAL,1,ONE_FACE,0.9470,"[43,42,144,189]"
Real/03326.jpg,REAL,1,ONE_FACE,0.9458,"[50,44,154,203]"
Real/03327.jpg,REAL,1,ONE_FACE,0.9376,"[63,42,161,205]"
Real/03329.jpg,REAL,1,ONE_FACE,0.9367,"[39,41,149,192]"
Real/03330.jpg,REAL,1,ONE_FACE,0.9427,"[30,35,158,220]"
Real/03332.jpg,REAL,1,ONE_FACE,0.9472,"[61,49,138,174]"
Real/03333.jpg,REAL,1,ONE_FACE,0.9434,"[32,44,142,199]"
Real/03335.jpg,REAL,1,ONE_FACE,0.9398,"[64,57,138,178]"
Real/03336.jpg,REAL,1,ONE_FACE,0.9280,"[97,43,143,191]"
Real/03337.jpg,REAL,1,ONE_FACE,0.9359,"[63,50,136,189]"
Real/03338.jpg,REAL,1,ONE_FACE,0.9432,"[52,43,141,192]"
Real/03340.jpg,REAL,1,ONE_FACE,0.9403,"[72,42,134,184]"
Real/03342.jpg,REAL,1,ONE_FACE,0.9385,"[37,39,156,208]"
Real/03344.jpg,REAL,1,ONE_FACE,0.9294,"[61,40,139,180]"
Real/03345.jpg,REAL,1,ONE_FACE,0.9315,"[78,43,144,195]"
Real/03346.jpg,REAL,1,ONE_FACE,0.9478,"[47,40,162,219]"
Real/03347.jpg,REAL,1,ONE_FACE,0.9454,"[53,38,143,203]"
Real/03348.jpg,REAL,2,MULTIPLE_FACES,"[0.9389, 0.9091]","[[63, 52, 132, 175], [217, 167, 39, 63]]"
Real/03349.jpg,REAL,1,ONE_FACE,0.9464,"[66,57,138,172]"
Real/03350.jpg,REAL,1,ONE_FACE,0.9371,"[48,44,142,188]"
Real/03351.jpg,REAL,1,ONE_FACE,0.9212,"[49,30,129,212]"
Real/03352.jpg,REAL,1,ONE_FACE,0.9474,"[59,44,146,182]"
Real/03354.jpg,REAL,1,ONE_FACE,0.9352,"[63,45,139,176]"
Real/03355.jpg,REAL,1,ONE_FACE,0.9352,"[67,51,137,167]"
Real/03356.jpg,REAL,1,ONE_FACE,0.9361,"[54,42,138,184]"
Real/03357.jpg,REAL,1,ONE_FACE,0.9282,"[52,34,144,196]"
Real/03359.jpg,REAL,1,ONE_FACE,0.9176,"[24,45,141,197]"
Real/03360.jpg,REAL,1,ONE_FACE,0.9356,"[78,53,142,186]"
Real/03361.jpg,REAL,1,ONE_FACE,0.9212,"[71,41,140,190]"
Real/03362.jpg,REAL,1,ONE_FACE,0.9364,"[20,32,157,207]"
Real/03363.jpg,REAL,1,ONE_FACE,0.9204,"[52,47,149,181]"
Real/03365.jpg,REAL,1,ONE_FACE,0.9365,"[46,39,139,199]"
Real/03366.jpg,REAL,1,ONE_FACE,0.9049,"[66,51,126,151]"
Real/03367.jpg,REAL,1,ONE_FACE,0.9268,"[60,43,142,206]"
Real/03368.jpg,REAL,1,ONE_FACE,0.9381,"[56,40,142,186]"
Real/03369.jpg,REAL,1,ONE_FACE,0.9395,"[41,43,145,196]"
Real/03370.jpg,REAL,1,ONE_FACE,0.9381,"[32,37,165,208]"
Real/03371.jpg,REAL,1,ONE_FACE,0.9303,"[68,33,165,198]"
Real/03372.jpg,REAL,1,ONE_FACE,0.9411,"[66,41,138,188]"
Real/03374.jpg,REAL,1,ONE_FACE,0.9370,"[64,40,144,208]"
Real/03376.jpg,REAL,1,ONE_FACE,0.9437,"[69,43,136,190]"
Real/03377.jpg,REAL,1,ONE_FACE,0.9457,"[63,54,138,178]"
Real/03378.jpg,REAL,1,ONE_FACE,0.9395,"[53,57,134,172]"
Real/03380.jpg,REAL,1,ONE_FACE,0.9328,"[63,63,133,165]"
Real/03381.jpg,REAL,1,ONE_FACE,0.9463,"[55,39,141,202]"
Real/03382.jpg,REAL,1,ONE_FACE,0.9412,"[34,50,152,190]"
Real/03383.jpg,REAL,1,ONE_FACE,0.9305,"[61,49,133,183]"
Real/03384.jpg,REAL,1,ONE_FACE,0.9454,"[49,42,148,192]"
Real/03385.jpg,REAL,1,ONE_FACE,0.9333,"[65,56,138,179]"
Real/03386.jpg,REAL,1,ONE_FACE,0.9379,"[67,53,141,190]"
Real/03389.jpg,REAL,1,ONE_FACE,0.9363,"[54,48,145,187]"
Real/03391.jpg,REAL,1,ONE_FACE,0.9233,"[47,46,122,184]"
Real/03393.jpg,REAL,1,ONE_FACE,0.9318,"[47,40,142,197]"
Real/03395.jpg,REAL,1,ONE_FACE,0.8946,"[38,56,138,188]"
Real/03396.jpg,REAL,1,ONE_FACE,0.9412,"[50,35,137,188]"
Real/03397.jpg,REAL,1,ONE_FACE,0.9363,"[59,46,139,185]"
Real/03399.jpg,REAL,1,ONE_FACE,0.9320,"[46,35,148,202]"
Real/03403.jpg,REAL,1,ONE_FACE,0.9362,"[51,59,128,169]"
Real/03404.jpg,REAL,1,ONE_FACE,0.9269,"[74,35,169,208]"
Real/03405.jpg,REAL,1,ONE_FACE,0.9409,"[57,39,154,198]"
Real/03406.jpg,REAL,1,ONE_FACE,0.9351,"[39,40,147,199]"
Real/03408.jpg,REAL,2,MULTIPLE_FACES,"[0.9239, 0.6771]","[[46, 42, 146, 201], [205, 43, 51, 106]]"
Real/03409.jpg,REAL,2,MULTIPLE_FACES,"[0.9393, 0.8814]","[[58, 56, 137, 175], [171, 1, 88, 107]]"
Real/03410.jpg,REAL,1,ONE_FACE,0.9455,"[54,42,141,196]"
Real/03411.jpg,REAL,1,ONE_FACE,0.9458,"[50,54,130,174]"
Real/03413.jpg,REAL,1,ONE_FACE,0.9254,"[81,62,138,180]"
Real/03415.jpg,REAL,1,ONE_FACE,0.9333,"[79,52,144,199]"
Real/03416.jpg,REAL,1,ONE_FACE,0.9440,"[57,51,135,182]"
Real/03417.jpg,REAL,1,ONE_FACE,0.9381,"[59,56,136,172]"
Real/03418.jpg,REAL,1,ONE_FACE,0.9375,"[60,53,141,185]"
Real/03419.jpg,REAL,1,ONE_FACE,0.9411,"[56,45,135,180]"
Real/03421.jpg,REAL,1,ONE_FACE,0.9201,"[56,60,130,159]"
Real/03422.jpg,REAL,1,ONE_FACE,0.9304,"[66,43,131,190]"
Real/03423.jpg,REAL,1,ONE_FACE,0.9370,"[74,45,140,184]"
Real/03425.jpg,REAL,1,ONE_FACE,0.9510,"[60,45,145,189]"
Real/03426.jpg,REAL,1,ONE_FACE,0.9435,"[81,35,158,208]"
Real/03427.jpg,REAL,1,ONE_FACE,0.9463,"[59,49,139,188]"
Real/03429.jpg,REAL,1,ONE_FACE,0.9432,"[60,47,142,191]"
Real/03433.jpg,REAL,1,ONE_FACE,0.9417,"[56,46,136,181]"
Real/03435.jpg,REAL,1,ONE_FACE,0.9423,"[60,43,139,197]"
Real/03436.jpg,REAL,1,ONE_FACE,0.9363,"[49,44,146,191]"
Real/03437.jpg,REAL,1,ONE_FACE,0.9340,"[59,54,133,190]"
Real/03438.jpg,REAL,1,ONE_FACE,0.9434,"[58,40,140,190]"
Real/03439.jpg,REAL,1,ONE_FACE,0.9467,"[46,45,139,187]"
Real/03440.jpg,REAL,3,MULTIPLE_FACES,"[0.9478, 0.9213, 0.723]","[[64, 53, 135, 177], [1, 173, 41, 53], [223, 133, 31, 56]]"
Real/03442.jpg,REAL,1,ONE_FACE,0.9292,"[72,55,142,197]"
Real/03443.jpg,REAL,1,ONE_FACE,0.9335,"[48,40,137,201]"
Real/03444.jpg,REAL,1,ONE_FACE,0.9378,"[66,53,132,171]"
Real/03445.jpg,REAL,1,ONE_FACE,0.9251,"[49,48,126,179]"
Real/03446.jpg,REAL,1,ONE_FACE,0.9337,"[21,38,142,205]"
Real/03447.jpg,REAL,1,ONE_FACE,0.9395,"[58,35,139,191]"
Real/03448.jpg,REAL,1,ONE_FACE,0.9409,"[64,50,138,181]"
Real/03450.jpg,REAL,1,ONE_FACE,0.9301,"[63,59,132,168]"
Real/03451.jpg,REAL,1,ONE_FACE,0.9417,"[50,57,144,178]"
Real/03453.jpg,REAL,2,MULTIPLE_FACES,"[0.9398, 0.8173]","[[67, 61, 134, 167], [205, 77, 52, 94]]"
Real/03454.jpg,REAL,2,MULTIPLE_FACES,"[0.9441, 0.6288]","[[62, 68, 125, 140], [16, 0, 49, 50]]"
Real/03457.jpg,REAL,1,ONE_FACE,0.9492,"[51,41,155,201]"
Real/03459.jpg,REAL,1,ONE_FACE,0.9346,"[30,35,152,211]"
Real/03460.jpg,REAL,1,ONE_FACE,0.9416,"[36,46,152,191]"
Real/03461.jpg,REAL,1,ONE_FACE,0.9346,"[62,38,141,203]"
Real/03462.jpg,REAL,1,ONE_FACE,0.9376,"[54,36,143,189]"
Real/03463.jpg,REAL,1,ONE_FACE,0.9453,"[69,50,140,194]"
Real/03464.jpg,REAL,1,ONE_FACE,0.9420,"[67,36,137,201]"
Real/03466.jpg,REAL,1,ONE_FACE,0.9215,"[39,60,151,174]"
Real/03471.jpg,REAL,1,ONE_FACE,0.9343,"[71,61,126,169]"
Real/03472.jpg,REAL,1,ONE_FACE,0.9320,"[63,62,128,141]"
Real/03473.jpg,REAL,2,MULTIPLE_FACES,"[0.9372, 0.6134]","[[50, 42, 149, 199], [17, 3, 16, 20]]"
Real/03474.jpg,REAL,1,ONE_FACE,0.9380,"[57,47,136,169]"
Real/03475.jpg,REAL,1,ONE_FACE,0.9251,"[100,56,132,191]"
Real/03477.jpg,REAL,1,ONE_FACE,0.9379,"[51,63,145,172]"
Real/03478.jpg,REAL,1,ONE_FACE,0.9457,"[55,54,137,178]"
Real/03479.jpg,REAL,1,ONE_FACE,0.9371,"[62,42,144,194]"
Real/03480.jpg,REAL,1,ONE_FACE,0.9420,"[58,37,149,189]"
Real/03481.jpg,REAL,1,ONE_FACE,0.9359,"[47,51,132,177]"
Real/03482.jpg,REAL,1,ONE_FACE,0.9395,"[70,36,161,210]"
Real/03483.jpg,REAL,2,MULTIPLE_FACES,"[0.9403, 0.8751]","[[64, 51, 133, 183], [14, 1, 67, 85]]"
Real/03484.jpg,REAL,1,ONE_FACE,0.9348,"[62,46,139,181]"
Real/03487.jpg,REAL,1,ONE_FACE,0.9447,"[48,56,131,178]"
Real/03490.jpg,REAL,1,ONE_FACE,0.9384,"[64,49,133,180]"
Real/03491.jpg,REAL,1,ONE_FACE,0.9374,"[48,51,141,178]"
Real/03494.jpg,REAL,1,ONE_FACE,0.9405,"[63,48,136,190]"
Real/03495.jpg,REAL,1,ONE_FACE,0.9475,"[40,30,156,208]"
Real/03496.jpg,REAL,1,ONE_FACE,0.9381,"[64,25,169,213]"
Real/03497.jpg,REAL,1,ONE_FACE,0.9435,"[68,48,145,200]"
Real/03498.jpg,REAL,1,ONE_FACE,0.9387,"[81,42,155,195]"
Real/03499.jpg,REAL,1,ONE_FACE,0.9367,"[31,32,158,203]"
Real/03500.jpg,REAL,1,ONE_FACE,0.9492,"[56,57,142,175]"
Real/03502.jpg,REAL,1,ONE_FACE,0.9353,"[50,38,133,193]"
Real/03504.jpg,REAL,2,MULTIPLE_FACES,"[0.9296, 0.6754]","[[49, 51, 156, 189], [171, 0, 89, 120]]"
Real/03505.jpg,REAL,1,ONE_FACE,0.9413,"[69,15,182,252]"
Real/03510.jpg,REAL,1,ONE_FACE,0.9276,"[24,40,145,187]"
Real/03511.jpg,REAL,1,ONE_FACE,0.9304,"[61,57,131,153]"
Real/03513.jpg,REAL,1,ONE_FACE,0.9389,"[59,50,137,186]"
Real/03514.jpg,REAL,1,ONE_FACE,0.9339,"[37,51,145,198]"
Real/03516.jpg,REAL,1,ONE_FACE,0.9508,"[47,36,153,219]"
Real/03519.jpg,REAL,1,ONE_FACE,0.9372,"[67,67,127,154]"
Real/03520.jpg,REAL,1,ONE_FACE,0.9358,"[52,49,137,181]"
Real/03521.jpg,REAL,1,ONE_FACE,0.9475,"[60,47,141,183]"
Real/03523.jpg,REAL,1,ONE_FACE,0.9382,"[45,54,135,189]"
Real/03524.jpg,REAL,1,ONE_FACE,0.9393,"[33,44,148,186]"
Real/03525.jpg,REAL,1,ONE_FACE,0.9448,"[50,44,138,187]"
Real/03528.jpg,REAL,1,ONE_FACE,0.9407,"[53,38,141,204]"
Real/03529.jpg,REAL,1,ONE_FACE,0.9433,"[57,49,139,195]"
Real/03530.jpg,REAL,1,ONE_FACE,0.9283,"[71,40,155,206]"
Real/03531.jpg,REAL,1,ONE_FACE,0.9459,"[53,42,146,207]"
Real/03532.jpg,REAL,1,ONE_FACE,0.9298,"[79,36,160,212]"
Real/03533.jpg,REAL,1,ONE_FACE,0.9348,"[90,36,155,204]"
Real/03535.jpg,REAL,1,ONE_FACE,0.9349,"[27,43,136,189]"
Real/03536.jpg,REAL,1,ONE_FACE,0.9247,"[68,44,131,189]"
Real/03537.jpg,REAL,1,ONE_FACE,0.9471,"[57,55,138,183]"
Real/03538.jpg,REAL,1,ONE_FACE,0.9301,"[64,40,147,186]"
Real/03539.jpg,REAL,1,ONE_FACE,0.9351,"[38,50,151,200]"
Real/03541.jpg,REAL,1,ONE_FACE,0.9419,"[56,50,138,181]"
Real/03543.jpg,REAL,1,ONE_FACE,0.9350,"[45,53,141,186]"
Real/03544.jpg,REAL,1,ONE_FACE,0.9488,"[42,37,152,201]"
Real/03546.jpg,REAL,1,ONE_FACE,0.9390,"[50,46,140,195]"
Real/03547.jpg,REAL,1,ONE_FACE,0.9417,"[61,42,137,188]"
Real/03548.jpg,REAL,1,ONE_FACE,0.9448,"[54,46,135,184]"
Real/03549.jpg,REAL,1,ONE_FACE,0.9475,"[37,42,163,197]"
Real/03550.jpg,REAL,1,ONE_FACE,0.9356,"[54,42,145,199]"
Real/03551.jpg,REAL,1,ONE_FACE,0.9362,"[39,57,143,185]"
Real/03552.jpg,REAL,1,ONE_FACE,0.9381,"[70,59,134,167]"
Real/03553.jpg,REAL,1,ONE_FACE,0.9336,"[65,54,127,179]"
Real/03554.jpg,REAL,1,ONE_FACE,0.9301,"[50,48,140,193]"
Real/03555.jpg,REAL,1,ONE_FACE,0.9354,"[50,50,138,183]"
Real/03556.jpg,REAL,1,ONE_FACE,0.9393,"[63,57,125,169]"
Real/03557.jpg,REAL,1,ONE_FACE,0.9435,"[60,53,132,179]"
Real/03558.jpg,REAL,1,ONE_FACE,0.9372,"[51,50,145,196]"
Real/03559.jpg,REAL,1,ONE_FACE,0.9238,"[27,46,164,208]"
Real/03560.jpg,REAL,1,ONE_FACE,0.9405,"[53,50,141,183]"
Real/03561.jpg,REAL,2,MULTIPLE_FACES,"[0.9316, 0.7524]","[[68, 54, 141, 176], [11, 57, 68, 113]]"
Real/03562.jpg,REAL,1,ONE_FACE,0.9426,"[54,66,145,177]"
Real/03563.jpg,REAL,1,ONE_FACE,0.9240,"[78,61,133,173]"
Real/03564.jpg,REAL,1,ONE_FACE,0.9313,"[57,36,149,203]"
Real/03565.jpg,REAL,1,ONE_FACE,0.9358,"[30,43,141,199]"
Real/03568.jpg,REAL,1,ONE_FACE,0.9368,"[50,47,140,180]"
Real/03569.jpg,REAL,1,ONE_FACE,0.9396,"[54,52,134,186]"
Real/03571.jpg,REAL,1,ONE_FACE,0.9419,"[49,57,143,182]"
Real/03572.jpg,REAL,1,ONE_FACE,0.9145,"[71,45,123,184]"
Real/03573.jpg,REAL,1,ONE_FACE,0.9375,"[32,35,145,209]"
Real/03574.jpg,REAL,1,ONE_FACE,0.9369,"[75,40,134,196]"
Real/03576.jpg,REAL,1,ONE_FACE,0.9438,"[37,46,144,203]"
Real/03577.jpg,REAL,1,ONE_FACE,0.9371,"[56,37,142,193]"
Real/03578.jpg,REAL,1,ONE_FACE,0.9329,"[55,50,141,190]"
Real/03580.jpg,REAL,1,ONE_FACE,0.9292,"[74,51,143,193]"
Real/03581.jpg,REAL,1,ONE_FACE,0.9334,"[49,59,146,189]"
Real/03582.jpg,REAL,1,ONE_FACE,0.9395,"[50,31,155,221]"
Real/03584.jpg,REAL,1,ONE_FACE,0.9387,"[32,32,165,223]"
Real/03585.jpg,REAL,1,ONE_FACE,0.9459,"[68,57,139,175]"
Real/03586.jpg,REAL,1,ONE_FACE,0.9428,"[55,38,149,210]"
Real/03588.jpg,REAL,1,ONE_FACE,0.9416,"[79,41,145,194]"
Real/03590.jpg,REAL,1,ONE_FACE,0.9434,"[51,58,142,170]"
Real/03591.jpg,REAL,2,MULTIPLE_FACES,"[0.9464, 0.6171]","[[67, 39, 156, 204], [-2, -10, 65, 114]]"
Real/03592.jpg,REAL,1,ONE_FACE,0.9394,"[64,63,134,157]"
Real/03594.jpg,REAL,1,ONE_FACE,0.9415,"[68,56,139,180]"
Real/03595.jpg,REAL,1,ONE_FACE,0.9372,"[82,42,145,204]"
Real/03596.jpg,REAL,1,ONE_FACE,0.9441,"[48,42,145,196]"
Real/03597.jpg,REAL,1,ONE_FACE,0.9375,"[74,43,153,194]"
Real/03598.jpg,REAL,1,ONE_FACE,0.9419,"[53,65,137,168]"
Real/03599.jpg,REAL,1,ONE_FACE,0.9275,"[69,61,132,176]"
Real/03600.jpg,REAL,1,ONE_FACE,0.9466,"[56,39,147,203]"
Real/03601.jpg,REAL,1,ONE_FACE,0.9344,"[63,37,150,205]"
Real/03602.jpg,REAL,1,ONE_FACE,0.9334,"[75,41,149,203]"
Real/03603.jpg,REAL,1,ONE_FACE,0.9301,"[83,36,164,201]"
Real/03604.jpg,REAL,1,ONE_FACE,0.9373,"[54,48,144,178]"
Real/03605.jpg,REAL,1,ONE_FACE,0.9198,"[65,53,134,163]"
Real/03606.jpg,REAL,1,ONE_FACE,0.9359,"[51,48,139,192]"
Real/03608.jpg,REAL,1,ONE_FACE,0.9263,"[64,53,127,177]"
Real/03609.jpg,REAL,1,ONE_FACE,0.9440,"[49,42,140,187]"
Real/03612.jpg,REAL,1,ONE_FACE,0.9442,"[65,53,135,185]"
Real/03613.jpg,REAL,1,ONE_FACE,0.9272,"[76,41,150,201]"
Real/03614.jpg,REAL,1,ONE_FACE,0.9348,"[58,45,134,189]"
Real/03618.jpg,REAL,1,ONE_FACE,0.9495,"[60,44,143,196]"
Real/03620.jpg,REAL,1,ONE_FACE,0.9404,"[66,37,151,210]"
Real/03621.jpg,REAL,1,ONE_FACE,0.9467,"[50,46,148,189]"
Real/03622.jpg,REAL,1,ONE_FACE,0.9233,"[70,49,138,181]"
Real/03623.jpg,REAL,1,ONE_FACE,0.9429,"[49,38,145,206]"
Real/03624.jpg,REAL,1,ONE_FACE,0.9396,"[74,51,152,200]"
Real/03625.jpg,REAL,1,ONE_FACE,0.9384,"[55,51,146,179]"
Real/03627.jpg,REAL,1,ONE_FACE,0.9377,"[45,43,131,189]"
Real/03628.jpg,REAL,1,ONE_FACE,0.9358,"[61,49,135,182]"
Real/03629.jpg,REAL,2,MULTIPLE_FACES,"[0.9354, 0.8524]","[[76, 51, 123, 169], [-4, -3, 61, 92]]"
Real/03632.jpg,REAL,1,ONE_FACE,0.9464,"[54,38,145,191]"
Real/03633.jpg,REAL,1,ONE_FACE,0.9485,"[43,38,152,214]"
Real/03634.jpg,REAL,1,ONE_FACE,0.9290,"[66,39,165,213]"
Real/03636.jpg,REAL,1,ONE_FACE,0.9082,"[76,31,166,225]"
Real/03638.jpg,REAL,1,ONE_FACE,0.9413,"[53,43,138,180]"
Real/03639.jpg,REAL,1,ONE_FACE,0.9357,"[49,33,150,219]"
Real/03640.jpg,REAL,1,ONE_FACE,0.9319,"[45,35,150,196]"
Real/03642.jpg,REAL,1,ONE_FACE,0.9365,"[66,62,138,182]"
Real/03643.jpg,REAL,1,ONE_FACE,0.9407,"[57,54,137,171]"
Real/03644.jpg,REAL,1,ONE_FACE,0.9298,"[71,43,146,197]"
Real/03645.jpg,REAL,1,ONE_FACE,0.9093,"[61,48,146,198]"
Real/03646.jpg,REAL,1,ONE_FACE,0.9383,"[38,38,150,222]"
Real/03647.jpg,REAL,1,ONE_FACE,0.9285,"[64,58,122,164]"
Real/03648.jpg,REAL,1,ONE_FACE,0.9374,"[55,65,137,158]"
Real/03650.jpg,REAL,2,MULTIPLE_FACES,"[0.9308, 0.6218]","[[52, 43, 136, 182], [176, 174, 80, 95]]"
Real/03651.jpg,REAL,1,ONE_FACE,0.9326,"[60,32,153,208]"
Real/03652.jpg,REAL,1,ONE_FACE,0.9462,"[41,53,137,182]"
Real/03653.jpg,REAL,1,ONE_FACE,0.9351,"[56,40,153,209]"
Real/03654.jpg,REAL,1,ONE_FACE,0.9314,"[63,46,147,205]"
Real/03655.jpg,REAL,1,ONE_FACE,0.9401,"[51,55,150,175]"
Real/03656.jpg,REAL,1,ONE_FACE,0.9444,"[68,26,172,232]"
Real/03658.jpg,REAL,1,ONE_FACE,0.9331,"[38,37,145,204]"
Real/03659.jpg,REAL,1,ONE_FACE,0.9325,"[48,40,132,188]"
Real/03660.jpg,REAL,1,ONE_FACE,0.9377,"[53,64,142,181]"
Real/03661.jpg,REAL,1,ONE_FACE,0.9320,"[28,40,146,201]"
Real/03662.jpg,REAL,1,ONE_FACE,0.9236,"[55,55,143,190]"
Real/03664.jpg,REAL,1,ONE_FACE,0.9196,"[63,44,130,179]"
Real/03665.jpg,REAL,1,ONE_FACE,0.9221,"[43,52,129,183]"
Real/03666.jpg,REAL,1,ONE_FACE,0.9354,"[43,47,141,191]"
Real/03667.jpg,REAL,1,ONE_FACE,0.9262,"[52,37,140,200]"
Real/03670.jpg,REAL,1,ONE_FACE,0.9292,"[64,50,145,204]"
Real/03671.jpg,REAL,1,ONE_FACE,0.9273,"[77,33,154,221]"
Real/03672.jpg,REAL,2,MULTIPLE_FACES,"[0.9405, 0.6312]","[[37, 38, 154, 220], [203, 3, 54, 102]]"
Real/03674.jpg,REAL,1,ONE_FACE,0.9409,"[67,50,138,190]"
Real/03677.jpg,REAL,1,ONE_FACE,0.9388,"[57,39,130,188]"
Real/03678.jpg,REAL,1,ONE_FACE,0.9321,"[47,56,153,184]"
Real/03679.jpg,REAL,1,ONE_FACE,0.9383,"[82,53,128,186]"
Real/03680.jpg,REAL,1,ONE_FACE,0.9348,"[45,43,148,203]"
Real/03681.jpg,REAL,1,ONE_FACE,0.9470,"[64,61,135,168]"
Real/03682.jpg,REAL,1,ONE_FACE,0.9302,"[54,43,138,195]"
Real/03683.jpg,REAL,1,ONE_FACE,0.9432,"[55,62,137,179]"
Real/03684.jpg,REAL,1,ONE_FACE,0.9359,"[69,37,147,196]"
Real/03685.jpg,REAL,1,ONE_FACE,0.9360,"[59,46,145,189]"
Real/03686.jpg,REAL,1,ONE_FACE,0.9253,"[44,38,123,196]"
Real/03687.jpg,REAL,1,ONE_FACE,0.9434,"[33,47,143,198]"
Real/03689.jpg,REAL,1,ONE_FACE,0.9374,"[61,47,134,168]"
Real/03694.jpg,REAL,1,ONE_FACE,0.9480,"[50,40,144,193]"
Real/03695.jpg,REAL,1,ONE_FACE,0.9378,"[62,50,143,199]"
Real/03696.jpg,REAL,1,ONE_FACE,0.9351,"[50,22,147,208]"
Real/03697.jpg,REAL,1,ONE_FACE,0.9364,"[54,46,138,181]"
Real/03699.jpg,REAL,1,ONE_FACE,0.9379,"[59,33,146,180]"
Real/03700.jpg,REAL,1,ONE_FACE,0.9516,"[63,53,131,168]"
Real/03704.jpg,REAL,1,ONE_FACE,0.9498,"[27,34,158,218]"
Real/03705.jpg,REAL,1,ONE_FACE,0.9330,"[54,40,141,195]"
Real/03706.jpg,REAL,1,ONE_FACE,0.9309,"[42,41,151,207]"
Real/03708.jpg,REAL,1,ONE_FACE,0.9431,"[58,63,164,186]"
Real/03711.jpg,REAL,1,ONE_FACE,0.9315,"[62,46,138,180]"
Real/03713.jpg,REAL,1,ONE_FACE,0.9429,"[57,48,137,182]"
Real/03714.jpg,REAL,1,ONE_FACE,0.9445,"[70,41,143,189]"
Real/03716.jpg,REAL,1,ONE_FACE,0.9448,"[65,47,140,180]"
Real/03717.jpg,REAL,1,ONE_FACE,0.9335,"[79,65,130,175]"
Real/03718.jpg,REAL,1,ONE_FACE,0.9435,"[60,50,143,191]"
Real/03719.jpg,REAL,1,ONE_FACE,0.9315,"[44,41,145,201]"
Real/03723.jpg,REAL,1,ONE_FACE,0.9399,"[47,44,156,192]"
Real/03726.jpg,REAL,1,ONE_FACE,0.9448,"[55,45,147,189]"
Real/03728.jpg,REAL,1,ONE_FACE,0.9378,"[63,43,141,192]"
Real/03730.jpg,REAL,1,ONE_FACE,0.9470,"[58,57,149,185]"
Real/03731.jpg,REAL,1,ONE_FACE,0.9401,"[60,54,135,180]"
Real/03732.jpg,REAL,1,ONE_FACE,0.9412,"[65,43,132,187]"
Real/03733.jpg,REAL,1,ONE_FACE,0.9353,"[79,30,158,210]"
Real/03735.jpg,REAL,1,ONE_FACE,0.9472,"[57,51,137,183]"
Real/03736.jpg,REAL,1,ONE_FACE,0.9296,"[29,43,158,194]"
Real/03739.jpg,REAL,1,ONE_FACE,0.9326,"[30,40,132,200]"
Real/03741.jpg,REAL,1,ONE_FACE,0.9273,"[44,27,134,209]"
Real/03742.jpg,REAL,1,ONE_FACE,0.9233,"[72,67,114,148]"
Real/03743.jpg,REAL,1,ONE_FACE,0.9478,"[59,43,139,192]"
Real/03744.jpg,REAL,1,ONE_FACE,0.9442,"[45,64,126,172]"
Real/03745.jpg,REAL,1,ONE_FACE,0.9245,"[59,47,140,193]"
Real/03746.jpg,REAL,1,ONE_FACE,0.9252,"[67,30,154,201]"
Real/03747.jpg,REAL,1,ONE_FACE,0.9417,"[65,34,163,217]"
Real/03748.jpg,REAL,1,ONE_FACE,0.9248,"[67,36,151,195]"
Real/03752.jpg,REAL,1,ONE_FACE,0.9400,"[72,48,143,186]"
Real/03753.jpg,REAL,1,ONE_FACE,0.9276,"[34,41,149,196]"
Real/03754.jpg,REAL,1,ONE_FACE,0.9354,"[67,47,144,180]"
Real/03756.jpg,REAL,1,ONE_FACE,0.9301,"[52,40,146,186]"
Real/03757.jpg,REAL,1,ONE_FACE,0.9479,"[64,62,137,185]"
Real/03758.jpg,REAL,1,ONE_FACE,0.9461,"[66,45,146,191]"
Real/03759.jpg,REAL,1,ONE_FACE,0.9359,"[53,47,137,186]"
Real/03760.jpg,REAL,1,ONE_FACE,0.9460,"[56,36,147,208]"
Real/03761.jpg,REAL,1,ONE_FACE,0.9419,"[53,36,151,182]"
Real/03764.jpg,REAL,1,ONE_FACE,0.9380,"[65,46,148,203]"
Real/03765.jpg,REAL,1,ONE_FACE,0.9368,"[52,42,153,205]"
Real/03766.jpg,REAL,1,ONE_FACE,0.9417,"[45,39,138,202]"
Real/03768.jpg,REAL,2,MULTIPLE_FACES,"[0.9277, 0.7673]","[[57, 57, 136, 179], [209, 4, 46, 99]]"
Real/03769.jpg,REAL,1,ONE_FACE,0.9407,"[54,59,129,170]"
Real/03771.jpg,REAL,1,ONE_FACE,0.9430,"[75,38,138,196]"
Real/03772.jpg,REAL,1,ONE_FACE,0.9386,"[36,32,147,210]"
Real/03773.jpg,REAL,1,ONE_FACE,0.9411,"[61,64,136,163]"
Real/03776.jpg,REAL,1,ONE_FACE,0.9294,"[54,62,137,169]"
Real/03777.jpg,REAL,1,ONE_FACE,0.9453,"[57,46,145,193]"
Real/03780.jpg,REAL,2,MULTIPLE_FACES,"[0.9313, 0.863]","[[58, 47, 123, 171], [170, 1, 72, 109]]"
Real/03781.jpg,REAL,1,ONE_FACE,0.9427,"[56,53,141,162]"
Real/03782.jpg,REAL,1,ONE_FACE,0.9257,"[55,35,148,218]"
Real/03783.jpg,REAL,1,ONE_FACE,0.9247,"[35,54,128,180]"
Real/03784.jpg,REAL,1,ONE_FACE,0.9311,"[51,42,133,193]"
Real/03791.jpg,REAL,1,ONE_FACE,0.9048,"[47,43,123,183]"
Real/03792.jpg,REAL,1,ONE_FACE,0.9340,"[32,35,159,205]"
Real/03793.jpg,REAL,1,ONE_FACE,0.9466,"[55,35,155,216]"
Real/03794.jpg,REAL,1,ONE_FACE,0.9355,"[52,39,143,190]"
Real/03795.jpg,REAL,1,ONE_FACE,0.9214,"[80,35,140,216]"
Real/03799.jpg,REAL,1,ONE_FACE,0.9475,"[54,43,141,193]"
Real/03800.jpg,REAL,1,ONE_FACE,0.9385,"[64,39,144,202]"
Real/03801.jpg,REAL,2,MULTIPLE_FACES,"[0.9324, 0.6229]","[[53, 49, 136, 186], [210, 186, 20, 24]]"
Real/03802.jpg,REAL,1,ONE_FACE,0.9301,"[19,35,160,209]"
Real/03804.jpg,REAL,3,MULTIPLE_FACES,"[0.924, 0.7329, 0.687]","[[31, 52, 148, 186], [213, 119, 8, 11], [196, 123, 9, 11]]"
Real/03805.jpg,REAL,1,ONE_FACE,0.9364,"[39,41,154,201]"
Real/03806.jpg,REAL,1,ONE_FACE,0.9258,"[53,51,140,185]"
Real/03807.jpg,REAL,1,ONE_FACE,0.9349,"[60,44,135,179]"
Real/03809.jpg,REAL,1,ONE_FACE,0.9351,"[62,55,140,159]"
Real/03810.jpg,REAL,1,ONE_FACE,0.9371,"[47,41,148,198]"
Real/03811.jpg,REAL,1,ONE_FACE,0.9449,"[45,17,171,246]"
Real/03812.jpg,REAL,1,ONE_FACE,0.9435,"[63,46,139,184]"
Real/03813.jpg,REAL,1,ONE_FACE,0.9384,"[69,38,141,200]"
Real/03814.jpg,REAL,1,ONE_FACE,0.9381,"[59,48,142,199]"
Real/03815.jpg,REAL,1,ONE_FACE,0.9446,"[60,54,138,177]"
Real/03816.jpg,REAL,1,ONE_FACE,0.9325,"[61,49,132,176]"
Real/03817.jpg,REAL,1,ONE_FACE,0.9249,"[51,37,132,187]"
Real/03818.jpg,REAL,1,ONE_FACE,0.9258,"[65,38,141,205]"
Real/03820.jpg,REAL,1,ONE_FACE,0.9070,"[28,33,155,204]"
Real/03821.jpg,REAL,1,ONE_FACE,0.9337,"[72,40,144,197]"
Real/03824.jpg,REAL,1,ONE_FACE,0.9476,"[43,50,146,183]"
Real/03825.jpg,REAL,1,ONE_FACE,0.9368,"[54,49,141,189]"
Real/03826.jpg,REAL,4,MULTIPLE_FACES,"[0.9071, 0.8604, 0.6747, 0.6115]","[[43, 69, 98, 140], [134, 144, 70, 107], [194, 144, 34, 46], [162, 117, 58, 73]]"
Real/03827.jpg,REAL,1,ONE_FACE,0.9457,"[89,47,132,191]"
Real/03829.jpg,REAL,1,ONE_FACE,0.9409,"[59,47,143,178]"
Real/03831.jpg,REAL,1,ONE_FACE,0.9330,"[56,48,137,185]"
Real/03832.jpg,REAL,1,ONE_FACE,0.9345,"[60,42,147,198]"
Real/03833.jpg,REAL,1,ONE_FACE,0.9409,"[56,41,158,201]"
Real/03834.jpg,REAL,1,ONE_FACE,0.9340,"[61,48,125,179]"
Real/03836.jpg,REAL,2,MULTIPLE_FACES,"[0.9442, 0.7354]","[[66, 64, 138, 176], [222, 188, 17, 20]]"
Real/03837.jpg,REAL,1,ONE_FACE,0.9454,"[68,58,163,188]"
Real/03838.jpg,REAL,1,ONE_FACE,0.9289,"[67,48,130,179]"
Real/03839.jpg,REAL,1,ONE_FACE,0.9519,"[57,56,135,177]"
Real/03840.jpg,REAL,1,ONE_FACE,0.9322,"[62,48,135,189]"
Real/03841.jpg,REAL,1,ONE_FACE,0.9492,"[70,40,145,196]"
Real/03842.jpg,REAL,1,ONE_FACE,0.9346,"[65,56,124,158]"
Real/03843.jpg,REAL,1,ONE_FACE,0.9352,"[69,40,154,201]"
Real/03844.jpg,REAL,1,ONE_FACE,0.9389,"[56,56,134,172]"
Real/03846.jpg,REAL,1,ONE_FACE,0.9136,"[53,38,134,174]"
Real/03848.jpg,REAL,1,ONE_FACE,0.9389,"[62,56,134,192]"
Real/03849.jpg,REAL,1,ONE_FACE,0.9429,"[26,36,166,216]"
Real/03850.jpg,REAL,1,ONE_FACE,0.9394,"[57,44,140,198]"
Real/03852.jpg,REAL,2,MULTIPLE_FACES,"[0.9375, 0.6938]","[[43, 48, 127, 180], [179, 3, 81, 159]]"
Real/03853.jpg,REAL,1,ONE_FACE,0.9513,"[53,54,139,175]"
Real/03854.jpg,REAL,1,ONE_FACE,0.9293,"[28,38,155,202]"
Real/03855.jpg,REAL,1,ONE_FACE,0.9485,"[60,37,150,207]"
Real/03856.jpg,REAL,1,ONE_FACE,0.9350,"[41,38,147,197]"
Real/03857.jpg,REAL,1,ONE_FACE,0.9357,"[49,61,140,159]"
Real/03858.jpg,REAL,1,ONE_FACE,0.9469,"[63,46,150,196]"
Real/03860.jpg,REAL,1,ONE_FACE,0.9345,"[60,56,134,176]"
Real/03862.jpg,REAL,1,ONE_FACE,0.9318,"[48,63,135,172]"
Real/03863.jpg,REAL,1,ONE_FACE,0.9242,"[61,47,140,182]"
Real/03865.jpg,REAL,1,ONE_FACE,0.9375,"[49,41,144,192]"
Real/03867.jpg,REAL,1,ONE_FACE,0.9331,"[63,54,137,187]"
Real/03868.jpg,REAL,1,ONE_FACE,0.9428,"[57,38,142,180]"
Real/03869.jpg,REAL,1,ONE_FACE,0.9331,"[63,66,123,141]"
Real/03870.jpg,REAL,1,ONE_FACE,0.9360,"[64,50,133,174]"
Real/03871.jpg,REAL,1,ONE_FACE,0.9451,"[25,35,159,216]"
Real/03872.jpg,REAL,1,ONE_FACE,0.9385,"[35,42,152,187]"
Real/03873.jpg,REAL,1,ONE_FACE,0.9399,"[27,45,156,193]"
Real/03874.jpg,REAL,2,MULTIPLE_FACES,"[0.9504, 0.6168]","[[62, 43, 148, 191], [33, 41, 35, 54]]"
Real/03878.jpg,REAL,1,ONE_FACE,0.9400,"[72,41,144,195]"
Real/03879.jpg,REAL,1,ONE_FACE,0.9222,"[35,37,154,197]"
Real/03880.jpg,REAL,1,ONE_FACE,0.9352,"[59,60,133,167]"
Real/03881.jpg,REAL,1,ONE_FACE,0.9461,"[65,36,152,212]"
Real/03882.jpg,REAL,2,MULTIPLE_FACES,"[0.9379, 0.708]","[[69, 53, 133, 180], [3, 14, 85, 182]]"
Real/03883.jpg,REAL,1,ONE_FACE,0.9421,"[39,41,147,191]"
Real/03884.jpg,REAL,1,ONE_FACE,0.9398,"[70,51,145,189]"
Real/03885.jpg,REAL,1,ONE_FACE,0.9455,"[49,41,143,197]"
Real/03887.jpg,REAL,1,ONE_FACE,0.9280,"[36,41,147,183]"
Real/03889.jpg,REAL,1,ONE_FACE,0.9304,"[43,45,146,203]"
Real/03892.jpg,REAL,1,ONE_FACE,0.9457,"[26,32,162,218]"
Real/03893.jpg,REAL,1,ONE_FACE,0.9160,"[46,48,134,176]"
Real/03894.jpg,REAL,1,ONE_FACE,0.9464,"[59,38,141,210]"
Real/03898.jpg,REAL,1,ONE_FACE,0.9296,"[44,42,153,196]"
Real/03900.jpg,REAL,1,ONE_FACE,0.9132,"[66,52,161,183]"
Real/03901.jpg,REAL,1,ONE_FACE,0.9367,"[53,50,142,191]"
Real/03902.jpg,REAL,1,ONE_FACE,0.9333,"[58,48,141,185]"
Real/03903.jpg,REAL,1,ONE_FACE,0.9414,"[61,38,141,180]"
Real/03904.jpg,REAL,1,ONE_FACE,0.9473,"[61,43,140,187]"
Real/03906.jpg,REAL,1,ONE_FACE,0.9288,"[60,41,142,208]"
Real/03908.jpg,REAL,1,ONE_FACE,0.9308,"[63,39,137,194]"
Real/03909.jpg,REAL,1,ONE_FACE,0.9308,"[33,51,152,190]"
Real/03910.jpg,REAL,1,ONE_FACE,0.9350,"[53,47,139,181]"
Real/03912.jpg,REAL,2,MULTIPLE_FACES,"[0.9018, 0.7976]","[[65, 49, 152, 185], [148, 36, 16, 19]]"
Real/03913.jpg,REAL,1,ONE_FACE,0.9433,"[61,46,141,187]"
Real/03915.jpg,REAL,1,ONE_FACE,0.9326,"[43,31,145,223]"
Real/03916.jpg,REAL,1,ONE_FACE,0.9328,"[49,51,125,179]"
Real/03917.jpg,REAL,1,ONE_FACE,0.9398,"[58,55,141,176]"
Real/03918.jpg,REAL,1,ONE_FACE,0.9458,"[50,53,139,181]"
Real/03919.jpg,REAL,1,ONE_FACE,0.9481,"[55,41,141,192]"
Real/03921.jpg,REAL,1,ONE_FACE,0.9412,"[52,36,146,208]"
Real/03923.jpg,REAL,1,ONE_FACE,0.9432,"[63,47,136,189]"
Real/03924.jpg,REAL,1,ONE_FACE,0.9336,"[64,54,144,190]"
Real/03926.jpg,REAL,1,ONE_FACE,0.9351,"[44,33,147,196]"
Real/03928.jpg,REAL,1,ONE_FACE,0.9372,"[27,40,164,197]"
Real/03929.jpg,REAL,1,ONE_FACE,0.9369,"[43,37,146,203]"
Real/03930.jpg,REAL,1,ONE_FACE,0.9442,"[50,44,145,191]"
Real/03931.jpg,REAL,1,ONE_FACE,0.9425,"[58,49,141,190]"
Real/03932.jpg,REAL,1,ONE_FACE,0.9450,"[57,54,141,186]"
Real/03933.jpg,REAL,1,ONE_FACE,0.9350,"[62,63,131,158]"
Real/03934.jpg,REAL,1,ONE_FACE,0.9198,"[31,42,139,195]"
Real/03938.jpg,REAL,1,ONE_FACE,0.9174,"[37,44,134,195]"
Real/03939.jpg,REAL,1,ONE_FACE,0.9416,"[52,58,140,178]"
Real/03940.jpg,REAL,1,ONE_FACE,0.9421,"[59,66,141,179]"
Real/03941.jpg,REAL,1,ONE_FACE,0.9320,"[51,39,148,192]"
Real/03942.jpg,REAL,1,ONE_FACE,0.9369,"[57,49,140,188]"
Real/03943.jpg,REAL,1,ONE_FACE,0.9465,"[58,40,139,190]"
Real/03944.jpg,REAL,1,ONE_FACE,0.9370,"[51,49,141,186]"
Real/03945.jpg,REAL,1,ONE_FACE,0.9422,"[37,66,149,170]"
Real/03947.jpg,REAL,1,ONE_FACE,0.9426,"[42,37,148,206]"
Real/03948.jpg,REAL,1,ONE_FACE,0.9282,"[67,43,135,174]"
Real/03949.jpg,REAL,1,ONE_FACE,0.9262,"[51,44,135,197]"
Real/03952.jpg,REAL,1,ONE_FACE,0.9525,"[55,42,141,194]"
Real/03953.jpg,REAL,1,ONE_FACE,0.9365,"[25,37,156,194]"
Real/03955.jpg,REAL,1,ONE_FACE,0.9392,"[55,45,143,186]"
Real/03956.jpg,REAL,1,ONE_FACE,0.9419,"[79,40,155,217]"
Real/03959.jpg,REAL,1,ONE_FACE,0.9304,"[39,32,149,194]"
Real/03960.jpg,REAL,1,ONE_FACE,0.9306,"[55,30,125,201]"
Real/03961.jpg,REAL,1,ONE_FACE,0.9385,"[56,40,145,202]"
Real/03962.jpg,REAL,1,ONE_FACE,0.9354,"[39,45,138,190]"
Real/03964.jpg,REAL,1,ONE_FACE,0.9410,"[64,43,143,191]"
Real/03965.jpg,REAL,1,ONE_FACE,0.9449,"[75,35,154,209]"
Real/03967.jpg,REAL,1,ONE_FACE,0.9496,"[23,34,158,202]"
Real/03968.jpg,REAL,1,ONE_FACE,0.9484,"[45,55,147,189]"
Real/03971.jpg,REAL,1,ONE_FACE,0.9406,"[59,45,139,185]"
Real/03972.jpg,REAL,1,ONE_FACE,0.9270,"[61,47,142,184]"
Real/03973.jpg,REAL,1,ONE_FACE,0.9408,"[53,49,137,187]"
Real/03974.jpg,REAL,1,ONE_FACE,0.9340,"[56,42,144,183]"
Real/03976.jpg,REAL,1,ONE_FACE,0.9489,"[52,56,136,178]"
Real/03977.jpg,REAL,1,ONE_FACE,0.9298,"[62,48,136,182]"
Real/03978.jpg,REAL,1,ONE_FACE,0.9496,"[58,48,143,185]"
Real/03979.jpg,REAL,1,ONE_FACE,0.9388,"[61,63,135,168]"
Real/03980.jpg,REAL,1,ONE_FACE,0.9357,"[54,38,140,188]"
Real/03981.jpg,REAL,1,ONE_FACE,0.9395,"[25,39,162,214]"
Real/03985.jpg,REAL,1,ONE_FACE,0.9308,"[62,44,150,195]"
Real/03986.jpg,REAL,1,ONE_FACE,0.9383,"[56,51,156,192]"
Real/03987.jpg,REAL,1,ONE_FACE,0.9436,"[39,39,148,203]"
Real/03988.jpg,REAL,1,ONE_FACE,0.9346,"[46,52,133,173]"
Real/03989.jpg,REAL,1,ONE_FACE,0.9306,"[45,39,155,211]"
Real/03990.jpg,REAL,1,ONE_FACE,0.9423,"[84,60,113,170]"
Real/03992.jpg,REAL,1,ONE_FACE,0.9391,"[67,50,136,177]"
Real/03993.jpg,REAL,1,ONE_FACE,0.9295,"[68,52,128,169]"
Real/03994.jpg,REAL,1,ONE_FACE,0.9444,"[77,30,157,222]"
Real/03995.jpg,REAL,1,ONE_FACE,0.9386,"[61,59,145,185]"
Real/03996.jpg,REAL,1,ONE_FACE,0.9394,"[50,54,142,188]"
Real/03997.jpg,REAL,1,ONE_FACE,0.9382,"[61,58,142,185]"
Real/04000.jpg,REAL,1,ONE_FACE,0.9343,"[58,60,131,170]"
Real/04001.jpg,REAL,1,ONE_FACE,0.9417,"[54,36,146,206]"
Real/04002.jpg,REAL,1,ONE_FACE,0.9427,"[43,52,151,180]"
Real/04003.jpg,REAL,1,ONE_FACE,0.9345,"[40,38,154,203]"
Real/04005.jpg,REAL,1,ONE_FACE,0.9309,"[60,38,136,183]"
Real/04007.jpg,REAL,1,ONE_FACE,0.9298,"[64,45,124,179]"
Real/04008.jpg,REAL,1,ONE_FACE,0.9326,"[70,43,170,216]"
Real/04009.jpg,REAL,1,ONE_FACE,0.9421,"[54,42,147,200]"
Real/04011.jpg,REAL,1,ONE_FACE,0.9380,"[55,39,142,198]"
Real/04012.jpg,REAL,1,ONE_FACE,0.9420,"[61,61,134,172]"
Real/04013.jpg,REAL,1,ONE_FACE,0.9352,"[66,45,141,198]"
Real/04014.jpg,REAL,1,ONE_FACE,0.9416,"[41,46,149,171]"
Real/04015.jpg,REAL,1,ONE_FACE,0.9110,"[32,41,139,208]"
Real/04016.jpg,REAL,1,ONE_FACE,0.9295,"[62,38,152,213]"
Real/04017.jpg,REAL,1,ONE_FACE,0.9376,"[64,40,159,211]"
Real/04018.jpg,REAL,1,ONE_FACE,0.9380,"[54,63,143,173]"
Real/04019.jpg,REAL,1,ONE_FACE,0.9294,"[74,59,133,167]"
Real/04021.jpg,REAL,1,ONE_FACE,0.9340,"[48,42,145,196]"
Real/04022.jpg,REAL,1,ONE_FACE,0.9402,"[59,54,140,181]"
Real/04023.jpg,REAL,1,ONE_FACE,0.9364,"[72,48,137,171]"
Real/04024.jpg,REAL,1,ONE_FACE,0.9488,"[59,45,158,203]"
Real/04026.jpg,REAL,1,ONE_FACE,0.9250,"[71,49,143,191]"
Real/04027.jpg,REAL,1,ONE_FACE,0.9521,"[58,52,139,180]"
Real/04028.jpg,REAL,1,ONE_FACE,0.9394,"[47,48,122,185]"
Real/04030.jpg,REAL,1,ONE_FACE,0.9413,"[31,43,153,192]"
Real/04032.jpg,REAL,1,ONE_FACE,0.9391,"[70,43,150,193]"
Real/04033.jpg,REAL,1,ONE_FACE,0.9450,"[56,55,137,175]"
Real/04034.jpg,REAL,1,ONE_FACE,0.9326,"[67,47,135,177]"
Real/04035.jpg,REAL,1,ONE_FACE,0.9281,"[55,55,132,162]"
Real/04037.jpg,REAL,1,ONE_FACE,0.9516,"[61,54,136,177]"
Real/04038.jpg,REAL,1,ONE_FACE,0.9368,"[67,45,150,195]"
Real/04039.jpg,REAL,1,ONE_FACE,0.9298,"[71,56,132,157]"
Real/04040.jpg,REAL,1,ONE_FACE,0.9353,"[46,46,141,168]"
Real/04041.jpg,REAL,1,ONE_FACE,0.9292,"[51,39,147,199]"
Real/04042.jpg,REAL,1,ONE_FACE,0.9331,"[73,64,129,159]"
Real/04043.jpg,REAL,1,ONE_FACE,0.9413,"[62,44,141,187]"
Real/04044.jpg,REAL,1,ONE_FACE,0.9450,"[38,34,154,208]"
Real/04045.jpg,REAL,1,ONE_FACE,0.9342,"[63,70,130,152]"
Real/04046.jpg,REAL,1,ONE_FACE,0.9241,"[62,64,127,144]"
Real/04048.jpg,REAL,1,ONE_FACE,0.9350,"[67,63,136,170]"
Real/04049.jpg,REAL,1,ONE_FACE,0.9431,"[77,35,155,211]"
Real/04051.jpg,REAL,1,ONE_FACE,0.9302,"[71,45,154,189]"
Real/04053.jpg,REAL,1,ONE_FACE,0.9380,"[35,67,140,164]"
Real/04054.jpg,REAL,1,ONE_FACE,0.9473,"[28,40,152,200]"
Real/04055.jpg,REAL,1,ONE_FACE,0.9276,"[60,57,142,180]"
Real/04056.jpg,REAL,1,ONE_FACE,0.9465,"[44,40,150,198]"
Real/04057.jpg,REAL,1,ONE_FACE,0.9350,"[46,30,150,176]"
Real/04058.jpg,REAL,1,ONE_FACE,0.9417,"[59,36,157,197]"
Real/04059.jpg,REAL,1,ONE_FACE,0.9432,"[93,32,146,210]"
Real/04060.jpg,REAL,1,ONE_FACE,0.9503,"[62,59,134,180]"
Real/04061.jpg,REAL,1,ONE_FACE,0.9457,"[36,35,152,204]"
Real/04062.jpg,REAL,1,ONE_FACE,0.9289,"[49,47,143,195]"
Real/04063.jpg,REAL,1,ONE_FACE,0.9377,"[81,41,147,199]"
Real/04065.jpg,REAL,1,ONE_FACE,0.9223,"[72,40,152,203]"
Real/04066.jpg,REAL,1,ONE_FACE,0.9290,"[82,40,148,199]"
Real/04067.jpg,REAL,1,ONE_FACE,0.9305,"[57,37,150,193]"
Real/04069.jpg,REAL,1,ONE_FACE,0.9306,"[51,55,143,173]"
Real/04070.jpg,REAL,1,ONE_FACE,0.9300,"[36,42,145,186]"
Real/04072.jpg,REAL,1,ONE_FACE,0.9337,"[62,59,140,177]"
Real/04074.jpg,REAL,1,ONE_FACE,0.9387,"[64,41,145,186]"
Real/04077.jpg,REAL,1,ONE_FACE,0.9410,"[57,42,150,207]"
Real/04078.jpg,REAL,1,ONE_FACE,0.9378,"[54,38,145,199]"
Real/04080.jpg,REAL,1,ONE_FACE,0.9292,"[61,71,131,167]"
Real/04083.jpg,REAL,1,ONE_FACE,0.9354,"[70,39,137,193]"
Real/04084.jpg,REAL,1,ONE_FACE,0.9410,"[33,39,159,213]"
Real/04085.jpg,REAL,1,ONE_FACE,0.9429,"[54,47,140,192]"
Real/04087.jpg,REAL,1,ONE_FACE,0.9275,"[77,53,128,172]"
Real/real_100_aug_0.jpg,REAL,1,ONE_FACE,0.8097,"[63,-5,249,324]"
Real/real_100_aug_1.jpg,REAL,1,ONE_FACE,0.8731,"[60,13,254,304]"
Real/real_100_aug_2.jpg,REAL,1,ONE_FACE,0.8672,"[9,-14,229,327]"
Real/real_100_aug_3.jpg,REAL,1,ONE_FACE,0.8332,"[28,-6,230,276]"
Real/real_100_aug_4.jpg,REAL,1,ONE_FACE,0.8106,"[52,18,234,266]"
Real/real_101_aug_0.jpg,REAL,1,ONE_FACE,0.8483,"[5,8,243,290]"
Real/real_101_aug_1.jpg,REAL,1,ONE_FACE,0.8520,"[68,10,217,237]"
Real/real_101_aug_2.jpg,REAL,1,ONE_FACE,0.8186,"[-4,-3,245,222]"
Real/real_101_aug_3.jpg,REAL,1,ONE_FACE,0.9369,"[27,31,253,276]"
Real/real_101_aug_4.jpg,REAL,1,ONE_FACE,0.8732,"[56,12,234,260]"
Real/real_102_aug_0.jpg,REAL,1,ONE_FACE,0.8966,"[61,25,240,290]"
Real/real_102_aug_1.jpg,REAL,1,ONE_FACE,0.9146,"[128,5,214,288]"
Real/real_102_aug_2.jpg,REAL,1,ONE_FACE,0.9243,"[29,3,225,258]"
Real/real_102_aug_3.jpg,REAL,1,ONE_FACE,0.9118,"[35,8,245,310]"
Real/real_102_aug_4.jpg,REAL,1,ONE_FACE,0.9048,"[60,5,249,286]"
Real/real_103_aug_0.jpg,REAL,1,ONE_FACE,0.9104,"[-5,2,186,228]"
Real/real_103_aug_1.jpg,REAL,1,ONE_FACE,0.8915,"[12,10,262,291]"
Real/real_103_aug_2.jpg,REAL,1,ONE_FACE,0.9550,"[63,5,231,257]"
Real/real_103_aug_3.jpg,REAL,1,ONE_FACE,0.9001,"[-5,4,233,224]"
Real/real_103_aug_4.jpg,REAL,1,ONE_FACE,0.9409,"[17,12,252,275]"
Real/real_104_aug_0.jpg,REAL,1,ONE_FACE,0.9347,"[7,4,251,305]"
Real/real_104_aug_1.jpg,REAL,1,ONE_FACE,0.8690,"[28,14,272,285]"
Real/real_104_aug_2.jpg,REAL,1,ONE_FACE,0.9053,"[5,1,236,242]"
Real/real_104_aug_3.jpg,REAL,1,ONE_FACE,0.9366,"[22,7,258,297]"
Real/real_104_aug_4.jpg,REAL,1,ONE_FACE,0.8877,"[14,0,224,260]"
Real/real_105_aug_0.jpg,REAL,1,ONE_FACE,0.8752,"[34,8,248,278]"
Real/real_105_aug_1.jpg,REAL,1,ONE_FACE,0.8751,"[24,13,270,300]"
Real/real_105_aug_2.jpg,REAL,1,ONE_FACE,0.9484,"[52,1,234,278]"
Real/real_105_aug_3.jpg,REAL,1,ONE_FACE,0.9260,"[5,12,270,272]"
Real/real_105_aug_4.jpg,REAL,1,ONE_FACE,0.9434,"[48,-5,239,290]"
Real/real_106_aug_0.jpg,REAL,1,ONE_FACE,0.9197,"[22,14,197,238]"
Real/real_106_aug_1.jpg,REAL,0,NO_FACE,,
Real/real_106_aug_2.jpg,REAL,1,ONE_FACE,0.9193,"[23,30,194,242]"
Real/real_106_aug_3.jpg,REAL,0,NO_FACE,,
Real/real_106_aug_4.jpg,REAL,0,NO_FACE,,
Real/real_107_aug_0.jpg,REAL,1,ONE_FACE,0.9432,"[4,22,249,297]"
Real/real_107_aug_1.jpg,REAL,1,ONE_FACE,0.9504,"[19,0,250,292]"
Real/real_107_aug_2.jpg,REAL,1,ONE_FACE,0.8953,"[32,24,274,331]"
Real/real_107_aug_3.jpg,REAL,1,ONE_FACE,0.9457,"[48,8,247,327]"
Real/real_107_aug_4.jpg,REAL,1,ONE_FACE,0.8795,"[-16,-6,275,241]"
Real/real_108_aug_0.jpg,REAL,1,ONE_FACE,0.9555,"[58,1,229,311]"
Real/real_108_aug_1.jpg,REAL,1,ONE_FACE,0.9018,"[36,5,223,245]"
Real/real_108_aug_2.jpg,REAL,1,ONE_FACE,0.9526,"[63,7,234,292]"
Real/real_108_aug_3.jpg,REAL,1,ONE_FACE,0.9573,"[44,3,221,277]"
Real/real_108_aug_4.jpg,REAL,1,ONE_FACE,0.9354,"[-5,-2,207,264]"
Real/real_109_aug_0.jpg,REAL,0,NO_FACE,,
Real/real_109_aug_1.jpg,REAL,1,ONE_FACE,0.6185,"[116,27,21,27]"
Real/real_109_aug_2.jpg,REAL,0,NO_FACE,,
Real/real_109_aug_3.jpg,REAL,1,ONE_FACE,0.6737,"[8,205,26,34]"
Real/real_109_aug_4.jpg,REAL,0,NO_FACE,,
Real/real_10_aug_0.jpg,REAL,1,ONE_FACE,0.8365,"[7,-4,241,254]"
Real/real_10_aug_1.jpg,REAL,1,ONE_FACE,0.8293,"[31,-2,236,308]"
Real/real_10_aug_2.jpg,REAL,1,ONE_FACE,0.9359,"[30,1,225,302]"
Real/real_10_aug_3.jpg,REAL,1,ONE_FACE,0.9333,"[55,13,216,264]"
Real/real_10_aug_4.jpg,REAL,1,ONE_FACE,0.9269,"[41,47,230,315]"
Real/real_110_aug_0.jpg,REAL,1,ONE_FACE,0.8959,"[10,23,263,258]"
Real/real_110_aug_1.jpg,REAL,1,ONE_FACE,0.7374,"[44,9,222,240]"
Real/real_110_aug_2.jpg,REAL,1,ONE_FACE,0.7504,"[-8,27,236,227]"
Real/real_110_aug_3.jpg,REAL,1,ONE_FACE,0.8069,"[7,-6,235,243]"
Real/real_110_aug_4.jpg,REAL,1,ONE_FACE,0.9141,"[3,25,268,287]"
Real/real_111_aug_0.jpg,REAL,1,ONE_FACE,0.8928,"[17,25,276,317]"
Real/real_111_aug_1.jpg,REAL,1,ONE_FACE,0.9068,"[-23,6,256,293]"
Real/real_111_aug_2.jpg,REAL,1,ONE_FACE,0.9114,"[30,20,259,281]"
Real/real_111_aug_3.jpg,REAL,1,ONE_FACE,0.9346,"[1,9,270,285]"
Real/real_111_aug_4.jpg,REAL,1,ONE_FACE,0.9091,"[40,9,255,277]"
Real/real_112_aug_0.jpg,REAL,1,ONE_FACE,0.9219,"[-7,9,282,267]"
Real/real_112_aug_1.jpg,REAL,1,ONE_FACE,0.9437,"[3,-5,229,255]"
Real/real_112_aug_2.jpg,REAL,1,ONE_FACE,0.9340,"[90,3,241,289]"
Real/real_112_aug_3.jpg,REAL,1,ONE_FACE,0.9014,"[0,-14,270,312]"
Real/real_112_aug_4.jpg,REAL,1,ONE_FACE,0.9141,"[2,1,248,288]"
Real/real_113_aug_0.jpg,REAL,1,ONE_FACE,0.9151,"[73,15,196,273]"
Real/real_113_aug_1.jpg,REAL,1,ONE_FACE,0.8578,"[21,-5,239,235]"
Real/real_113_aug_2.jpg,REAL,1,ONE_FACE,0.8553,"[93,8,188,212]"
Real/real_113_aug_3.jpg,REAL,1,ONE_FACE,0.7889,"[0,-2,216,241]"
Real/real_113_aug_4.jpg,REAL,1,ONE_FACE,0.8518,"[10,8,197,260]"
Real/real_114_aug_0.jpg,REAL,1,ONE_FACE,0.9432,"[9,21,229,291]"
Real/real_114_aug_1.jpg,REAL,1,ONE_FACE,0.9460,"[64,19,225,292]"
Real/real_114_aug_2.jpg,REAL,1,ONE_FACE,0.7551,"[72,0,188,175]"
Real/real_114_aug_3.jpg,REAL,1,ONE_FACE,0.8251,"[118,9,185,169]"
Real/real_114_aug_4.jpg,REAL,1,ONE_FACE,0.9414,"[-4,31,219,279]"
Real/real_115_aug_0.jpg,REAL,1,ONE_FACE,0.9486,"[10,3,212,241]"
Real/real_115_aug_1.jpg,REAL,1,ONE_FACE,0.9077,"[17,1,222,217]"
Real/real_115_aug_2.jpg,REAL,1,ONE_FACE,0.9044,"[66,15,201,278]"
Real/real_115_aug_3.jpg,REAL,1,ONE_FACE,0.9103,"[78,29,226,283]"
Real/real_115_aug_4.jpg,REAL,1,ONE_FACE,0.9453,"[48,6,205,261]"
Real/real_116_aug_0.jpg,REAL,1,ONE_FACE,0.8787,"[-15,0,289,276]"
Real/real_116_aug_1.jpg,REAL,1,ONE_FACE,0.7796,"[55,24,253,279]"
Real/real_116_aug_2.jpg,REAL,1,ONE_FACE,0.8660,"[27,17,278,267]"
Real/real_116_aug_3.jpg,REAL,1,ONE_FACE,0.8230,"[19,10,266,269]"
Real/real_116_aug_4.jpg,REAL,1,ONE_FACE,0.8751,"[-3,13,236,278]"
Real/real_117_aug_0.jpg,REAL,1,ONE_FACE,0.7440,"[0,-3,255,283]"
Real/real_117_aug_1.jpg,REAL,1,ONE_FACE,0.9331,"[55,35,247,315]"
Real/real_117_aug_2.jpg,REAL,1,ONE_FACE,0.9251,"[49,7,240,334]"
Real/real_117_aug_3.jpg,REAL,1,ONE_FACE,0.9311,"[80,1,239,309]"
Real/real_117_aug_4.jpg,REAL,1,ONE_FACE,0.9332,"[39,0,246,306]"
Real/real_118_aug_0.jpg,REAL,1,ONE_FACE,0.6472,"[11,30,192,193]"
Real/real_118_aug_1.jpg,REAL,1,ONE_FACE,0.9152,"[46,8,242,290]"
Real/real_118_aug_2.jpg,REAL,1,ONE_FACE,0.9158,"[52,10,216,266]"
Real/real_118_aug_3.jpg,REAL,1,ONE_FACE,0.6920,"[59,56,243,262]"
Real/real_118_aug_4.jpg,REAL,1,ONE_FACE,0.9029,"[15,6,250,272]"
Real/real_119_aug_0.jpg,REAL,0,NO_FACE,,
Real/real_119_aug_1.jpg,REAL,0,NO_FACE,,
Real/real_119_aug_2.jpg,REAL,1,ONE_FACE,0.7756,"[42,4,230,259]"
Real/real_119_aug_3.jpg,REAL,1,ONE_FACE,0.9184,"[26,4,271,316]"
Real/real_119_aug_4.jpg,REAL,1,ONE_FACE,0.9143,"[-12,9,277,305]"
Real/real_11_aug_0.jpg,REAL,1,ONE_FACE,0.9352,"[31,1,256,351]"
Real/real_11_aug_1.jpg,REAL,1,ONE_FACE,0.9420,"[12,0,242,278]"
Real/real_11_aug_2.jpg,REAL,1,ONE_FACE,0.9344,"[8,4,270,315]"
Real/real_11_aug_3.jpg,REAL,1,ONE_FACE,0.9128,"[-3,-1,223,309]"
Real/real_11_aug_4.jpg,REAL,0,NO_FACE,,
Real/real_120_aug_0.jpg,REAL,1,ONE_FACE,0.6465,"[46,7,203,280]"
Real/real_120_aug_1.jpg,REAL,1,ONE_FACE,0.6207,"[82,6,194,250]"
Real/real_120_aug_2.jpg,REAL,0,NO_FACE,,
Real/real_120_aug_3.jpg,REAL,1,ONE_FACE,0.8760,"[58,25,226,285]"
Real/real_120_aug_4.jpg,REAL,1,ONE_FACE,0.8702,"[23,17,211,293]"
Real/real_121_aug_0.jpg,REAL,1,ONE_FACE,0.9405,"[-3,5,248,252]"
Real/real_121_aug_1.jpg,REAL,1,ONE_FACE,0.9455,"[59,10,243,316]"
Real/real_121_aug_2.jpg,REAL,1,ONE_FACE,0.9441,"[61,5,215,268]"
Real/real_121_aug_3.jpg,REAL,1,ONE_FACE,0.8067,"[2,-9,279,317]"
Real/real_121_aug_4.jpg,REAL,1,ONE_FACE,0.9438,"[10,8,233,286]"
Real/real_122_aug_0.jpg,REAL,1,ONE_FACE,0.6956,"[29,2,289,368]"
Real/real_122_aug_1.jpg,REAL,1,ONE_FACE,0.6045,"[43,11,209,273]"
Real/real_122_aug_2.jpg,REAL,1,ONE_FACE,0.7995,"[9,2,306,295]"
Real/real_122_aug_3.jpg,REAL,0,NO_FACE,,
Real/real_122_aug_4.jpg,REAL,0,NO_FACE,,
Real/real_123_aug_0.jpg,REAL,1,ONE_FACE,0.8435,"[39,12,202,230]"
Real/real_123_aug_1.jpg,REAL,1,ONE_FACE,0.8329,"[22,9,214,252]"
Real/real_123_aug_2.jpg,REAL,1,ONE_FACE,0.9247,"[65,62,228,263]"
Real/real_123_aug_3.jpg,REAL,1,ONE_FACE,0.8391,"[64,23,198,236]"
Real/real_123_aug_4.jpg,REAL,1,ONE_FACE,0.9220,"[33,26,230,271]"
Real/real_124_aug_0.jpg,REAL,1,ONE_FACE,0.9483,"[5,5,211,273]"
Real/real_124_aug_1.jpg,REAL,1,ONE_FACE,0.8196,"[-2,16,246,253]"
Real/real_124_aug_2.jpg,REAL,1,ONE_FACE,0.9445,"[27,1,239,266]"
Real/real_124_aug_3.jpg,REAL,1,ONE_FACE,0.9477,"[7,-1,232,251]"
Real/real_124_aug_4.jpg,REAL,1,ONE_FACE,0.9328,"[25,6,239,256]"
Real/real_125_aug_0.jpg,REAL,0,NO_FACE,,
Real/real_125_aug_1.jpg,REAL,1,ONE_FACE,0.8234,"[49,5,172,231]"
Real/real_125_aug_2.jpg,REAL,1,ONE_FACE,0.8385,"[82,3,166,227]"
Real/real_125_aug_3.jpg,REAL,0,NO_FACE,,
Real/real_125_aug_4.jpg,REAL,1,ONE_FACE,0.8689,"[122,62,163,242]"
Real/real_126_aug_0.jpg,REAL,0,NO_FACE,,
Real/real_126_aug_1.jpg,REAL,1,ONE_FACE,0.6723,"[49,7,289,317]"
Real/real_126_aug_2.jpg,REAL,1,ONE_FACE,0.8498,"[-6,0,246,274]"
Real/real_126_aug_3.jpg,REAL,1,ONE_FACE,0.6612,"[9,48,211,256]"
Real/real_126_aug_4.jpg,REAL,1,ONE_FACE,0.7511,"[74,13,214,277]"
Real/real_127_aug_0.jpg,REAL,1,ONE_FACE,0.7029,"[103,18,179,233]"
Real/real_127_aug_1.jpg,REAL,1,ONE_FACE,0.9259,"[19,-1,222,259]"
Real/real_127_aug_2.jpg,REAL,0,NO_FACE,,
Real/real_127_aug_3.jpg,REAL,1,ONE_FACE,0.8987,"[5,22,231,281]"
Real/real_127_aug_4.jpg,REAL,0,NO_FACE,,
Real/real_128_aug_0.jpg,REAL,1,ONE_FACE,0.7961,"[11,-4,224,271]"
Real/real_128_aug_1.jpg,REAL,1,ONE_FACE,0.7294,"[25,-6,235,289]"
Real/real_128_aug_2.jpg,REAL,0,NO_FACE,,
Real/real_128_aug_3.jpg,REAL,0,NO_FACE,,
Real/real_128_aug_4.jpg,REAL,0,NO_FACE,,
Real/real_129_aug_0.jpg,REAL,1,ONE_FACE,0.9344,"[113,35,199,282]"
Real/real_129_aug_1.jpg,REAL,1,ONE_FACE,0.8891,"[3,10,206,265]"
Real/real_129_aug_2.jpg,REAL,1,ONE_FACE,0.8884,"[42,22,218,223]"
Real/real_129_aug_3.jpg,REAL,1,ONE_FACE,0.9281,"[25,10,222,293]"
Real/real_129_aug_4.jpg,REAL,1,ONE_FACE,0.9401,"[81,4,222,309]"
Real/real_12_aug_0.jpg,REAL,1,ONE_FACE,0.7157,"[6,50,255,281]"
Real/real_12_aug_1.jpg,REAL,1,ONE_FACE,0.9161,"[3,10,254,301]"
Real/real_12_aug_2.jpg,REAL,1,ONE_FACE,0.8891,"[-6,10,276,278]"
Real/real_12_aug_3.jpg,REAL,1,ONE_FACE,0.8468,"[33,11,252,279]"
Real/real_12_aug_4.jpg,REAL,1,ONE_FACE,0.9274,"[1,30,241,260]"
Real/real_130_aug_0.jpg,REAL,1,ONE_FACE,0.9220,"[9,1,178,239]"
Real/real_130_aug_1.jpg,REAL,1,ONE_FACE,0.9303,"[1,20,227,264]"
Real/real_130_aug_2.jpg,REAL,1,ONE_FACE,0.9138,"[11,2,184,268]"
Real/real_130_aug_3.jpg,REAL,1,ONE_FACE,0.9360,"[0,-4,184,255]"
Real/real_130_aug_4.jpg,REAL,1,ONE_FACE,0.9505,"[5,8,206,231]"
Real/real_131_aug_0.jpg,REAL,1,ONE_FACE,0.8867,"[-6,-6,296,300]"
Real/real_131_aug_1.jpg,REAL,1,ONE_FACE,0.8244,"[1,-6,292,309]"
Real/real_131_aug_2.jpg,REAL,1,ONE_FACE,0.9351,"[16,5,263,321]"
Real/real_131_aug_3.jpg,REAL,1,ONE_FACE,0.6711,"[27,7,295,286]"
Real/real_131_aug_4.jpg,REAL,1,ONE_FACE,0.8520,"[-7,3,281,245]"
Real/real_132_aug_0.jpg,REAL,1,ONE_FACE,0.9203,"[-4,-4,208,288]"
Real/real_132_aug_1.jpg,REAL,1,ONE_FACE,0.8962,"[-5,19,244,271]"
Real/real_132_aug_2.jpg,REAL,1,ONE_FACE,0.9063,"[14,1,268,300]"
Real/real_132_aug_3.jpg,REAL,0,NO_FACE,,
Real/real_132_aug_4.jpg,REAL,1,ONE_FACE,0.8653,"[38,45,291,307]"
Real/real_133_aug_0.jpg,REAL,0,NO_FACE,,
Real/real_133_aug_1.jpg,REAL,0,NO_FACE,,
Real/real_133_aug_2.jpg,REAL,1,ONE_FACE,0.8680,"[0,1,250,236]"
Real/real_133_aug_3.jpg,REAL,0,NO_FACE,,
Real/real_133_aug_4.jpg,REAL,1,ONE_FACE,0.8739,"[-9,6,282,287]"
Real/real_134_aug_0.jpg,REAL,1,ONE_FACE,0.9476,"[-3,-6,197,272]"
Real/real_134_aug_1.jpg,REAL,1,ONE_FACE,0.8734,"[22,0,268,291]"
Real/real_134_aug_2.jpg,REAL,1,ONE_FACE,0.9451,"[16,0,229,260]"
Real/real_134_aug_3.jpg,REAL,1,ONE_FACE,0.8772,"[1,16,235,295]"
Real/real_134_aug_4.jpg,REAL,1,ONE_FACE,0.8564,"[23,-19,268,347]"
Real/real_135_aug_0.jpg,REAL,1,ONE_FACE,0.9229,"[20,-2,275,260]"
Real/real_135_aug_1.jpg,REAL,1,ONE_FACE,0.9339,"[29,45,244,247]"
Real/real_135_aug_2.jpg,REAL,1,ONE_FACE,0.9432,"[53,20,261,320]"
Real/real_135_aug_3.jpg,REAL,1,ONE_FACE,0.9380,"[52,28,268,323]"
Real/real_135_aug_4.jpg,REAL,1,ONE_FACE,0.9352,"[43,17,255,299]"
Real/real_136_aug_0.jpg,REAL,1,ONE_FACE,0.9237,"[6,1,242,343]"
Real/real_136_aug_1.jpg,REAL,1,ONE_FACE,0.9275,"[53,-4,283,322]"
Real/real_136_aug_2.jpg,REAL,1,ONE_FACE,0.9339,"[22,2,243,265]"
Real/real_136_aug_3.jpg,REAL,0,NO_FACE,,
Real/real_136_aug_4.jpg,REAL,1,ONE_FACE,0.9220,"[30,5,282,321]"
Real/real_137_aug_0.jpg,REAL,1,ONE_FACE,0.9329,"[100,6,213,316]"
Real/real_137_aug_1.jpg,REAL,1,ONE_FACE,0.6347,"[2,10,135,213]"
Real/real_137_aug_2.jpg,REAL,1,ONE_FACE,0.9372,"[54,9,202,251]"
Real/real_137_aug_3.jpg,REAL,1,ONE_FACE,0.9328,"[50,5,207,247]"
Real/real_137_aug_4.jpg,REAL,1,ONE_FACE,0.6440,"[62,13,218,312]"
Real/real_138_aug_0.jpg,REAL,0,NO_FACE,,
Real/real_138_aug_1.jpg,REAL,1,ONE_FACE,0.9233,"[24,34,276,266]"
Real/real_138_aug_2.jpg,REAL,1,ONE_FACE,0.8796,"[8,18,254,268]"
Real/real_138_aug_3.jpg,REAL,1,ONE_FACE,0.9045,"[23,-5,266,303]"
Real/real_138_aug_4.jpg,REAL,1,ONE_FACE,0.9185,"[21,59,267,230]"
Real/real_139_aug_0.jpg,REAL,1,ONE_FACE,0.7786,"[24,11,273,248]"
Real/real_139_aug_1.jpg,REAL,1,ONE_FACE,0.7935,"[-1,6,306,280]"
Real/real_139_aug_2.jpg,REAL,1,ONE_FACE,0.9397,"[7,9,247,301]"
Real/real_139_aug_3.jpg,REAL,1,ONE_FACE,0.9399,"[0,8,214,249]"
Real/real_139_aug_4.jpg,REAL,1,ONE_FACE,0.9439,"[-1,4,198,268]"
Real/real_13_aug_0.jpg,REAL,1,ONE_FACE,0.8396,"[74,42,219,247]"
Real/real_13_aug_1.jpg,REAL,1,ONE_FACE,0.9124,"[2,6,246,258]"
Real/real_13_aug_2.jpg,REAL,1,ONE_FACE,0.9563,"[49,13,215,291]"
Real/real_13_aug_3.jpg,REAL,1,ONE_FACE,0.9189,"[6,9,217,291]"
Real/real_13_aug_4.jpg,REAL,1,ONE_FACE,0.9127,"[57,25,236,293]"
Real/real_140_aug_0.jpg,REAL,1,ONE_FACE,0.8751,"[-4,25,249,237]"
Real/real_140_aug_1.jpg,REAL,1,ONE_FACE,0.9385,"[72,34,220,253]"
Real/real_140_aug_2.jpg,REAL,1,ONE_FACE,0.9112,"[-7,1,226,272]"
Real/real_140_aug_3.jpg,REAL,1,ONE_FACE,0.9420,"[39,2,228,309]"
Real/real_140_aug_4.jpg,REAL,1,ONE_FACE,0.9029,"[78,28,235,276]"
Real/real_141_aug_0.jpg,REAL,1,ONE_FACE,0.9440,"[3,1,236,317]"
Real/real_141_aug_1.jpg,REAL,1,ONE_FACE,0.9000,"[22,13,256,280]"
Real/real_141_aug_2.jpg,REAL,1,ONE_FACE,0.9485,"[40,-2,227,298]"
Real/real_141_aug_3.jpg,REAL,1,ONE_FACE,0.9317,"[55,6,236,318]"
Real/real_141_aug_4.jpg,REAL,1,ONE_FACE,0.9070,"[20,16,249,266]"
Real/real_142_aug_0.jpg,REAL,1,ONE_FACE,0.9352,"[91,39,234,306]"
Real/real_142_aug_1.jpg,REAL,1,ONE_FACE,0.8818,"[17,14,250,272]"
Real/real_142_aug_2.jpg,REAL,1,ONE_FACE,0.8347,"[12,-7,249,243]"
Real/real_142_aug_3.jpg,REAL,1,ONE_FACE,0.9294,"[0,1,242,288]"
Real/real_142_aug_4.jpg,REAL,1,ONE_FACE,0.8313,"[59,40,230,278]"
Real/real_143_aug_0.jpg,REAL,1,ONE_FACE,0.9277,"[0,7,246,281]"
Real/real_143_aug_1.jpg,REAL,1,ONE_FACE,0.9523,"[4,1,173,261]"
Real/real_143_aug_2.jpg,REAL,1,ONE_FACE,0.8986,"[0,6,237,249]"
Real/real_143_aug_3.jpg,REAL,1,ONE_FACE,0.9527,"[42,2,227,286]"
Real/real_143_aug_4.jpg,REAL,1,ONE_FACE,0.9427,"[75,7,217,269]"
Real/real_144_aug_0.jpg,REAL,1,ONE_FACE,0.8964,"[0,-4,232,332]"
Real/real_144_aug_1.jpg,REAL,1,ONE_FACE,0.9493,"[27,0,251,331]"
Real/real_144_aug_2.jpg,REAL,1,ONE_FACE,0.8947,"[8,1,281,321]"
Real/real_144_aug_3.jpg,REAL,1,ONE_FACE,0.9560,"[33,-1,249,290]"
Real/real_144_aug_4.jpg,REAL,1,ONE_FACE,0.8992,"[45,0,278,322]"
Real/real_145_aug_0.jpg,REAL,1,ONE_FACE,0.8583,"[16,-3,274,261]"
Real/real_145_aug_1.jpg,REAL,1,ONE_FACE,0.9496,"[5,1,219,279]"
Real/real_145_aug_2.jpg,REAL,1,ONE_FACE,0.8686,"[33,10,251,272]"
Real/real_145_aug_3.jpg,REAL,1,ONE_FACE,0.9282,"[5,5,244,289]"
Real/real_145_aug_4.jpg,REAL,1,ONE_FACE,0.8834,"[32,4,228,246]"
Real/real_146_aug_0.jpg,REAL,1,ONE_FACE,0.9465,"[32,2,234,314]"
Real/real_146_aug_1.jpg,REAL,1,ONE_FACE,0.9299,"[25,13,261,304]"
Real/real_146_aug_2.jpg,REAL,1,ONE_FACE,0.9106,"[48,29,256,299]"
Real/real_146_aug_3.jpg,REAL,1,ONE_FACE,0.9088,"[4,10,234,270]"
Real/real_146_aug_4.jpg,REAL,1,ONE_FACE,0.8550,"[59,18,224,265]"
Real/real_147_aug_0.jpg,REAL,1,ONE_FACE,0.9152,"[13,6,187,253]"
Real/real_147_aug_1.jpg,REAL,1,ONE_FACE,0.9212,"[24,7,197,284]"
Real/real_147_aug_2.jpg,REAL,1,ONE_FACE,0.8580,"[-3,0,174,216]"
Real/real_147_aug_3.jpg,REAL,1,ONE_FACE,0.8219,"[52,9,188,252]"
Real/real_147_aug_4.jpg,REAL,1,ONE_FACE,0.8803,"[10,2,208,299]"
Real/real_148_aug_0.jpg,REAL,1,ONE_FACE,0.8063,"[8,-4,243,227]"
Real/real_148_aug_1.jpg,REAL,1,ONE_FACE,0.8498,"[-1,-8,257,240]"
Real/real_148_aug_2.jpg,REAL,0,NO_FACE,,
Real/real_148_aug_3.jpg,REAL,1,ONE_FACE,0.7890,"[31,32,258,264]"
Real/real_148_aug_4.jpg,REAL,1,ONE_FACE,0.9433,"[27,1,248,290]"
Real/real_149_aug_0.jpg,REAL,1,ONE_FACE,0.8511,"[125,41,170,245]"
Real/real_149_aug_1.jpg,REAL,1,ONE_FACE,0.8017,"[61,0,165,247]"
Real/real_149_aug_2.jpg,REAL,1,ONE_FACE,0.6242,"[72,7,174,276]"
Real/real_149_aug_3.jpg,REAL,1,ONE_FACE,0.9011,"[35,16,223,299]"
Real/real_149_aug_4.jpg,REAL,1,ONE_FACE,0.8265,"[75,-1,159,195]"
Real/real_14_aug_0.jpg,REAL,1,ONE_FACE,0.9086,"[-7,11,257,265]"
Real/real_14_aug_1.jpg,REAL,1,ONE_FACE,0.9455,"[0,2,239,263]"
Real/real_14_aug_2.jpg,REAL,1,ONE_FACE,0.8794,"[0,1,256,234]"
Real/real_14_aug_3.jpg,REAL,1,ONE_FACE,0.9582,"[3,0,246,278]"
Real/real_14_aug_4.jpg,REAL,1,ONE_FACE,0.8977,"[33,10,249,280]"
Real/real_150_aug_0.jpg,REAL,1,ONE_FACE,0.9415,"[1,-2,225,257]"
Real/real_150_aug_1.jpg,REAL,1,ONE_FACE,0.8244,"[20,19,266,247]"
Real/real_150_aug_2.jpg,REAL,1,ONE_FACE,0.9484,"[35,5,253,319]"
Real/real_150_aug_3.jpg,REAL,1,ONE_FACE,0.9493,"[23,5,229,280]"
Real/real_150_aug_4.jpg,REAL,1,ONE_FACE,0.9415,"[12,37,261,348]"
Real/real_151_aug_0.jpg,REAL,1,ONE_FACE,0.8940,"[19,7,202,287]"
Real/real_151_aug_1.jpg,REAL,0,NO_FACE,,
Real/real_151_aug_2.jpg,REAL,1,ONE_FACE,0.8821,"[6,4,166,306]"
Real/real_151_aug_3.jpg,REAL,0,NO_FACE,,
Real/real_151_aug_4.jpg,REAL,1,ONE_FACE,0.9073,"[11,-10,179,263]"
Real/real_152_aug_0.jpg,REAL,1,ONE_FACE,0.8802,"[-10,7,263,238]"
Real/real_152_aug_1.jpg,REAL,1,ONE_FACE,0.9544,"[29,0,235,288]"
Real/real_152_aug_2.jpg,REAL,1,ONE_FACE,0.9115,"[14,9,239,245]"
Real/real_152_aug_3.jpg,REAL,1,ONE_FACE,0.9549,"[33,1,238,307]"
Real/real_152_aug_4.jpg,REAL,1,ONE_FACE,0.9432,"[5,0,195,266]"
Real/real_153_aug_0.jpg,REAL,1,ONE_FACE,0.9094,"[31,34,260,304]"
Real/real_153_aug_1.jpg,REAL,1,ONE_FACE,0.9478,"[21,1,230,248]"
Real/real_153_aug_2.jpg,REAL,1,ONE_FACE,0.9177,"[47,4,255,314]"
Real/real_153_aug_3.jpg,REAL,1,ONE_FACE,0.9167,"[51,50,261,307]"
Real/real_153_aug_4.jpg,REAL,1,ONE_FACE,0.9459,"[42,8,244,280]"
Real/real_154_aug_0.jpg,REAL,1,ONE_FACE,0.9468,"[104,36,220,296]"
Real/real_154_aug_1.jpg,REAL,1,ONE_FACE,0.9112,"[51,6,220,258]"
Real/real_154_aug_2.jpg,REAL,1,ONE_FACE,0.8987,"[2,4,180,253]"
Real/real_154_aug_3.jpg,REAL,1,ONE_FACE,0.8794,"[75,18,204,274]"
Real/real_154_aug_4.jpg,REAL,1,ONE_FACE,0.9515,"[10,8,191,226]"
Real/real_155_aug_0.jpg,REAL,0,NO_FACE,,
Real/real_155_aug_1.jpg,REAL,1,ONE_FACE,0.8925,"[-8,-27,217,365]"
Real/real_155_aug_2.jpg,REAL,0,NO_FACE,,
Real/real_155_aug_3.jpg,REAL,1,ONE_FACE,0.8459,"[26,1,291,303]"
Real/real_155_aug_4.jpg,REAL,1,ONE_FACE,0.9054,"[0,-3,269,304]"
Real/real_156_aug_0.jpg,REAL,0,NO_FACE,,
Real/real_156_aug_1.jpg,REAL,0,NO_FACE,,
Real/real_156_aug_2.jpg,REAL,0,NO_FACE,,
Real/real_156_aug_3.jpg,REAL,0,NO_FACE,,
Real/real_156_aug_4.jpg,REAL,1,ONE_FACE,0.9188,"[23,7,210,301]"
Real/real_157_aug_0.jpg,REAL,1,ONE_FACE,0.9338,"[39,7,212,315]"
Real/real_157_aug_1.jpg,REAL,1,ONE_FACE,0.9368,"[26,7,231,289]"
Real/real_157_aug_2.jpg,REAL,1,ONE_FACE,0.8918,"[49,5,255,248]"
Real/real_157_aug_3.jpg,REAL,1,ONE_FACE,0.8828,"[44,5,259,251]"
Real/real_157_aug_4.jpg,REAL,1,ONE_FACE,0.9436,"[14,2,217,269]"
Real/real_158_aug_0.jpg,REAL,1,ONE_FACE,0.9335,"[9,2,237,305]"
Real/real_158_aug_1.jpg,REAL,1,ONE_FACE,0.9362,"[98,6,219,273]"
Real/real_158_aug_2.jpg,REAL,1,ONE_FACE,0.9354,"[22,0,234,267]"
Real/real_158_aug_3.jpg,REAL,1,ONE_FACE,0.7993,"[-6,3,289,312]"
Real/real_158_aug_4.jpg,REAL,1,ONE_FACE,0.8653,"[29,0,290,296]"
Real/real_159_aug_0.jpg,REAL,1,ONE_FACE,0.9478,"[10,4,221,258]"
Real/real_159_aug_1.jpg,REAL,1,ONE_FACE,0.9338,"[62,26,218,300]"
Real/real_159_aug_2.jpg,REAL,1,ONE_FACE,0.9397,"[28,11,226,281]"
Real/real_159_aug_3.jpg,REAL,1,ONE_FACE,0.9419,"[52,38,221,285]"
Real/real_159_aug_4.jpg,REAL,1,ONE_FACE,0.9037,"[0,1,246,231]"
Real/real_15_aug_0.jpg,REAL,1,ONE_FACE,0.7937,"[72,53,237,254]"
Real/real_15_aug_1.jpg,REAL,1,ONE_FACE,0.7320,"[0,50,249,233]"
Real/real_15_aug_2.jpg,REAL,1,ONE_FACE,0.7189,"[0,9,152,273]"
Real/real_15_aug_3.jpg,REAL,1,ONE_FACE,0.8657,"[8,8,235,204]"
Real/real_15_aug_4.jpg,REAL,1,ONE_FACE,0.8861,"[72,14,185,239]"
Real/real_160_aug_0.jpg,REAL,1,ONE_FACE,0.9062,"[-3,6,234,247]"
Real/real_160_aug_1.jpg,REAL,1,ONE_FACE,0.9109,"[6,34,214,264]"
Real/real_160_aug_2.jpg,REAL,1,ONE_FACE,0.9367,"[18,17,230,255]"
Real/real_160_aug_3.jpg,REAL,1,ONE_FACE,0.8958,"[57,11,198,256]"
Real/real_160_aug_4.jpg,REAL,1,ONE_FACE,0.9596,"[5,2,211,259]"
Real/real_161_aug_0.jpg,REAL,1,ONE_FACE,0.8906,"[17,3,267,288]"
Real/real_161_aug_1.jpg,REAL,1,ONE_FACE,0.9400,"[-4,3,253,303]"
Real/real_161_aug_2.jpg,REAL,1,ONE_FACE,0.8979,"[-7,2,211,249]"
Real/real_161_aug_3.jpg,REAL,1,ONE_FACE,0.9463,"[-4,-1,229,223]"
Real/real_161_aug_4.jpg,REAL,1,ONE_FACE,0.9483,"[13,0,252,282]"
Real/real_162_aug_0.jpg,REAL,1,ONE_FACE,0.8883,"[103,60,236,288]"
Real/real_162_aug_1.jpg,REAL,1,ONE_FACE,0.8633,"[61,40,246,272]"
Real/real_162_aug_2.jpg,REAL,1,ONE_FACE,0.9502,"[44,19,215,272]"
Real/real_162_aug_3.jpg,REAL,1,ONE_FACE,0.8899,"[6,14,223,235]"
Real/real_162_aug_4.jpg,REAL,1,ONE_FACE,0.8994,"[2,6,213,250]"
Real/real_163_aug_0.jpg,REAL,1,ONE_FACE,0.8892,"[26,6,208,243]"
Real/real_163_aug_1.jpg,REAL,1,ONE_FACE,0.9525,"[31,4,201,272]"
Real/real_163_aug_2.jpg,REAL,1,ONE_FACE,0.9006,"[-11,1,220,225]"
Real/real_163_aug_3.jpg,REAL,1,ONE_FACE,0.9535,"[47,2,207,294]"
Real/real_163_aug_4.jpg,REAL,1,ONE_FACE,0.9503,"[24,10,204,288]"
Real/real_164_aug_0.jpg,REAL,1,ONE_FACE,0.8337,"[27,58,227,255]"
Real/real_164_aug_1.jpg,REAL,1,ONE_FACE,0.8972,"[20,12,272,284]"
Real/real_164_aug_2.jpg,REAL,1,ONE_FACE,0.8257,"[-5,15,250,250]"
Real/real_164_aug_3.jpg,REAL,1,ONE_FACE,0.7291,"[75,17,224,228]"
Real/real_164_aug_4.jpg,REAL,1,ONE_FACE,0.8775,"[6,3,283,261]"
Real/real_165_aug_0.jpg,REAL,1,ONE_FACE,0.9344,"[12,1,246,293]"
Real/real_165_aug_1.jpg,REAL,1,ONE_FACE,0.9365,"[20,-2,267,282]"
Real/real_165_aug_2.jpg,REAL,1,ONE_FACE,0.9302,"[13,1,247,287]"
Real/real_165_aug_3.jpg,REAL,0,NO_FACE,,
Real/real_165_aug_4.jpg,REAL,1,ONE_FACE,0.7746,"[12,14,263,256]"
Real/real_166_aug_0.jpg,REAL,1,ONE_FACE,0.9086,"[-7,3,227,245]"
Real/real_166_aug_1.jpg,REAL,1,ONE_FACE,0.9089,"[57,64,258,295]"
Real/real_166_aug_2.jpg,REAL,1,ONE_FACE,0.9014,"[9,13,246,251]"
Real/real_166_aug_3.jpg,REAL,1,ONE_FACE,0.8897,"[3,54,243,278]"
Real/real_166_aug_4.jpg,REAL,1,ONE_FACE,0.9114,"[-4,7,244,243]"
Real/real_167_aug_0.jpg,REAL,1,ONE_FACE,0.9420,"[-9,21,249,273]"
Real/real_167_aug_1.jpg,REAL,1,ONE_FACE,0.9015,"[28,24,263,294]"
Real/real_167_aug_2.jpg,REAL,1,ONE_FACE,0.8658,"[13,43,253,280]"
Real/real_167_aug_3.jpg,REAL,1,ONE_FACE,0.8655,"[-3,23,268,273]"
Real/real_167_aug_4.jpg,REAL,1,ONE_FACE,0.9137,"[23,18,273,291]"
Real/real_168_aug_0.jpg,REAL,1,ONE_FACE,0.8720,"[72,-11,216,338]"
Real/real_168_aug_1.jpg,REAL,1,ONE_FACE,0.7078,"[23,11,275,317]"
Real/real_168_aug_2.jpg,REAL,1,ONE_FACE,0.8805,"[45,-2,244,313]"
Real/real_168_aug_3.jpg,REAL,1,ONE_FACE,0.8529,"[-16,-3,274,320]"
Real/real_168_aug_4.jpg,REAL,1,ONE_FACE,0.8059,"[-10,18,282,292]"
Real/real_169_aug_0.jpg,REAL,0,NO_FACE,,
Real/real_169_aug_1.jpg,REAL,1,ONE_FACE,0.9157,"[35,9,192,287]"
Real/real_169_aug_2.jpg,REAL,1,ONE_FACE,0.9244,"[61,-2,189,241]"
Real/real_169_aug_3.jpg,REAL,1,ONE_FACE,0.9155,"[66,18,182,272]"
Real/real_169_aug_4.jpg,REAL,0,NO_FACE,,
Real/real_16_aug_0.jpg,REAL,1,ONE_FACE,0.8774,"[5,10,274,275]"
Real/real_16_aug_1.jpg,REAL,1,ONE_FACE,0.9566,"[78,2,223,273]"
Real/real_16_aug_2.jpg,REAL,1,ONE_FACE,0.9213,"[43,11,234,260]"
Real/real_16_aug_3.jpg,REAL,1,ONE_FACE,0.9411,"[3,3,238,249]"
Real/real_16_aug_4.jpg,REAL,1,ONE_FACE,0.9485,"[32,11,251,282]"
Real/real_170_aug_0.jpg,REAL,1,ONE_FACE,0.8811,"[14,-4,250,232]"
Real/real_170_aug_1.jpg,REAL,1,ONE_FACE,0.8991,"[3,17,255,270]"
Real/real_170_aug_2.jpg,REAL,1,ONE_FACE,0.9392,"[17,11,251,303]"
Real/real_170_aug_3.jpg,REAL,1,ONE_FACE,0.9348,"[6,8,256,299]"
Real/real_170_aug_4.jpg,REAL,1,ONE_FACE,0.8263,"[30,10,250,243]"
Real/real_171_aug_0.jpg,REAL,1,ONE_FACE,0.7195,"[-15,3,269,304]"
Real/real_171_aug_1.jpg,REAL,1,ONE_FACE,0.9000,"[21,9,258,277]"
Real/real_171_aug_2.jpg,REAL,1,ONE_FACE,0.9430,"[12,-1,232,287]"
Real/real_171_aug_3.jpg,REAL,1,ONE_FACE,0.9030,"[17,6,242,265]"
Real/real_171_aug_4.jpg,REAL,1,ONE_FACE,0.9378,"[63,29,233,294]"
Real/real_172_aug_0.jpg,REAL,1,ONE_FACE,0.9628,"[-5,0,214,249]"
Real/real_172_aug_1.jpg,REAL,1,ONE_FACE,0.9532,"[79,9,214,305]"
Real/real_172_aug_2.jpg,REAL,1,ONE_FACE,0.8966,"[28,7,192,220]"
Real/real_172_aug_3.jpg,REAL,1,ONE_FACE,0.9553,"[29,1,223,281]"
Real/real_172_aug_4.jpg,REAL,1,ONE_FACE,0.8913,"[0,25,218,230]"
Real/real_173_aug_0.jpg,REAL,1,ONE_FACE,0.8692,"[6,10,239,229]"
Real/real_173_aug_1.jpg,REAL,1,ONE_FACE,0.9394,"[32,-2,208,271]"
Real/real_173_aug_2.jpg,REAL,1,ONE_FACE,0.9419,"[27,1,229,336]"
Real/real_173_aug_3.jpg,REAL,1,ONE_FACE,0.8758,"[37,59,259,269]"
Real/real_173_aug_4.jpg,REAL,1,ONE_FACE,0.9021,"[0,-8,200,305]"
Real/real_174_aug_0.jpg,REAL,1,ONE_FACE,0.9041,"[15,5,259,243]"
Real/real_174_aug_1.jpg,REAL,1,ONE_FACE,0.9340,"[-8,4,193,255]"
Real/real_174_aug_2.jpg,REAL,1,ONE_FACE,0.8277,"[55,10,212,235]"
Real/real_174_aug_3.jpg,REAL,1,ONE_FACE,0.8728,"[22,8,230,278]"
Real/real_174_aug_4.jpg,REAL,1,ONE_FACE,0.9453,"[-1,5,207,240]"
Real/real_175_aug_0.jpg,REAL,1,ONE_FACE,0.8334,"[42,2,219,240]"
Real/real_175_aug_1.jpg,REAL,1,ONE_FACE,0.8576,"[30,19,232,255]"
Real/real_175_aug_2.jpg,REAL,1,ONE_FACE,0.9257,"[23,15,207,254]"
Real/real_175_aug_3.jpg,REAL,1,ONE_FACE,0.8213,"[33,7,240,267]"
Real/real_175_aug_4.jpg,REAL,1,ONE_FACE,0.8568,"[27,51,219,230]"
Real/real_176_aug_0.jpg,REAL,1,ONE_FACE,0.8903,"[18,28,279,281]"
Real/real_176_aug_1.jpg,REAL,1,ONE_FACE,0.8965,"[-10,-32,302,345]"
Real/real_176_aug_2.jpg,REAL,1,ONE_FACE,0.8871,"[-11,4,280,302]"
Real/real_176_aug_3.jpg,REAL,1,ONE_FACE,0.8888,"[-6,-24,303,339]"
Real/real_176_aug_4.jpg,REAL,1,ONE_FACE,0.8646,"[15,19,267,279]"
Real/real_177_aug_0.jpg,REAL,1,ONE_FACE,0.9012,"[29,-1,249,312]"
Real/real_177_aug_1.jpg,REAL,0,NO_FACE,,
Real/real_177_aug_2.jpg,REAL,0,NO_FACE,,
Real/real_177_aug_3.jpg,REAL,0,NO_FACE,,
Real/real_177_aug_4.jpg,REAL,0,NO_FACE,,
Real/real_178_aug_0.jpg,REAL,1,ONE_FACE,0.9383,"[96,8,217,299]"
Real/real_178_aug_1.jpg,REAL,1,ONE_FACE,0.8833,"[51,17,192,211]"
Real/real_178_aug_2.jpg,REAL,1,ONE_FACE,0.9110,"[0,61,174,233]"
Real/real_178_aug_3.jpg,REAL,1,ONE_FACE,0.9142,"[61,4,218,287]"
Real/real_178_aug_4.jpg,REAL,1,ONE_FACE,0.9298,"[38,2,212,269]"
Real/real_179_aug_0.jpg,REAL,1,ONE_FACE,0.9388,"[30,9,252,288]"
Real/real_179_aug_1.jpg,REAL,1,ONE_FACE,0.7871,"[2,53,255,234]"
Real/real_179_aug_2.jpg,REAL,1,ONE_FACE,0.9430,"[53,11,205,248]"
Real/real_179_aug_3.jpg,REAL,1,ONE_FACE,0.8534,"[10,4,281,325]"
Real/real_179_aug_4.jpg,REAL,1,ONE_FACE,0.9527,"[33,6,240,291]"
Real/real_17_aug_0.jpg,REAL,1,ONE_FACE,0.9335,"[5,-3,273,294]"
Real/real_17_aug_1.jpg,REAL,1,ONE_FACE,0.7084,"[15,5,261,281]"
Real/real_17_aug_2.jpg,REAL,1,ONE_FACE,0.7094,"[16,46,326,339]"
Real/real_17_aug_3.jpg,REAL,1,ONE_FACE,0.9311,"[31,6,241,289]"
Real/real_17_aug_4.jpg,REAL,1,ONE_FACE,0.6813,"[31,0,273,338]"
Real/real_180_aug_0.jpg,REAL,1,ONE_FACE,0.8919,"[10,3,229,279]"
Real/real_180_aug_1.jpg,REAL,1,ONE_FACE,0.9429,"[12,4,220,262]"
Real/real_180_aug_2.jpg,REAL,1,ONE_FACE,0.8777,"[14,10,226,250]"
Real/real_180_aug_3.jpg,REAL,1,ONE_FACE,0.9036,"[6,22,196,234]"
Real/real_180_aug_4.jpg,REAL,1,ONE_FACE,0.9309,"[13,1,208,239]"
Real/real_181_aug_0.jpg,REAL,1,ONE_FACE,0.8961,"[1,10,251,278]"
Real/real_181_aug_1.jpg,REAL,1,ONE_FACE,0.9158,"[9,0,226,253]"
Real/real_181_aug_2.jpg,REAL,1,ONE_FACE,0.8874,"[-6,10,240,272]"
Real/real_181_aug_3.jpg,REAL,1,ONE_FACE,0.9075,"[44,12,249,286]"
Real/real_181_aug_4.jpg,REAL,1,ONE_FACE,0.9247,"[49,7,186,255]"
Real/real_182_aug_0.jpg,REAL,1,ONE_FACE,0.8516,"[36,52,262,249]"
Real/real_182_aug_1.jpg,REAL,1,ONE_FACE,0.8377,"[2,17,243,236]"
Real/real_182_aug_2.jpg,REAL,1,ONE_FACE,0.8526,"[32,12,255,284]"
Real/real_182_aug_3.jpg,REAL,1,ONE_FACE,0.8694,"[27,11,204,220]"
Real/real_182_aug_4.jpg,REAL,1,ONE_FACE,0.9323,"[10,13,251,273]"
Real/real_183_aug_0.jpg,REAL,1,ONE_FACE,0.9307,"[34,10,275,336]"
Real/real_183_aug_1.jpg,REAL,1,ONE_FACE,0.8965,"[18,0,243,288]"
Real/real_183_aug_2.jpg,REAL,1,ONE_FACE,0.8269,"[-8,15,232,245]"
Real/real_183_aug_3.jpg,REAL,1,ONE_FACE,0.9405,"[2,0,276,287]"
Real/real_183_aug_4.jpg,REAL,1,ONE_FACE,0.8142,"[-7,14,320,334]"
Real/real_184_aug_0.jpg,REAL,1,ONE_FACE,0.8447,"[-3,33,268,305]"
Real/real_184_aug_1.jpg,REAL,1,ONE_FACE,0.9495,"[3,16,230,282]"
Real/real_184_aug_2.jpg,REAL,1,ONE_FACE,0.9555,"[18,-2,241,298]"
Real/real_184_aug_3.jpg,REAL,1,ONE_FACE,0.9533,"[64,0,246,322]"
Real/real_184_aug_4.jpg,REAL,1,ONE_FACE,0.9072,"[-7,0,227,285]"
Real/real_185_aug_0.jpg,REAL,0,NO_FACE,,
Real/real_185_aug_1.jpg,REAL,0,NO_FACE,,
Real/real_185_aug_2.jpg,REAL,0,NO_FACE,,
Real/real_185_aug_3.jpg,REAL,0,NO_FACE,,
Real/real_185_aug_4.jpg,REAL,0,NO_FACE,,
Real/real_186_aug_0.jpg,REAL,1,ONE_FACE,0.9440,"[10,-3,243,257]"
Real/real_186_aug_1.jpg,REAL,1,ONE_FACE,0.9434,"[24,0,239,306]"
Real/real_186_aug_2.jpg,REAL,1,ONE_FACE,0.9445,"[34,0,248,307]"
Real/real_186_aug_3.jpg,REAL,1,ONE_FACE,0.8256,"[21,14,300,314]"
Real/real_186_aug_4.jpg,REAL,1,ONE_FACE,0.9361,"[35,9,249,329]"
Real/real_187_aug_0.jpg,REAL,1,ONE_FACE,0.9174,"[19,-1,259,346]"
Real/real_187_aug_1.jpg,REAL,1,ONE_FACE,0.8656,"[0,-3,192,266]"
Real/real_187_aug_2.jpg,REAL,1,ONE_FACE,0.8877,"[12,20,241,276]"
Real/real_187_aug_3.jpg,REAL,1,ONE_FACE,0.6849,"[5,5,266,252]"
Real/real_187_aug_4.jpg,REAL,1,ONE_FACE,0.9136,"[17,25,284,321]"
Real/real_188_aug_0.jpg,REAL,1,ONE_FACE,0.9116,"[-6,-22,277,322]"
Real/real_188_aug_1.jpg,REAL,1,ONE_FACE,0.8329,"[1,8,287,263]"
Real/real_188_aug_2.jpg,REAL,1,ONE_FACE,0.8431,"[23,18,246,289]"
Real/real_188_aug_3.jpg,REAL,1,ONE_FACE,0.8886,"[12,-1,273,259]"
Real/real_188_aug_4.jpg,REAL,1,ONE_FACE,0.9233,"[-17,-1,248,241]"
Real/real_189_aug_0.jpg,REAL,1,ONE_FACE,0.9156,"[7,10,248,280]"
Real/real_189_aug_1.jpg,REAL,1,ONE_FACE,0.7081,"[19,41,238,195]"
Real/real_189_aug_2.jpg,REAL,1,ONE_FACE,0.9157,"[45,22,238,298]"
Real/real_189_aug_3.jpg,REAL,1,ONE_FACE,0.9244,"[26,17,248,292]"
Real/real_189_aug_4.jpg,REAL,1,ONE_FACE,0.8593,"[42,31,262,242]"
Real/real_18_aug_0.jpg,REAL,1,ONE_FACE,0.8739,"[15,-3,241,229]"
Real/real_18_aug_1.jpg,REAL,1,ONE_FACE,0.9428,"[2,-3,247,261]"
Real/real_18_aug_2.jpg,REAL,1,ONE_FACE,0.8708,"[53,5,257,227]"
Real/real_18_aug_3.jpg,REAL,1,ONE_FACE,0.8935,"[-10,-1,273,259]"
Real/real_18_aug_4.jpg,REAL,1,ONE_FACE,0.9384,"[0,10,266,276]"
Real/real_190_aug_0.jpg,REAL,1,ONE_FACE,0.9091,"[26,8,274,292]"
Real/real_190_aug_1.jpg,REAL,1,ONE_FACE,0.9047,"[83,16,177,255]"
Real/real_190_aug_2.jpg,REAL,1,ONE_FACE,0.8408,"[-8,2,199,253]"
Real/real_190_aug_3.jpg,REAL,1,ONE_FACE,0.7958,"[-23,-11,205,336]"
Real/real_190_aug_4.jpg,REAL,0,NO_FACE,,
Real/real_191_aug_0.jpg,REAL,1,ONE_FACE,0.7816,"[17,5,255,275]"
Real/real_191_aug_1.jpg,REAL,1,ONE_FACE,0.8468,"[47,-6,255,310]"
Real/real_191_aug_2.jpg,REAL,1,ONE_FACE,0.6847,"[3,5,235,282]"
Real/real_191_aug_3.jpg,REAL,1,ONE_FACE,0.9158,"[27,6,210,245]"
Real/real_191_aug_4.jpg,REAL,1,ONE_FACE,0.9439,"[14,-4,221,257]"
Real/real_192_aug_0.jpg,REAL,1,ONE_FACE,0.9433,"[8,2,233,262]"
Real/real_192_aug_1.jpg,REAL,1,ONE_FACE,0.9433,"[22,17,240,286]"
Real/real_192_aug_2.jpg,REAL,1,ONE_FACE,0.9440,"[31,12,252,305]"
Real/real_192_aug_3.jpg,REAL,1,ONE_FACE,0.8239,"[63,7,234,251]"
Real/real_192_aug_4.jpg,REAL,1,ONE_FACE,0.9002,"[22,25,277,292]"
Real/real_193_aug_0.jpg,REAL,1,ONE_FACE,0.7942,"[73,83,128,141]"
Real/real_193_aug_1.jpg,REAL,1,ONE_FACE,0.8865,"[98,181,96,130]"
Real/real_193_aug_2.jpg,REAL,1,ONE_FACE,0.6346,"[44,19,143,168]"
Real/real_193_aug_3.jpg,REAL,1,ONE_FACE,0.8971,"[89,112,105,130]"
Real/real_193_aug_4.jpg,REAL,1,ONE_FACE,0.9002,"[68,93,98,124]"
Real/real_194_aug_0.jpg,REAL,1,ONE_FACE,0.8960,"[109,3,197,272]"
Real/real_194_aug_1.jpg,REAL,1,ONE_FACE,0.9285,"[79,0,199,285]"
Real/real_194_aug_2.jpg,REAL,1,ONE_FACE,0.8530,"[5,16,177,258]"
Real/real_194_aug_3.jpg,REAL,1,ONE_FACE,0.9082,"[17,29,210,261]"
Real/real_194_aug_4.jpg,REAL,1,ONE_FACE,0.8460,"[107,75,172,220]"
Real/real_195_aug_0.jpg,REAL,1,ONE_FACE,0.9344,"[39,4,257,315]"
Real/real_195_aug_1.jpg,REAL,1,ONE_FACE,0.9459,"[39,2,236,295]"
Real/real_195_aug_2.jpg,REAL,1,ONE_FACE,0.8824,"[20,-13,250,299]"
Real/real_195_aug_3.jpg,REAL,1,ONE_FACE,0.9478,"[9,1,229,289]"
Real/real_195_aug_4.jpg,REAL,1,ONE_FACE,0.8556,"[-5,6,242,249]"
Real/real_196_aug_0.jpg,REAL,0,NO_FACE,,
Real/real_196_aug_1.jpg,REAL,0,NO_FACE,,
Real/real_196_aug_2.jpg,REAL,1,ONE_FACE,0.9188,"[58,8,246,292]"
Real/real_196_aug_3.jpg,REAL,1,ONE_FACE,0.9292,"[31,3,248,273]"
Real/real_196_aug_4.jpg,REAL,1,ONE_FACE,0.6486,"[16,22,194,261]"
Real/real_197_aug_0.jpg,REAL,1,ONE_FACE,0.9504,"[75,9,234,313]"
Real/real_197_aug_1.jpg,REAL,1,ONE_FACE,0.9042,"[33,17,261,275]"
Real/real_197_aug_2.jpg,REAL,1,ONE_FACE,0.9439,"[4,36,226,310]"
Real/real_197_aug_3.jpg,REAL,1,ONE_FACE,0.9120,"[50,15,241,258]"
Real/real_197_aug_4.jpg,REAL,1,ONE_FACE,0.9355,"[7,6,257,257]"
Real/real_198_aug_0.jpg,REAL,1,ONE_FACE,0.8475,"[-9,56,216,261]"
Real/real_198_aug_1.jpg,REAL,1,ONE_FACE,0.8379,"[103,14,173,246]"
Real/real_198_aug_2.jpg,REAL,1,ONE_FACE,0.8077,"[57,47,232,275]"
Real/real_198_aug_3.jpg,REAL,1,ONE_FACE,0.9143,"[7,-2,188,194]"
Real/real_198_aug_4.jpg,REAL,1,ONE_FACE,0.9391,"[-1,0,200,283]"
Real/real_199_aug_0.jpg,REAL,1,ONE_FACE,0.9265,"[18,0,269,333]"
Real/real_199_aug_1.jpg,REAL,1,ONE_FACE,0.8520,"[12,-3,295,323]"
Real/real_199_aug_2.jpg,REAL,1,ONE_FACE,0.7296,"[9,20,284,309]"
Real/real_199_aug_3.jpg,REAL,1,ONE_FACE,0.7865,"[8,36,303,325]"
Real/real_199_aug_4.jpg,REAL,1,ONE_FACE,0.6279,"[-9,10,262,250]"
Real/real_19_aug_0.jpg,REAL,1,ONE_FACE,0.8945,"[-12,1,277,315]"
Real/real_19_aug_1.jpg,REAL,1,ONE_FACE,0.8237,"[-3,8,237,294]"
Real/real_19_aug_2.jpg,REAL,1,ONE_FACE,0.9104,"[26,28,249,302]"
Real/real_19_aug_3.jpg,REAL,1,ONE_FACE,0.8896,"[48,6,248,301]"
Real/real_19_aug_4.jpg,REAL,1,ONE_FACE,0.9304,"[5,2,230,327]"
Real/real_1_aug_0.jpg,REAL,1,ONE_FACE,0.9295,"[12,5,242,283]"
Real/real_1_aug_1.jpg,REAL,1,ONE_FACE,0.7450,"[78,8,205,243]"
Real/real_1_aug_2.jpg,REAL,1,ONE_FACE,0.9362,"[-2,35,213,289]"
Real/real_1_aug_3.jpg,REAL,1,ONE_FACE,0.7917,"[25,3,198,207]"
Real/real_1_aug_4.jpg,REAL,1,ONE_FACE,0.7996,"[31,3,202,240]"
Real/real_200_aug_0.jpg,REAL,1,ONE_FACE,0.8016,"[-13,-4,326,275]"
Real/real_200_aug_1.jpg,REAL,1,ONE_FACE,0.6454,"[29,28,271,277]"
Real/real_200_aug_2.jpg,REAL,1,ONE_FACE,0.9206,"[6,6,275,324]"
Real/real_200_aug_3.jpg,REAL,1,ONE_FACE,0.9350,"[13,-1,258,293]"
Real/real_200_aug_4.jpg,REAL,0,NO_FACE,,
Real/real_201_aug_0.jpg,REAL,1,ONE_FACE,0.9322,"[107,-7,205,339]"
Real/real_201_aug_1.jpg,REAL,1,ONE_FACE,0.8946,"[61,14,223,286]"
Real/real_201_aug_2.jpg,REAL,1,ONE_FACE,0.8537,"[-9,0,222,291]"
Real/real_201_aug_3.jpg,REAL,1,ONE_FACE,0.9275,"[0,0,193,302]"
Real/real_201_aug_4.jpg,REAL,1,ONE_FACE,0.8863,"[60,17,229,273]"
Real/real_202_aug_0.jpg,REAL,1,ONE_FACE,0.9120,"[-15,17,254,238]"
Real/real_202_aug_1.jpg,REAL,1,ONE_FACE,0.8775,"[20,10,260,271]"
Real/real_202_aug_2.jpg,REAL,1,ONE_FACE,0.8428,"[-18,-14,252,339]"
Real/real_202_aug_3.jpg,REAL,1,ONE_FACE,0.9370,"[67,4,251,338]"
Real/real_202_aug_4.jpg,REAL,1,ONE_FACE,0.9328,"[59,6,206,246]"
Real/real_203_aug_0.jpg,REAL,1,ONE_FACE,0.7958,"[16,42,275,296]"
Real/real_203_aug_1.jpg,REAL,1,ONE_FACE,0.8826,"[-15,2,264,281]"
Real/real_203_aug_2.jpg,REAL,1,ONE_FACE,0.9395,"[74,8,230,294]"
Real/real_203_aug_3.jpg,REAL,1,ONE_FACE,0.8598,"[-23,-3,242,295]"
Real/real_203_aug_4.jpg,REAL,1,ONE_FACE,0.7390,"[-7,30,224,247]"
Real/real_204_aug_0.jpg,REAL,1,ONE_FACE,0.8215,"[15,15,286,270]"
Real/real_204_aug_1.jpg,REAL,1,ONE_FACE,0.9402,"[12,1,238,251]"
Real/real_204_aug_2.jpg,REAL,1,ONE_FACE,0.9193,"[-7,8,245,288]"
Real/real_204_aug_3.jpg,REAL,1,ONE_FACE,0.9422,"[12,-1,251,288]"
Real/real_204_aug_4.jpg,REAL,1,ONE_FACE,0.8424,"[12,-4,269,298]"
Real/real_205_aug_0.jpg,REAL,1,ONE_FACE,0.9320,"[35,7,281,320]"
Real/real_205_aug_1.jpg,REAL,1,ONE_FACE,0.9402,"[1,4,280,298]"
Real/real_205_aug_2.jpg,REAL,1,ONE_FACE,0.9297,"[21,9,282,284]"
Real/real_205_aug_3.jpg,REAL,1,ONE_FACE,0.8993,"[-12,0,273,247]"
Real/real_205_aug_4.jpg,REAL,1,ONE_FACE,0.9361,"[15,8,301,352]"
Real/real_206_aug_0.jpg,REAL,1,ONE_FACE,0.9065,"[3,8,231,266]"
Real/real_206_aug_1.jpg,REAL,1,ONE_FACE,0.9102,"[0,7,257,272]"
Real/real_206_aug_2.jpg,REAL,1,ONE_FACE,0.8755,"[0,2,243,211]"
Real/real_206_aug_3.jpg,REAL,1,ONE_FACE,0.9228,"[-5,7,194,296]"
Real/real_206_aug_4.jpg,REAL,1,ONE_FACE,0.9369,"[60,8,232,265]"
Real/real_207_aug_0.jpg,REAL,1,ONE_FACE,0.8136,"[15,15,269,302]"
Real/real_207_aug_1.jpg,REAL,1,ONE_FACE,0.9297,"[0,5,252,319]"
Real/real_207_aug_2.jpg,REAL,1,ONE_FACE,0.8083,"[18,1,258,337]"
Real/real_207_aug_3.jpg,REAL,1,ONE_FACE,0.6401,"[35,11,271,282]"
Real/real_207_aug_4.jpg,REAL,1,ONE_FACE,0.7799,"[4,22,237,263]"
Real/real_208_aug_0.jpg,REAL,1,ONE_FACE,0.9696,"[8,0,219,262]"
Real/real_208_aug_1.jpg,REAL,1,ONE_FACE,0.8922,"[67,35,235,259]"
Real/real_208_aug_2.jpg,REAL,1,ONE_FACE,0.9489,"[30,13,234,271]"
Real/real_208_aug_3.jpg,REAL,1,ONE_FACE,0.9685,"[7,-2,218,292]"
Real/real_208_aug_4.jpg,REAL,1,ONE_FACE,0.9621,"[41,12,217,297]"
Real/real_209_aug_0.jpg,REAL,1,ONE_FACE,0.9368,"[50,6,235,304]"
Real/real_209_aug_1.jpg,REAL,1,ONE_FACE,0.9227,"[-9,-24,218,352]"
Real/real_209_aug_2.jpg,REAL,0,NO_FACE,,
Real/real_209_aug_3.jpg,REAL,1,ONE_FACE,0.8782,"[64,7,297,327]"
Real/real_209_aug_4.jpg,REAL,1,ONE_FACE,0.9245,"[84,12,244,324]"
Real/real_20_aug_0.jpg,REAL,1,ONE_FACE,0.8851,"[74,9,241,272]"
Real/real_20_aug_1.jpg,REAL,1,ONE_FACE,0.8996,"[39,4,230,251]"
Real/real_20_aug_2.jpg,REAL,1,ONE_FACE,0.6762,"[43,52,223,218]"
Real/real_20_aug_3.jpg,REAL,1,ONE_FACE,0.8196,"[84,41,193,249]"
Real/real_20_aug_4.jpg,REAL,0,NO_FACE,,
Real/real_210_aug_0.jpg,REAL,1,ONE_FACE,0.9098,"[36,32,188,250]"
Real/real_210_aug_1.jpg,REAL,1,ONE_FACE,0.9077,"[8,26,213,266]"
Real/real_210_aug_2.jpg,REAL,1,ONE_FACE,0.8255,"[53,97,237,241]"
Real/real_210_aug_3.jpg,REAL,1,ONE_FACE,0.6142,"[36,4,171,283]"
Real/real_210_aug_4.jpg,REAL,1,ONE_FACE,0.8074,"[50,20,190,256]"
Real/real_211_aug_0.jpg,REAL,1,ONE_FACE,0.9293,"[68,3,240,268]"
Real/real_211_aug_1.jpg,REAL,0,NO_FACE,,
Real/real_211_aug_2.jpg,REAL,1,ONE_FACE,0.7569,"[8,-3,228,266]"
Real/real_211_aug_3.jpg,REAL,1,ONE_FACE,0.6884,"[30,0,182,214]"
Real/real_211_aug_4.jpg,REAL,1,ONE_FACE,0.9174,"[3,0,250,285]"
Real/real_212_aug_0.jpg,REAL,1,ONE_FACE,0.8934,"[2,16,215,256]"
Real/real_212_aug_1.jpg,REAL,1,ONE_FACE,0.9524,"[24,3,211,260]"
Real/real_212_aug_2.jpg,REAL,1,ONE_FACE,0.9029,"[1,18,190,256]"
Real/real_212_aug_3.jpg,REAL,1,ONE_FACE,0.9327,"[29,36,224,247]"
Real/real_212_aug_4.jpg,REAL,1,ONE_FACE,0.9417,"[37,29,226,272]"
Real/real_213_aug_0.jpg,REAL,1,ONE_FACE,0.9551,"[26,3,227,264]"
Real/real_213_aug_1.jpg,REAL,1,ONE_FACE,0.8676,"[-7,6,257,278]"
Real/real_213_aug_2.jpg,REAL,1,ONE_FACE,0.9350,"[43,12,251,290]"
Real/real_213_aug_3.jpg,REAL,1,ONE_FACE,0.8267,"[3,14,251,269]"
Real/real_213_aug_4.jpg,REAL,1,ONE_FACE,0.8778,"[24,0,275,301]"
Real/real_214_aug_0.jpg,REAL,1,ONE_FACE,0.7000,"[7,0,157,162]"
Real/real_214_aug_1.jpg,REAL,1,ONE_FACE,0.9331,"[6,4,245,297]"
Real/real_214_aug_2.jpg,REAL,1,ONE_FACE,0.6833,"[111,45,203,246]"
Real/real_214_aug_3.jpg,REAL,1,ONE_FACE,0.9249,"[27,3,250,293]"
Real/real_214_aug_4.jpg,REAL,0,NO_FACE,,
Real/real_215_aug_0.jpg,REAL,1,ONE_FACE,0.9392,"[15,5,253,288]"
Real/real_215_aug_1.jpg,REAL,1,ONE_FACE,0.8957,"[23,8,259,307]"
Real/real_215_aug_2.jpg,REAL,1,ONE_FACE,0.9430,"[30,-2,253,324]"
Real/real_215_aug_3.jpg,REAL,1,ONE_FACE,0.9417,"[16,-10,252,334]"
Real/real_215_aug_4.jpg,REAL,1,ONE_FACE,0.9410,"[32,-1,256,333]"
Real/real_216_aug_0.jpg,REAL,1,ONE_FACE,0.8245,"[21,11,263,250]"
Real/real_216_aug_1.jpg,REAL,1,ONE_FACE,0.8373,"[26,7,248,297]"
Real/real_216_aug_2.jpg,REAL,1,ONE_FACE,0.8235,"[12,-4,270,288]"
Real/real_216_aug_3.jpg,REAL,1,ONE_FACE,0.8235,"[12,-4,270,288]"
Real/real_216_aug_4.jpg,REAL,1,ONE_FACE,0.8168,"[88,21,219,263]"
Real/real_217_aug_0.jpg,REAL,1,ONE_FACE,0.7017,"[11,45,152,178]"
Real/real_217_aug_1.jpg,REAL,1,ONE_FACE,0.7690,"[46,93,195,170]"
Real/real_217_aug_2.jpg,REAL,1,ONE_FACE,0.7840,"[62,28,206,246]"
Real/real_217_aug_3.jpg,REAL,0,NO_FACE,,
Real/real_217_aug_4.jpg,REAL,1,ONE_FACE,0.8062,"[11,96,175,233]"
Real/real_218_aug_0.jpg,REAL,1,ONE_FACE,0.9260,"[20,3,220,262]"
Real/real_218_aug_1.jpg,REAL,1,ONE_FACE,0.8383,"[95,15,208,269]"
Real/real_218_aug_2.jpg,REAL,1,ONE_FACE,0.8987,"[90,5,199,247]"
Real/real_218_aug_3.jpg,REAL,1,ONE_FACE,0.9238,"[66,5,210,260]"
Real/real_218_aug_4.jpg,REAL,1,ONE_FACE,0.9001,"[0,0,208,226]"
Real/real_219_aug_0.jpg,REAL,1,ONE_FACE,0.8634,"[-4,2,246,275]"
Real/real_219_aug_1.jpg,REAL,1,ONE_FACE,0.9528,"[-6,0,229,317]"
Real/real_219_aug_2.jpg,REAL,1,ONE_FACE,0.9406,"[35,-3,242,323]"
Real/real_219_aug_3.jpg,REAL,1,ONE_FACE,0.9457,"[63,15,238,301]"
Real/real_219_aug_4.jpg,REAL,1,ONE_FACE,0.8344,"[-1,4,253,251]"
Real/real_21_aug_0.jpg,REAL,1,ONE_FACE,0.8866,"[6,0,223,252]"
Real/real_21_aug_1.jpg,REAL,1,ONE_FACE,0.7124,"[67,63,222,244]"
Real/real_21_aug_2.jpg,REAL,1,ONE_FACE,0.8595,"[16,7,266,284]"
Real/real_21_aug_3.jpg,REAL,1,ONE_FACE,0.8954,"[110,4,227,279]"
Real/real_21_aug_4.jpg,REAL,1,ONE_FACE,0.8261,"[-13,-9,252,262]"
Real/real_220_aug_0.jpg,REAL,1,ONE_FACE,0.9427,"[6,1,228,268]"
Real/real_220_aug_1.jpg,REAL,1,ONE_FACE,0.8233,"[-6,31,201,217]"
Real/real_220_aug_2.jpg,REAL,1,ONE_FACE,0.7533,"[1,6,265,271]"
Real/real_220_aug_3.jpg,REAL,1,ONE_FACE,0.9380,"[20,6,264,264]"
Real/real_220_aug_4.jpg,REAL,1,ONE_FACE,0.8152,"[19,0,270,169]"
Real/real_221_aug_0.jpg,REAL,1,ONE_FACE,0.9056,"[0,-5,246,256]"
Real/real_221_aug_1.jpg,REAL,1,ONE_FACE,0.9543,"[15,-1,218,256]"
Real/real_221_aug_2.jpg,REAL,1,ONE_FACE,0.9433,"[17,39,214,279]"
Real/real_221_aug_3.jpg,REAL,1,ONE_FACE,0.8802,"[60,7,246,304]"
Real/real_221_aug_4.jpg,REAL,1,ONE_FACE,0.9513,"[42,10,223,237]"
Real/real_222_aug_0.jpg,REAL,1,ONE_FACE,0.9394,"[43,2,235,299]"
Real/real_222_aug_1.jpg,REAL,1,ONE_FACE,0.9427,"[61,17,226,313]"
Real/real_222_aug_2.jpg,REAL,1,ONE_FACE,0.9523,"[33,-3,228,289]"
Real/real_222_aug_3.jpg,REAL,1,ONE_FACE,0.9381,"[15,5,254,293]"
Real/real_222_aug_4.jpg,REAL,1,ONE_FACE,0.8865,"[34,70,231,243]"
Real/real_223_aug_0.jpg,REAL,1,ONE_FACE,0.7684,"[-14,-6,225,270]"
Real/real_223_aug_1.jpg,REAL,1,ONE_FACE,0.9333,"[8,22,245,298]"
Real/real_223_aug_2.jpg,REAL,1,ONE_FACE,0.9287,"[-4,3,231,229]"
Real/real_223_aug_3.jpg,REAL,1,ONE_FACE,0.8852,"[63,1,231,262]"
Real/real_223_aug_4.jpg,REAL,1,ONE_FACE,0.8704,"[23,9,244,260]"
Real/real_224_aug_0.jpg,REAL,1,ONE_FACE,0.8641,"[56,11,232,250]"
Real/real_224_aug_1.jpg,REAL,1,ONE_FACE,0.8401,"[30,13,264,255]"
Real/real_224_aug_2.jpg,REAL,1,ONE_FACE,0.9204,"[7,11,265,328]"
Real/real_224_aug_3.jpg,REAL,1,ONE_FACE,0.8240,"[37,0,282,335]"
Real/real_224_aug_4.jpg,REAL,1,ONE_FACE,0.9306,"[-1,-2,244,301]"
Real/real_225_aug_0.jpg,REAL,1,ONE_FACE,0.8962,"[20,5,232,234]"
Real/real_225_aug_1.jpg,REAL,1,ONE_FACE,0.9009,"[4,0,231,223]"
Real/real_225_aug_2.jpg,REAL,1,ONE_FACE,0.8595,"[56,11,232,248]"
Real/real_225_aug_3.jpg,REAL,1,ONE_FACE,0.9489,"[31,27,241,264]"
Real/real_225_aug_4.jpg,REAL,1,ONE_FACE,0.8443,"[42,20,231,252]"
Real/real_226_aug_0.jpg,REAL,1,ONE_FACE,0.9436,"[82,1,212,293]"
Real/real_226_aug_1.jpg,REAL,1,ONE_FACE,0.8379,"[41,13,250,297]"
Real/real_226_aug_2.jpg,REAL,1,ONE_FACE,0.7231,"[-3,13,228,292]"
Real/real_226_aug_3.jpg,REAL,1,ONE_FACE,0.9194,"[-6,-1,258,283]"
Real/real_226_aug_4.jpg,REAL,1,ONE_FACE,0.9149,"[0,13,192,272]"
Real/real_227_aug_0.jpg,REAL,1,ONE_FACE,0.8106,"[29,20,265,288]"
Real/real_227_aug_1.jpg,REAL,1,ONE_FACE,0.9330,"[4,22,222,303]"
Real/real_227_aug_2.jpg,REAL,1,ONE_FACE,0.8753,"[22,4,271,321]"
Real/real_227_aug_3.jpg,REAL,1,ONE_FACE,0.9333,"[8,12,223,261]"
Real/real_227_aug_4.jpg,REAL,1,ONE_FACE,0.9420,"[5,4,236,309]"
Real/real_228_aug_0.jpg,REAL,1,ONE_FACE,0.9570,"[25,-2,229,270]"
Real/real_228_aug_1.jpg,REAL,1,ONE_FACE,0.8813,"[4,0,218,231]"
Real/real_228_aug_2.jpg,REAL,1,ONE_FACE,0.8911,"[13,24,286,339]"
Real/real_228_aug_3.jpg,REAL,1,ONE_FACE,0.9382,"[9,38,261,297]"
Real/real_228_aug_4.jpg,REAL,1,ONE_FACE,0.8898,"[6,18,260,258]"
Real/real_229_aug_0.jpg,REAL,1,ONE_FACE,0.9333,"[43,0,221,259]"
Real/real_229_aug_1.jpg,REAL,1,ONE_FACE,0.9261,"[52,34,263,318]"
Real/real_229_aug_2.jpg,REAL,1,ONE_FACE,0.8670,"[21,-7,279,311]"
Real/real_229_aug_3.jpg,REAL,1,ONE_FACE,0.8852,"[-13,-9,258,315]"
Real/real_229_aug_4.jpg,REAL,1,ONE_FACE,0.9423,"[30,-4,257,301]"
Real/real_22_aug_0.jpg,REAL,1,ONE_FACE,0.8268,"[17,16,243,227]"
Real/real_22_aug_1.jpg,REAL,1,ONE_FACE,0.9487,"[15,10,265,289]"
Real/real_22_aug_2.jpg,REAL,1,ONE_FACE,0.9497,"[24,-5,275,285]"
Real/real_22_aug_3.jpg,REAL,1,ONE_FACE,0.8500,"[-12,5,292,279]"
Real/real_22_aug_4.jpg,REAL,1,ONE_FACE,0.8520,"[-8,7,290,276]"
Real/real_230_aug_0.jpg,REAL,1,ONE_FACE,0.9007,"[11,0,268,285]"
Real/real_230_aug_1.jpg,REAL,1,ONE_FACE,0.9051,"[4,0,248,267]"
Real/real_230_aug_2.jpg,REAL,1,ONE_FACE,0.9029,"[4,-1,280,300]"
Real/real_230_aug_3.jpg,REAL,1,ONE_FACE,0.7868,"[7,17,284,282]"
Real/real_230_aug_4.jpg,REAL,1,ONE_FACE,0.9405,"[20,3,233,253]"
Real/real_231_aug_0.jpg,REAL,1,ONE_FACE,0.9044,"[75,-4,210,278]"
Real/real_231_aug_1.jpg,REAL,1,ONE_FACE,0.8831,"[-7,-5,228,239]"
Real/real_231_aug_2.jpg,REAL,1,ONE_FACE,0.9026,"[-3,0,242,243]"
Real/real_231_aug_3.jpg,REAL,1,ONE_FACE,0.8918,"[0,-4,230,295]"
Real/real_231_aug_4.jpg,REAL,1,ONE_FACE,0.8675,"[4,1,250,234]"
Real/real_232_aug_0.jpg,REAL,1,ONE_FACE,0.8141,"[46,20,184,263]"
Real/real_232_aug_1.jpg,REAL,1,ONE_FACE,0.9400,"[55,14,194,294]"
Real/real_232_aug_2.jpg,REAL,1,ONE_FACE,0.7943,"[85,39,170,267]"
Real/real_232_aug_3.jpg,REAL,1,ONE_FACE,0.9366,"[68,35,195,290]"
Real/real_232_aug_4.jpg,REAL,1,ONE_FACE,0.9401,"[39,0,184,269]"
Real/real_233_aug_0.jpg,REAL,1,ONE_FACE,0.8995,"[30,10,248,353]"
Real/real_233_aug_1.jpg,REAL,0,NO_FACE,,
Real/real_233_aug_2.jpg,REAL,0,NO_FACE,,
Real/real_233_aug_3.jpg,REAL,0,NO_FACE,,
Real/real_233_aug_4.jpg,REAL,1,ONE_FACE,0.9079,"[28,48,230,321]"
Real/real_234_aug_0.jpg,REAL,1,ONE_FACE,0.8295,"[34,-14,281,340]"
Real/real_234_aug_1.jpg,REAL,1,ONE_FACE,0.9345,"[49,12,248,342]"
Real/real_234_aug_2.jpg,REAL,1,ONE_FACE,0.9447,"[-5,4,237,259]"
Real/real_234_aug_3.jpg,REAL,1,ONE_FACE,0.9348,"[8,-3,250,277]"
Real/real_234_aug_4.jpg,REAL,1,ONE_FACE,0.8415,"[-13,-6,248,272]"
Real/real_235_aug_0.jpg,REAL,1,ONE_FACE,0.6753,"[-8,5,200,234]"
Real/real_235_aug_1.jpg,REAL,1,ONE_FACE,0.9385,"[3,34,208,259]"
Real/real_235_aug_2.jpg,REAL,1,ONE_FACE,0.9404,"[11,12,204,289]"
Real/real_235_aug_3.jpg,REAL,1,ONE_FACE,0.9491,"[9,7,243,306]"
Real/real_235_aug_4.jpg,REAL,1,ONE_FACE,0.8329,"[-17,-3,294,274]"
Real/real_236_aug_0.jpg,REAL,1,ONE_FACE,0.8534,"[-3,-1,215,234]"
Real/real_236_aug_1.jpg,REAL,1,ONE_FACE,0.8107,"[42,10,229,272]"
Real/real_236_aug_2.jpg,REAL,1,ONE_FACE,0.8366,"[-17,-3,244,240]"
Real/real_236_aug_3.jpg,REAL,1,ONE_FACE,0.9170,"[4,41,218,278]"
Real/real_236_aug_4.jpg,REAL,1,ONE_FACE,0.8794,"[0,0,234,266]"
Real/real_237_aug_0.jpg,REAL,1,ONE_FACE,0.7149,"[42,31,200,193]"
Real/real_237_aug_1.jpg,REAL,1,ONE_FACE,0.8885,"[37,44,192,216]"
Real/real_237_aug_2.jpg,REAL,1,ONE_FACE,0.9060,"[25,10,227,268]"
Real/real_237_aug_3.jpg,REAL,1,ONE_FACE,0.6462,"[41,20,191,221]"
Real/real_237_aug_4.jpg,REAL,1,ONE_FACE,0.9177,"[24,18,227,294]"
Real/real_238_aug_0.jpg,REAL,1,ONE_FACE,0.9534,"[18,11,255,315]"
Real/real_238_aug_1.jpg,REAL,1,ONE_FACE,0.9507,"[0,3,241,257]"
Real/real_238_aug_2.jpg,REAL,1,ONE_FACE,0.9517,"[12,0,256,332]"
Real/real_238_aug_3.jpg,REAL,1,ONE_FACE,0.8868,"[12,20,282,296]"
Real/real_238_aug_4.jpg,REAL,1,ONE_FACE,0.9274,"[-5,11,271,277]"
Real/real_239_aug_0.jpg,REAL,1,ONE_FACE,0.8053,"[67,12,163,221]"
Real/real_239_aug_1.jpg,REAL,1,ONE_FACE,0.6907,"[83,6,169,274]"
Real/real_239_aug_2.jpg,REAL,0,NO_FACE,,
Real/real_239_aug_3.jpg,REAL,0,NO_FACE,,
Real/real_239_aug_4.jpg,REAL,0,NO_FACE,,
Real/real_23_aug_0.jpg,REAL,1,ONE_FACE,0.8760,"[70,19,220,269]"
Real/real_23_aug_1.jpg,REAL,1,ONE_FACE,0.9228,"[46,23,239,279]"
Real/real_23_aug_2.jpg,REAL,1,ONE_FACE,0.8709,"[65,85,230,231]"
Real/real_23_aug_3.jpg,REAL,1,ONE_FACE,0.9272,"[13,4,224,279]"
Real/real_23_aug_4.jpg,REAL,1,ONE_FACE,0.9496,"[80,2,216,305]"
Real/real_240_aug_0.jpg,REAL,1,ONE_FACE,0.7852,"[0,43,226,242]"
Real/real_240_aug_1.jpg,REAL,1,ONE_FACE,0.8431,"[33,2,262,218]"
Real/real_240_aug_2.jpg,REAL,1,ONE_FACE,0.9369,"[42,-3,227,295]"
Real/real_240_aug_3.jpg,REAL,1,ONE_FACE,0.9243,"[71,23,230,321]"
Real/real_240_aug_4.jpg,REAL,1,ONE_FACE,0.9149,"[30,-1,272,337]"
Real/real_241_aug_0.jpg,REAL,0,NO_FACE,,
Real/real_241_aug_1.jpg,REAL,1,ONE_FACE,0.6704,"[42,36,236,262]"
Real/real_241_aug_2.jpg,REAL,1,ONE_FACE,0.8648,"[-13,-5,247,239]"
Real/real_241_aug_3.jpg,REAL,1,ONE_FACE,0.9491,"[18,-3,256,273]"
Real/real_241_aug_4.jpg,REAL,1,ONE_FACE,0.8779,"[-2,12,253,270]"
Real/real_242_aug_0.jpg,REAL,1,ONE_FACE,0.8892,"[4,-5,180,286]"
Real/real_242_aug_1.jpg,REAL,1,ONE_FACE,0.9133,"[17,-2,222,345]"
Real/real_242_aug_2.jpg,REAL,1,ONE_FACE,0.9054,"[6,-4,211,275]"
Real/real_242_aug_3.jpg,REAL,1,ONE_FACE,0.8429,"[1,-2,231,269]"
Real/real_242_aug_4.jpg,REAL,1,ONE_FACE,0.9231,"[3,-1,204,356]"
Real/real_243_aug_0.jpg,REAL,1,ONE_FACE,0.8737,"[2,16,226,215]"
Real/real_243_aug_1.jpg,REAL,1,ONE_FACE,0.8337,"[52,14,272,282]"
Real/real_243_aug_2.jpg,REAL,1,ONE_FACE,0.8511,"[89,14,249,303]"
Real/real_243_aug_3.jpg,REAL,1,ONE_FACE,0.8430,"[72,17,232,273]"
Real/real_243_aug_4.jpg,REAL,1,ONE_FACE,0.9493,"[9,1,226,284]"
Real/real_244_aug_0.jpg,REAL,1,ONE_FACE,0.9474,"[24,3,225,269]"
Real/real_244_aug_1.jpg,REAL,1,ONE_FACE,0.8648,"[0,-2,258,284]"
Real/real_244_aug_2.jpg,REAL,1,ONE_FACE,0.8730,"[25,0,297,285]"
Real/real_244_aug_3.jpg,REAL,1,ONE_FACE,0.8334,"[37,-5,243,221]"
Real/real_244_aug_4.jpg,REAL,1,ONE_FACE,0.8776,"[4,-9,250,237]"
Real/real_245_aug_0.jpg,REAL,1,ONE_FACE,0.8905,"[-5,16,242,228]"
Real/real_245_aug_1.jpg,REAL,1,ONE_FACE,0.8883,"[20,-1,277,295]"
Real/real_245_aug_2.jpg,REAL,1,ONE_FACE,0.9024,"[-1,0,248,235]"
Real/real_245_aug_3.jpg,REAL,1,ONE_FACE,0.9494,"[37,6,222,287]"
Real/real_245_aug_4.jpg,REAL,1,ONE_FACE,0.8679,"[53,0,226,238]"
Real/real_246_aug_0.jpg,REAL,1,ONE_FACE,0.9309,"[12,4,252,242]"
Real/real_246_aug_1.jpg,REAL,1,ONE_FACE,0.8079,"[9,17,264,256]"
Real/real_246_aug_2.jpg,REAL,1,ONE_FACE,0.9295,"[1,6,233,312]"
Real/real_246_aug_3.jpg,REAL,1,ONE_FACE,0.9452,"[9,-1,238,288]"
Real/real_246_aug_4.jpg,REAL,1,ONE_FACE,0.7801,"[7,9,240,225]"
Real/real_247_aug_0.jpg,REAL,1,ONE_FACE,0.9343,"[11,6,235,262]"
Real/real_247_aug_1.jpg,REAL,1,ONE_FACE,0.6974,"[2,0,202,203]"
Real/real_247_aug_2.jpg,REAL,1,ONE_FACE,0.8949,"[35,38,258,285]"
Real/real_247_aug_3.jpg,REAL,1,ONE_FACE,0.8398,"[86,38,259,294]"
Real/real_247_aug_4.jpg,REAL,1,ONE_FACE,0.8319,"[35,13,263,279]"
Real/real_248_aug_0.jpg,REAL,1,ONE_FACE,0.9409,"[28,1,226,276]"
Real/real_248_aug_1.jpg,REAL,1,ONE_FACE,0.9437,"[2,1,225,275]"
Real/real_248_aug_2.jpg,REAL,1,ONE_FACE,0.9485,"[17,0,225,258]"
Real/real_248_aug_3.jpg,REAL,1,ONE_FACE,0.9382,"[47,21,218,273]"
Real/real_248_aug_4.jpg,REAL,1,ONE_FACE,0.6642,"[29,13,224,259]"
Real/real_249_aug_0.jpg,REAL,1,ONE_FACE,0.8403,"[4,-1,269,312]"
Real/real_249_aug_1.jpg,REAL,1,ONE_FACE,0.8239,"[0,13,294,327]"
Real/real_249_aug_2.jpg,REAL,1,ONE_FACE,0.9077,"[19,3,291,329]"
Real/real_249_aug_3.jpg,REAL,1,ONE_FACE,0.9204,"[30,3,263,287]"
Real/real_249_aug_4.jpg,REAL,1,ONE_FACE,0.9234,"[6,-14,229,300]"
Real/real_24_aug_0.jpg,REAL,1,ONE_FACE,0.9133,"[67,21,219,263]"
Real/real_24_aug_1.jpg,REAL,1,ONE_FACE,0.8761,"[-5,11,256,244]"
Real/real_24_aug_2.jpg,REAL,1,ONE_FACE,0.9208,"[-1,6,250,265]"
Real/real_24_aug_3.jpg,REAL,1,ONE_FACE,0.8634,"[22,26,247,281]"
Real/real_24_aug_4.jpg,REAL,1,ONE_FACE,0.9037,"[3,10,256,267]"
Real/real_250_aug_0.jpg,REAL,0,NO_FACE,,
Real/real_250_aug_1.jpg,REAL,1,ONE_FACE,0.8796,"[-4,25,193,261]"
Real/real_250_aug_2.jpg,REAL,1,ONE_FACE,0.8887,"[45,0,202,248]"
Real/real_250_aug_3.jpg,REAL,1,ONE_FACE,0.9223,"[72,1,228,299]"
Real/real_250_aug_4.jpg,REAL,1,ONE_FACE,0.9155,"[34,-11,225,330]"
Real/real_251_aug_0.jpg,REAL,1,ONE_FACE,0.8356,"[13,1,235,271]"
Real/real_251_aug_1.jpg,REAL,1,ONE_FACE,0.8726,"[17,-7,268,311]"
Real/real_251_aug_2.jpg,REAL,1,ONE_FACE,0.7584,"[48,12,235,293]"
Real/real_251_aug_3.jpg,REAL,1,ONE_FACE,0.7438,"[60,14,229,312]"
Real/real_251_aug_4.jpg,REAL,1,ONE_FACE,0.9337,"[35,5,233,306]"
Real/real_252_aug_0.jpg,REAL,1,ONE_FACE,0.8701,"[100,1,224,227]"
Real/real_252_aug_1.jpg,REAL,1,ONE_FACE,0.8920,"[0,26,240,252]"
Real/real_252_aug_2.jpg,REAL,1,ONE_FACE,0.8710,"[-5,6,236,304]"
Real/real_252_aug_3.jpg,REAL,1,ONE_FACE,0.7674,"[83,-4,212,242]"
Real/real_252_aug_4.jpg,REAL,1,ONE_FACE,0.8900,"[57,0,237,277]"
Real/real_253_aug_0.jpg,REAL,1,ONE_FACE,0.9576,"[8,1,234,265]"
Real/real_253_aug_1.jpg,REAL,1,ONE_FACE,0.9468,"[5,2,233,258]"
Real/real_253_aug_2.jpg,REAL,1,ONE_FACE,0.9537,"[33,3,225,312]"
Real/real_253_aug_3.jpg,REAL,1,ONE_FACE,0.9597,"[75,0,221,284]"
Real/real_253_aug_4.jpg,REAL,1,ONE_FACE,0.9539,"[-2,1,212,271]"
Real/real_254_aug_0.jpg,REAL,1,ONE_FACE,0.8811,"[24,11,232,240]"
Real/real_254_aug_1.jpg,REAL,1,ONE_FACE,0.9494,"[24,4,236,287]"
Real/real_254_aug_2.jpg,REAL,1,ONE_FACE,0.9501,"[88,0,219,272]"
Real/real_254_aug_3.jpg,REAL,1,ONE_FACE,0.8293,"[50,22,250,301]"
Real/real_254_aug_4.jpg,REAL,1,ONE_FACE,0.8984,"[22,10,237,238]"
Real/real_255_aug_0.jpg,REAL,1,ONE_FACE,0.8584,"[2,0,215,181]"
Real/real_255_aug_1.jpg,REAL,1,ONE_FACE,0.9419,"[6,-7,241,275]"
Real/real_255_aug_2.jpg,REAL,1,ONE_FACE,0.9188,"[33,10,276,292]"
Real/real_255_aug_3.jpg,REAL,1,ONE_FACE,0.9452,"[9,6,272,299]"
Real/real_255_aug_4.jpg,REAL,1,ONE_FACE,0.9436,"[8,7,266,287]"
Real/real_256_aug_0.jpg,REAL,1,ONE_FACE,0.9487,"[9,4,292,324]"
Real/real_256_aug_1.jpg,REAL,1,ONE_FACE,0.9340,"[16,4,300,252]"
Real/real_256_aug_2.jpg,REAL,1,ONE_FACE,0.8826,"[12,2,243,248]"
Real/real_256_aug_3.jpg,REAL,1,ONE_FACE,0.9458,"[0,0,277,321]"
Real/real_256_aug_4.jpg,REAL,1,ONE_FACE,0.8552,"[0,-9,256,288]"
Real/real_257_aug_0.jpg,REAL,0,NO_FACE,,
Real/real_257_aug_1.jpg,REAL,1,ONE_FACE,0.9481,"[37,0,234,310]"
Real/real_257_aug_2.jpg,REAL,1,ONE_FACE,0.6378,"[15,-13,271,330]"
Real/real_257_aug_3.jpg,REAL,1,ONE_FACE,0.9413,"[67,30,231,313]"
Real/real_257_aug_4.jpg,REAL,1,ONE_FACE,0.9419,"[24,15,246,312]"
Real/real_258_aug_0.jpg,REAL,1,ONE_FACE,0.8843,"[23,9,237,249]"
Real/real_258_aug_1.jpg,REAL,1,ONE_FACE,0.8742,"[12,11,246,235]"
Real/real_258_aug_2.jpg,REAL,1,ONE_FACE,0.9449,"[33,11,219,263]"
Real/real_258_aug_3.jpg,REAL,1,ONE_FACE,0.8666,"[11,13,242,253]"
Real/real_258_aug_4.jpg,REAL,1,ONE_FACE,0.9455,"[36,11,213,278]"
Real/real_259_aug_0.jpg,REAL,1,ONE_FACE,0.7596,"[39,7,283,323]"
Real/real_259_aug_1.jpg,REAL,1,ONE_FACE,0.9425,"[68,2,236,334]"
Real/real_259_aug_2.jpg,REAL,1,ONE_FACE,0.7212,"[-13,-26,263,353]"
Real/real_259_aug_3.jpg,REAL,1,ONE_FACE,0.9436,"[26,1,227,261]"
Real/real_259_aug_4.jpg,REAL,1,ONE_FACE,0.8574,"[78,-8,259,357]"
Real/real_25_aug_0.jpg,REAL,1,ONE_FACE,0.7994,"[46,20,241,242]"
Real/real_25_aug_1.jpg,REAL,1,ONE_FACE,0.9055,"[5,14,237,245]"
Real/real_25_aug_2.jpg,REAL,1,ONE_FACE,0.8655,"[1,53,175,229]"
Real/real_25_aug_3.jpg,REAL,1,ONE_FACE,0.9378,"[8,0,215,223]"
Real/real_25_aug_4.jpg,REAL,1,ONE_FACE,0.8530,"[22,6,237,222]"
Real/real_260_aug_0.jpg,REAL,1,ONE_FACE,0.6746,"[8,36,254,200]"
Real/real_260_aug_1.jpg,REAL,1,ONE_FACE,0.9422,"[30,4,247,341]"
Real/real_260_aug_2.jpg,REAL,1,ONE_FACE,0.7778,"[-16,11,259,270]"
Real/real_260_aug_3.jpg,REAL,1,ONE_FACE,0.6689,"[44,5,263,284]"
Real/real_260_aug_4.jpg,REAL,1,ONE_FACE,0.9424,"[11,3,237,333]"
Real/real_261_aug_0.jpg,REAL,1,ONE_FACE,0.9294,"[4,7,256,296]"
Real/real_261_aug_1.jpg,REAL,1,ONE_FACE,0.9359,"[-5,6,247,253]"
Real/real_261_aug_2.jpg,REAL,1,ONE_FACE,0.8711,"[-8,-8,286,304]"
Real/real_261_aug_3.jpg,REAL,1,ONE_FACE,0.8968,"[0,-4,249,241]"
Real/real_261_aug_4.jpg,REAL,1,ONE_FACE,0.8053,"[74,3,219,257]"
Real/real_262_aug_0.jpg,REAL,1,ONE_FACE,0.9329,"[37,9,235,261]"
Real/real_262_aug_1.jpg,REAL,1,ONE_FACE,0.9419,"[51,8,233,235]"
Real/real_262_aug_2.jpg,REAL,1,ONE_FACE,0.9173,"[5,8,233,279]"
Real/real_262_aug_3.jpg,REAL,1,ONE_FACE,0.8558,"[39,1,208,202]"
Real/real_262_aug_4.jpg,REAL,1,ONE_FACE,0.8963,"[88,53,222,274]"
Real/real_263_aug_0.jpg,REAL,0,NO_FACE,,
Real/real_263_aug_1.jpg,REAL,0,NO_FACE,,
Real/real_263_aug_2.jpg,REAL,1,ONE_FACE,0.6614,"[136,11,136,219]"
Real/real_263_aug_3.jpg,REAL,0,NO_FACE,,
Real/real_263_aug_4.jpg,REAL,1,ONE_FACE,0.8138,"[153,9,153,226]"
Real/real_264_aug_0.jpg,REAL,1,ONE_FACE,0.9463,"[-6,-2,249,258]"
Real/real_264_aug_1.jpg,REAL,1,ONE_FACE,0.9372,"[31,7,249,307]"
Real/real_264_aug_2.jpg,REAL,1,ONE_FACE,0.8944,"[1,-12,267,287]"
Real/real_264_aug_3.jpg,REAL,1,ONE_FACE,0.9044,"[-3,19,298,281]"
Real/real_264_aug_4.jpg,REAL,1,ONE_FACE,0.9313,"[27,25,231,230]"
Real/real_265_aug_0.jpg,REAL,1,ONE_FACE,0.9474,"[55,3,231,282]"
Real/real_265_aug_1.jpg,REAL,1,ONE_FACE,0.9405,"[32,0,251,287]"
Real/real_265_aug_2.jpg,REAL,1,ONE_FACE,0.6089,"[0,-1,248,311]"
Real/real_265_aug_3.jpg,REAL,1,ONE_FACE,0.9467,"[20,4,232,258]"
Real/real_265_aug_4.jpg,REAL,1,ONE_FACE,0.9487,"[32,2,218,273]"
Real/real_266_aug_0.jpg,REAL,1,ONE_FACE,0.9352,"[-1,6,238,291]"
Real/real_266_aug_1.jpg,REAL,1,ONE_FACE,0.9360,"[3,0,235,271]"
Real/real_266_aug_2.jpg,REAL,1,ONE_FACE,0.8831,"[25,7,249,287]"
Real/real_266_aug_3.jpg,REAL,1,ONE_FACE,0.8973,"[3,5,265,278]"
Real/real_266_aug_4.jpg,REAL,1,ONE_FACE,0.8794,"[-18,-8,246,322]"
Real/real_267_aug_0.jpg,REAL,1,ONE_FACE,0.9476,"[5,2,238,269]"
Real/real_267_aug_1.jpg,REAL,1,ONE_FACE,0.9568,"[30,5,232,287]"
Real/real_267_aug_2.jpg,REAL,1,ONE_FACE,0.7973,"[-7,-1,251,330]"
Real/real_267_aug_3.jpg,REAL,1,ONE_FACE,0.8440,"[-7,28,241,257]"
Real/real_267_aug_4.jpg,REAL,1,ONE_FACE,0.7460,"[25,32,277,305]"
Real/real_268_aug_0.jpg,REAL,1,ONE_FACE,0.7620,"[10,-3,182,159]"
Real/real_268_aug_1.jpg,REAL,1,ONE_FACE,0.9095,"[79,10,200,300]"
Real/real_268_aug_2.jpg,REAL,1,ONE_FACE,0.8457,"[45,-3,206,237]"
Real/real_268_aug_3.jpg,REAL,1,ONE_FACE,0.9197,"[6,2,199,247]"
Real/real_268_aug_4.jpg,REAL,1,ONE_FACE,0.9143,"[38,3,197,276]"
Real/real_269_aug_0.jpg,REAL,1,ONE_FACE,0.9515,"[35,18,247,283]"
Real/real_269_aug_1.jpg,REAL,1,ONE_FACE,0.9476,"[42,22,229,274]"
Real/real_269_aug_2.jpg,REAL,1,ONE_FACE,0.9223,"[9,3,239,237]"
Real/real_269_aug_3.jpg,REAL,1,ONE_FACE,0.9568,"[27,14,230,294]"
Real/real_269_aug_4.jpg,REAL,1,ONE_FACE,0.9579,"[49,5,209,229]"
Real/real_26_aug_0.jpg,REAL,1,ONE_FACE,0.9027,"[16,8,208,269]"
Real/real_26_aug_1.jpg,REAL,1,ONE_FACE,0.8729,"[18,2,240,262]"
Real/real_26_aug_2.jpg,REAL,1,ONE_FACE,0.9052,"[86,13,192,278]"
Real/real_26_aug_3.jpg,REAL,1,ONE_FACE,0.9393,"[14,-3,206,289]"
Real/real_26_aug_4.jpg,REAL,1,ONE_FACE,0.8930,"[46,0,208,245]"
Real/real_270_aug_0.jpg,REAL,1,ONE_FACE,0.9196,"[-2,-1,240,298]"
Real/real_270_aug_1.jpg,REAL,1,ONE_FACE,0.6690,"[1,38,238,251]"
Real/real_270_aug_2.jpg,REAL,1,ONE_FACE,0.7518,"[25,10,244,283]"
Real/real_270_aug_3.jpg,REAL,1,ONE_FACE,0.9189,"[88,32,227,285]"
Real/real_270_aug_4.jpg,REAL,1,ONE_FACE,0.9113,"[2,31,216,276]"
Real/real_271_aug_0.jpg,REAL,1,ONE_FACE,0.8893,"[12,27,253,274]"
Real/real_271_aug_1.jpg,REAL,1,ONE_FACE,0.8893,"[12,27,253,274]"
Real/real_271_aug_2.jpg,REAL,1,ONE_FACE,0.8812,"[23,14,276,283]"
Real/real_271_aug_3.jpg,REAL,1,ONE_FACE,0.8914,"[-8,11,237,249]"
Real/real_271_aug_4.jpg,REAL,1,ONE_FACE,0.9399,"[0,-1,214,259]"
Real/real_272_aug_0.jpg,REAL,1,ONE_FACE,0.8001,"[33,19,235,269]"
Real/real_272_aug_1.jpg,REAL,1,ONE_FACE,0.7356,"[37,7,254,283]"
Real/real_272_aug_2.jpg,REAL,1,ONE_FACE,0.9140,"[2,-9,216,258]"
Real/real_272_aug_3.jpg,REAL,1,ONE_FACE,0.8034,"[0,-7,265,299]"
Real/real_272_aug_4.jpg,REAL,1,ONE_FACE,0.7936,"[-18,13,256,297]"
Real/real_273_aug_0.jpg,REAL,1,ONE_FACE,0.8655,"[18,0,189,270]"
Real/real_273_aug_1.jpg,REAL,1,ONE_FACE,0.9200,"[53,26,196,268]"
Real/real_273_aug_2.jpg,REAL,1,ONE_FACE,0.9084,"[26,51,226,254]"
Real/real_273_aug_3.jpg,REAL,1,ONE_FACE,0.9253,"[92,21,208,278]"
Real/real_273_aug_4.jpg,REAL,1,ONE_FACE,0.9200,"[13,21,182,263]"
Real/real_274_aug_0.jpg,REAL,1,ONE_FACE,0.9508,"[7,2,243,269]"
Real/real_274_aug_1.jpg,REAL,1,ONE_FACE,0.8651,"[0,-11,299,313]"
Real/real_274_aug_2.jpg,REAL,1,ONE_FACE,0.9357,"[53,29,258,310]"
Real/real_274_aug_3.jpg,REAL,1,ONE_FACE,0.8748,"[-8,6,270,243]"
Real/real_274_aug_4.jpg,REAL,1,ONE_FACE,0.9464,"[9,5,258,298]"
Real/real_275_aug_0.jpg,REAL,1,ONE_FACE,0.9374,"[32,5,230,303]"
Real/real_275_aug_1.jpg,REAL,1,ONE_FACE,0.9159,"[-4,15,206,240]"
Real/real_275_aug_2.jpg,REAL,1,ONE_FACE,0.9019,"[54,19,232,268]"
Real/real_275_aug_3.jpg,REAL,1,ONE_FACE,0.9024,"[56,4,244,281]"
Real/real_275_aug_4.jpg,REAL,1,ONE_FACE,0.9314,"[2,4,224,274]"
Real/real_276_aug_0.jpg,REAL,1,ONE_FACE,0.8200,"[-7,2,198,273]"
Real/real_276_aug_1.jpg,REAL,1,ONE_FACE,0.7295,"[5,13,226,298]"
Real/real_276_aug_2.jpg,REAL,1,ONE_FACE,0.9131,"[18,4,193,269]"
Real/real_276_aug_3.jpg,REAL,1,ONE_FACE,0.7949,"[-7,5,239,257]"
Real/real_276_aug_4.jpg,REAL,1,ONE_FACE,0.9133,"[50,3,203,252]"
Real/real_277_aug_0.jpg,REAL,0,NO_FACE,,
Real/real_277_aug_1.jpg,REAL,1,ONE_FACE,0.8115,"[24,75,232,251]"
Real/real_277_aug_2.jpg,REAL,1,ONE_FACE,0.8162,"[10,79,209,229]"
Real/real_277_aug_3.jpg,REAL,1,ONE_FACE,0.8945,"[55,56,247,239]"
Real/real_277_aug_4.jpg,REAL,1,ONE_FACE,0.8844,"[2,18,205,234]"
Real/real_278_aug_0.jpg,REAL,1,ONE_FACE,0.9428,"[0,1,208,277]"
Real/real_278_aug_1.jpg,REAL,1,ONE_FACE,0.9447,"[103,3,210,276]"
Real/real_278_aug_2.jpg,REAL,1,ONE_FACE,0.9352,"[83,0,219,331]"
Real/real_278_aug_3.jpg,REAL,1,ONE_FACE,0.9342,"[74,4,227,307]"
Real/real_278_aug_4.jpg,REAL,1,ONE_FACE,0.8847,"[90,13,217,275]"
Real/real_279_aug_0.jpg,REAL,1,ONE_FACE,0.9315,"[16,3,227,306]"
Real/real_279_aug_1.jpg,REAL,1,ONE_FACE,0.9275,"[109,5,177,254]"
Real/real_279_aug_2.jpg,REAL,1,ONE_FACE,0.9339,"[8,0,196,287]"
Real/real_279_aug_3.jpg,REAL,1,ONE_FACE,0.7970,"[-7,10,220,289]"
Real/real_279_aug_4.jpg,REAL,1,ONE_FACE,0.8084,"[-7,15,275,312]"
Real/real_27_aug_0.jpg,REAL,1,ONE_FACE,0.8108,"[7,17,228,245]"
Real/real_27_aug_1.jpg,REAL,1,ONE_FACE,0.8447,"[11,17,227,260]"
Real/real_27_aug_2.jpg,REAL,1,ONE_FACE,0.8723,"[44,22,216,263]"
Real/real_27_aug_3.jpg,REAL,1,ONE_FACE,0.9532,"[50,6,216,295]"
Real/real_27_aug_4.jpg,REAL,1,ONE_FACE,0.9004,"[20,9,224,232]"
Real/real_280_aug_0.jpg,REAL,1,ONE_FACE,0.9457,"[9,0,238,299]"
Real/real_280_aug_1.jpg,REAL,1,ONE_FACE,0.9162,"[-12,9,258,275]"
Real/real_280_aug_2.jpg,REAL,1,ONE_FACE,0.8512,"[4,6,236,271]"
Real/real_280_aug_3.jpg,REAL,1,ONE_FACE,0.9425,"[33,14,245,285]"
Real/real_280_aug_4.jpg,REAL,1,ONE_FACE,0.9127,"[-3,8,270,269]"
Real/real_281_aug_0.jpg,REAL,0,NO_FACE,,
Real/real_281_aug_1.jpg,REAL,1,ONE_FACE,0.9118,"[26,8,240,259]"
Real/real_281_aug_2.jpg,REAL,1,ONE_FACE,0.9189,"[56,10,204,244]"
Real/real_281_aug_3.jpg,REAL,1,ONE_FACE,0.8234,"[36,34,249,269]"
Real/real_281_aug_4.jpg,REAL,1,ONE_FACE,0.8125,"[28,4,226,232]"
Real/real_282_aug_0.jpg,REAL,1,ONE_FACE,0.8879,"[-12,46,261,250]"
Real/real_282_aug_1.jpg,REAL,1,ONE_FACE,0.9041,"[33,7,260,306]"
Real/real_282_aug_2.jpg,REAL,1,ONE_FACE,0.9098,"[63,8,206,280]"
Real/real_282_aug_3.jpg,REAL,1,ONE_FACE,0.9407,"[55,41,257,276]"
Real/real_282_aug_4.jpg,REAL,1,ONE_FACE,0.9462,"[4,4,227,222]"
Real/real_283_aug_0.jpg,REAL,1,ONE_FACE,0.8803,"[6,-2,257,304]"
Real/real_283_aug_1.jpg,REAL,1,ONE_FACE,0.9220,"[36,-1,239,255]"
Real/real_283_aug_2.jpg,REAL,1,ONE_FACE,0.9442,"[8,4,223,261]"
Real/real_283_aug_3.jpg,REAL,1,ONE_FACE,0.9119,"[60,4,245,276]"
Real/real_283_aug_4.jpg,REAL,1,ONE_FACE,0.8694,"[53,7,248,272]"
Real/real_284_aug_0.jpg,REAL,1,ONE_FACE,0.9150,"[12,9,214,251]"
Real/real_284_aug_1.jpg,REAL,1,ONE_FACE,0.9576,"[57,28,219,282]"
Real/real_284_aug_2.jpg,REAL,1,ONE_FACE,0.9527,"[69,40,218,263]"
Real/real_284_aug_3.jpg,REAL,1,ONE_FACE,0.9397,"[40,36,232,257]"
Real/real_284_aug_4.jpg,REAL,1,ONE_FACE,0.8829,"[6,4,274,265]"
Real/real_285_aug_0.jpg,REAL,1,ONE_FACE,0.9257,"[3,17,251,293]"
Real/real_285_aug_1.jpg,REAL,1,ONE_FACE,0.9136,"[2,1,238,281]"
Real/real_285_aug_2.jpg,REAL,1,ONE_FACE,0.8860,"[3,18,224,240]"
Real/real_285_aug_3.jpg,REAL,1,ONE_FACE,0.9107,"[18,9,252,270]"
Real/real_285_aug_4.jpg,REAL,1,ONE_FACE,0.8902,"[0,31,234,219]"
Real/real_286_aug_0.jpg,REAL,0,NO_FACE,,
Real/real_286_aug_1.jpg,REAL,1,ONE_FACE,0.9146,"[8,14,200,265]"
Real/real_286_aug_2.jpg,REAL,1,ONE_FACE,0.8921,"[72,10,244,264]"
Real/real_286_aug_3.jpg,REAL,1,ONE_FACE,0.7584,"[9,1,206,249]"
Real/real_286_aug_4.jpg,REAL,1,ONE_FACE,0.7180,"[17,-1,203,287]"
Real/real_287_aug_0.jpg,REAL,1,ONE_FACE,0.9324,"[86,17,216,316]"
Real/real_287_aug_1.jpg,REAL,1,ONE_FACE,0.9490,"[7,-3,207,260]"
Real/real_287_aug_2.jpg,REAL,1,ONE_FACE,0.9344,"[0,36,193,284]"
Real/real_287_aug_3.jpg,REAL,1,ONE_FACE,0.9375,"[10,-1,214,266]"
Real/real_287_aug_4.jpg,REAL,1,ONE_FACE,0.9390,"[66,4,224,308]"
Real/real_288_aug_0.jpg,REAL,1,ONE_FACE,0.7167,"[100,9,204,243]"
Real/real_288_aug_1.jpg,REAL,1,ONE_FACE,0.8854,"[22,0,253,270]"
Real/real_288_aug_2.jpg,REAL,1,ONE_FACE,0.8347,"[11,-15,294,323]"
Real/real_288_aug_3.jpg,REAL,1,ONE_FACE,0.7630,"[-8,0,239,218]"
Real/real_288_aug_4.jpg,REAL,1,ONE_FACE,0.8392,"[8,0,232,258]"
Real/real_289_aug_0.jpg,REAL,1,ONE_FACE,0.9559,"[31,0,234,316]"
Real/real_289_aug_1.jpg,REAL,1,ONE_FACE,0.9060,"[-5,6,228,247]"
Real/real_289_aug_2.jpg,REAL,1,ONE_FACE,0.9541,"[59,32,228,297]"
Real/real_289_aug_3.jpg,REAL,1,ONE_FACE,0.8985,"[35,22,236,254]"
Real/real_289_aug_4.jpg,REAL,1,ONE_FACE,0.8874,"[-2,9,254,239]"
Real/real_28_aug_0.jpg,REAL,1,ONE_FACE,0.9297,"[22,15,213,267]"
Real/real_28_aug_1.jpg,REAL,0,NO_FACE,,
Real/real_28_aug_2.jpg,REAL,1,ONE_FACE,0.9272,"[80,15,201,268]"
Real/real_28_aug_3.jpg,REAL,1,ONE_FACE,0.9209,"[74,22,193,257]"
Real/real_28_aug_4.jpg,REAL,0,NO_FACE,,
Real/real_290_aug_0.jpg,REAL,1,ONE_FACE,0.8846,"[6,18,251,270]"
Real/real_290_aug_1.jpg,REAL,1,ONE_FACE,0.9192,"[62,75,235,279]"
Real/real_290_aug_2.jpg,REAL,1,ONE_FACE,0.9468,"[3,3,197,264]"
Real/real_290_aug_3.jpg,REAL,1,ONE_FACE,0.9061,"[0,38,230,273]"
Real/real_290_aug_4.jpg,REAL,1,ONE_FACE,0.8770,"[6,60,241,248]"
Real/real_291_aug_0.jpg,REAL,1,ONE_FACE,0.7905,"[18,86,222,205]"
Real/real_291_aug_1.jpg,REAL,1,ONE_FACE,0.8660,"[8,2,221,209]"
Real/real_291_aug_2.jpg,REAL,1,ONE_FACE,0.8045,"[-7,0,239,293]"
Real/real_291_aug_3.jpg,REAL,1,ONE_FACE,0.9142,"[60,17,194,234]"
Real/real_291_aug_4.jpg,REAL,1,ONE_FACE,0.8900,"[2,9,247,313]"
Real/real_292_aug_0.jpg,REAL,1,ONE_FACE,0.9482,"[14,29,239,293]"
Real/real_292_aug_1.jpg,REAL,1,ONE_FACE,0.8158,"[-1,2,239,300]"
Real/real_292_aug_2.jpg,REAL,1,ONE_FACE,0.9559,"[56,-1,229,321]"
Real/real_292_aug_3.jpg,REAL,1,ONE_FACE,0.8746,"[-4,13,242,254]"
Real/real_292_aug_4.jpg,REAL,1,ONE_FACE,0.8437,"[34,20,224,230]"
Real/real_293_aug_0.jpg,REAL,1,ONE_FACE,0.8624,"[60,9,190,236]"
Real/real_293_aug_1.jpg,REAL,1,ONE_FACE,0.9091,"[11,3,275,314]"
Real/real_293_aug_2.jpg,REAL,1,ONE_FACE,0.9341,"[21,-17,241,274]"
Real/real_293_aug_3.jpg,REAL,1,ONE_FACE,0.9389,"[20,2,220,300]"
Real/real_293_aug_4.jpg,REAL,1,ONE_FACE,0.9253,"[11,1,235,236]"
Real/real_294_aug_0.jpg,REAL,1,ONE_FACE,0.6263,"[4,-3,270,317]"
Real/real_294_aug_1.jpg,REAL,1,ONE_FACE,0.8170,"[10,-4,255,284]"
Real/real_294_aug_2.jpg,REAL,1,ONE_FACE,0.8954,"[51,9,247,303]"
Real/real_294_aug_3.jpg,REAL,1,ONE_FACE,0.9190,"[-1,-1,251,266]"
Real/real_294_aug_4.jpg,REAL,0,NO_FACE,,
Real/real_295_aug_0.jpg,REAL,1,ONE_FACE,0.9391,"[5,35,233,281]"
Real/real_295_aug_1.jpg,REAL,1,ONE_FACE,0.9074,"[45,8,225,270]"
Real/real_295_aug_2.jpg,REAL,1,ONE_FACE,0.8675,"[2,25,191,242]"
Real/real_295_aug_3.jpg,REAL,1,ONE_FACE,0.9484,"[107,3,210,268]"
Real/real_295_aug_4.jpg,REAL,1,ONE_FACE,0.9080,"[67,29,216,255]"
Real/real_296_aug_0.jpg,REAL,1,ONE_FACE,0.9471,"[61,-1,240,299]"
Real/real_296_aug_1.jpg,REAL,1,ONE_FACE,0.8782,"[44,-3,231,274]"
Real/real_296_aug_2.jpg,REAL,1,ONE_FACE,0.8407,"[0,-1,258,274]"
Real/real_296_aug_3.jpg,REAL,1,ONE_FACE,0.8680,"[20,7,267,289]"
Real/real_296_aug_4.jpg,REAL,1,ONE_FACE,0.9511,"[34,2,239,343]"
Real/real_297_aug_0.jpg,REAL,1,ONE_FACE,0.8845,"[18,29,195,254]"
Real/real_297_aug_1.jpg,REAL,1,ONE_FACE,0.8488,"[64,4,250,295]"
Real/real_297_aug_2.jpg,REAL,1,ONE_FACE,0.9265,"[60,10,236,322]"
Real/real_297_aug_3.jpg,REAL,1,ONE_FACE,0.7981,"[80,39,237,273]"
Real/real_297_aug_4.jpg,REAL,1,ONE_FACE,0.9348,"[39,6,210,270]"
Real/real_298_aug_0.jpg,REAL,1,ONE_FACE,0.7376,"[-3,-5,212,232]"
Real/real_298_aug_1.jpg,REAL,1,ONE_FACE,0.7198,"[14,18,250,271]"
Real/real_298_aug_2.jpg,REAL,1,ONE_FACE,0.7296,"[16,-4,275,304]"
Real/real_298_aug_3.jpg,REAL,1,ONE_FACE,0.7796,"[-7,12,261,233]"
Real/real_298_aug_4.jpg,REAL,1,ONE_FACE,0.7754,"[-4,3,234,268]"
Real/real_299_aug_0.jpg,REAL,1,ONE_FACE,0.6608,"[-16,9,279,260]"
Real/real_299_aug_1.jpg,REAL,0,NO_FACE,,
Real/real_299_aug_2.jpg,REAL,0,NO_FACE,,
Real/real_299_aug_3.jpg,REAL,0,NO_FACE,,
Real/real_299_aug_4.jpg,REAL,0,NO_FACE,,
Real/real_29_aug_0.jpg,REAL,0,NO_FACE,,
Real/real_29_aug_1.jpg,REAL,1,ONE_FACE,0.8734,"[-2,6,260,327]"
Real/real_29_aug_2.jpg,REAL,1,ONE_FACE,0.7266,"[-14,-11,288,330]"
Real/real_29_aug_3.jpg,REAL,1,ONE_FACE,0.8964,"[-4,-1,231,347]"
Real/real_29_aug_4.jpg,REAL,0,NO_FACE,,
Real/real_2_aug_0.jpg,REAL,1,ONE_FACE,0.8809,"[6,28,223,223]"
Real/real_2_aug_1.jpg,REAL,1,ONE_FACE,0.8990,"[37,6,253,298]"
Real/real_2_aug_2.jpg,REAL,1,ONE_FACE,0.9344,"[29,2,261,328]"
Real/real_2_aug_3.jpg,REAL,1,ONE_FACE,0.9421,"[8,-3,240,281]"
Real/real_2_aug_4.jpg,REAL,1,ONE_FACE,0.9040,"[43,47,261,303]"
Real/real_300_aug_0.jpg,REAL,1,ONE_FACE,0.7568,"[0,74,190,187]"
Real/real_300_aug_1.jpg,REAL,1,ONE_FACE,0.8289,"[3,21,244,246]"
Real/real_300_aug_2.jpg,REAL,1,ONE_FACE,0.8706,"[49,18,244,277]"
Real/real_300_aug_3.jpg,REAL,1,ONE_FACE,0.9570,"[19,1,226,254]"
Real/real_300_aug_4.jpg,REAL,1,ONE_FACE,0.9523,"[-2,5,194,237]"
Real/real_301_aug_0.jpg,REAL,1,ONE_FACE,0.9372,"[46,13,210,246]"
Real/real_301_aug_1.jpg,REAL,1,ONE_FACE,0.9421,"[6,-4,216,279]"
Real/real_301_aug_2.jpg,REAL,1,ONE_FACE,0.9209,"[30,13,246,299]"
Real/real_301_aug_3.jpg,REAL,1,ONE_FACE,0.9402,"[8,-2,211,283]"
Real/real_301_aug_4.jpg,REAL,1,ONE_FACE,0.8813,"[38,18,236,292]"
Real/real_302_aug_0.jpg,REAL,1,ONE_FACE,0.7227,"[28,2,184,227]"
Real/real_302_aug_1.jpg,REAL,1,ONE_FACE,0.7566,"[24,10,187,232]"
Real/real_302_aug_2.jpg,REAL,0,NO_FACE,,
Real/real_302_aug_3.jpg,REAL,1,ONE_FACE,0.8434,"[48,15,194,269]"
Real/real_302_aug_4.jpg,REAL,1,ONE_FACE,0.8291,"[-16,1,237,267]"
Real/real_303_aug_0.jpg,REAL,1,ONE_FACE,0.9407,"[12,4,253,310]"
Real/real_303_aug_1.jpg,REAL,1,ONE_FACE,0.8387,"[15,24,248,256]"
Real/real_303_aug_2.jpg,REAL,1,ONE_FACE,0.9404,"[3,5,243,291]"
Real/real_303_aug_3.jpg,REAL,1,ONE_FACE,0.9328,"[13,0,268,311]"
Real/real_303_aug_4.jpg,REAL,1,ONE_FACE,0.8181,"[34,41,223,196]"
Real/real_304_aug_0.jpg,REAL,1,ONE_FACE,0.9370,"[10,6,245,278]"
Real/real_304_aug_1.jpg,REAL,1,ONE_FACE,0.9114,"[-2,8,254,274]"
Real/real_304_aug_2.jpg,REAL,1,ONE_FACE,0.8898,"[72,30,226,243]"
Real/real_304_aug_3.jpg,REAL,1,ONE_FACE,0.8301,"[54,-2,189,200]"
Real/real_304_aug_4.jpg,REAL,1,ONE_FACE,0.9109,"[34,4,233,241]"
Real/real_305_aug_0.jpg,REAL,0,NO_FACE,,
Real/real_305_aug_1.jpg,REAL,1,ONE_FACE,0.8545,"[-11,6,239,320]"
Real/real_305_aug_2.jpg,REAL,1,ONE_FACE,0.9184,"[30,10,275,300]"
Real/real_305_aug_3.jpg,REAL,1,ONE_FACE,0.9312,"[-2,-1,221,238]"
Real/real_305_aug_4.jpg,REAL,1,ONE_FACE,0.9327,"[33,4,250,249]"
Real/real_306_aug_0.jpg,REAL,1,ONE_FACE,0.8750,"[8,2,240,201]"
Real/real_306_aug_1.jpg,REAL,1,ONE_FACE,0.8643,"[65,25,226,233]"
Real/real_306_aug_2.jpg,REAL,1,ONE_FACE,0.9408,"[40,18,243,267]"
Real/real_306_aug_3.jpg,REAL,1,ONE_FACE,0.9398,"[36,29,238,277]"
Real/real_306_aug_4.jpg,REAL,1,ONE_FACE,0.9375,"[12,19,246,269]"
Real/real_307_aug_0.jpg,REAL,1,ONE_FACE,0.9491,"[41,1,261,323]"
Real/real_307_aug_1.jpg,REAL,1,ONE_FACE,0.8701,"[70,5,214,296]"
Real/real_307_aug_2.jpg,REAL,1,ONE_FACE,0.8731,"[4,28,264,291]"
Real/real_307_aug_3.jpg,REAL,1,ONE_FACE,0.9553,"[7,3,253,274]"
Real/real_307_aug_4.jpg,REAL,1,ONE_FACE,0.9082,"[17,13,245,281]"
Real/real_308_aug_0.jpg,REAL,1,ONE_FACE,0.9417,"[37,1,269,324]"
Real/real_308_aug_1.jpg,REAL,1,ONE_FACE,0.9486,"[-6,11,243,251]"
Real/real_308_aug_2.jpg,REAL,1,ONE_FACE,0.8888,"[3,-4,224,312]"
Real/real_308_aug_3.jpg,REAL,1,ONE_FACE,0.9448,"[5,4,255,327]"
Real/real_308_aug_4.jpg,REAL,1,ONE_FACE,0.8450,"[28,-3,282,318]"
Real/real_309_aug_0.jpg,REAL,1,ONE_FACE,0.9284,"[13,42,264,301]"
Real/real_309_aug_1.jpg,REAL,1,ONE_FACE,0.9298,"[18,1,239,313]"
Real/real_309_aug_2.jpg,REAL,1,ONE_FACE,0.9257,"[48,7,252,305]"
Real/real_309_aug_3.jpg,REAL,1,ONE_FACE,0.9125,"[61,4,246,254]"
Real/real_309_aug_4.jpg,REAL,1,ONE_FACE,0.9250,"[1,7,193,262]"
Real/real_30_aug_0.jpg,REAL,1,ONE_FACE,0.8807,"[44,7,152,254]"
Real/real_30_aug_1.jpg,REAL,1,ONE_FACE,0.9219,"[14,25,180,283]"
Real/real_30_aug_2.jpg,REAL,1,ONE_FACE,0.8337,"[114,2,201,263]"
Real/real_30_aug_3.jpg,REAL,1,ONE_FACE,0.8269,"[73,7,168,309]"
Real/real_30_aug_4.jpg,REAL,1,ONE_FACE,0.9191,"[142,-1,169,300]"
Real/real_310_aug_0.jpg,REAL,1,ONE_FACE,0.8335,"[29,14,230,236]"
Real/real_310_aug_1.jpg,REAL,1,ONE_FACE,0.9385,"[62,17,239,314]"
Real/real_310_aug_2.jpg,REAL,1,ONE_FACE,0.7956,"[38,3,282,283]"
Real/real_310_aug_3.jpg,REAL,1,ONE_FACE,0.9379,"[-2,12,244,288]"
Real/real_310_aug_4.jpg,REAL,1,ONE_FACE,0.8484,"[20,8,261,264]"
Real/real_311_aug_0.jpg,REAL,1,ONE_FACE,0.9116,"[29,7,222,276]"
Real/real_311_aug_1.jpg,REAL,1,ONE_FACE,0.9222,"[25,7,218,274]"
Real/real_311_aug_2.jpg,REAL,1,ONE_FACE,0.9190,"[53,12,216,282]"
Real/real_311_aug_3.jpg,REAL,1,ONE_FACE,0.9050,"[-1,36,223,251]"
Real/real_311_aug_4.jpg,REAL,1,ONE_FACE,0.8751,"[33,0,244,276]"
Real/real_312_aug_0.jpg,REAL,1,ONE_FACE,0.9137,"[-1,7,261,278]"
Real/real_312_aug_1.jpg,REAL,1,ONE_FACE,0.9573,"[13,-2,265,294]"
Real/real_312_aug_2.jpg,REAL,1,ONE_FACE,0.9519,"[92,4,236,314]"
Real/real_312_aug_3.jpg,REAL,1,ONE_FACE,0.9484,"[4,5,279,298]"
Real/real_312_aug_4.jpg,REAL,1,ONE_FACE,0.8999,"[-16,-2,271,274]"
Real/real_313_aug_0.jpg,REAL,1,ONE_FACE,0.9389,"[50,8,229,314]"
Real/real_313_aug_1.jpg,REAL,1,ONE_FACE,0.8362,"[29,7,219,248]"
Real/real_313_aug_2.jpg,REAL,1,ONE_FACE,0.9356,"[70,5,220,328]"
Real/real_313_aug_3.jpg,REAL,1,ONE_FACE,0.9315,"[18,37,249,289]"
Real/real_313_aug_4.jpg,REAL,1,ONE_FACE,0.9125,"[25,9,249,303]"
Real/real_314_aug_0.jpg,REAL,1,ONE_FACE,0.7858,"[20,20,194,232]"
Real/real_314_aug_1.jpg,REAL,1,ONE_FACE,0.9367,"[9,0,232,255]"
Real/real_314_aug_2.jpg,REAL,0,NO_FACE,,
Real/real_314_aug_3.jpg,REAL,1,ONE_FACE,0.6181,"[27,68,263,280]"
Real/real_314_aug_4.jpg,REAL,1,ONE_FACE,0.9287,"[74,15,237,293]"
Real/real_315_aug_0.jpg,REAL,1,ONE_FACE,0.8690,"[-14,5,272,252]"
Real/real_315_aug_1.jpg,REAL,1,ONE_FACE,0.7217,"[82,3,191,266]"
Real/real_315_aug_2.jpg,REAL,1,ONE_FACE,0.9282,"[47,1,224,257]"
Real/real_315_aug_3.jpg,REAL,1,ONE_FACE,0.9327,"[48,9,229,316]"
Real/real_315_aug_4.jpg,REAL,1,ONE_FACE,0.8704,"[-5,-3,223,261]"
Real/real_316_aug_0.jpg,REAL,1,ONE_FACE,0.8969,"[21,44,243,244]"
Real/real_316_aug_1.jpg,REAL,1,ONE_FACE,0.8210,"[7,-3,279,249]"
Real/real_316_aug_2.jpg,REAL,1,ONE_FACE,0.7749,"[77,8,187,229]"
Real/real_316_aug_3.jpg,REAL,1,ONE_FACE,0.8975,"[10,24,200,214]"
Real/real_316_aug_4.jpg,REAL,1,ONE_FACE,0.7884,"[25,2,283,221]"
Real/real_317_aug_0.jpg,REAL,1,ONE_FACE,0.8781,"[10,11,231,298]"
Real/real_317_aug_1.jpg,REAL,1,ONE_FACE,0.8998,"[-5,11,244,276]"
Real/real_317_aug_2.jpg,REAL,1,ONE_FACE,0.9202,"[106,44,199,287]"
Real/real_317_aug_3.jpg,REAL,1,ONE_FACE,0.6486,"[31,7,228,268]"
Real/real_317_aug_4.jpg,REAL,1,ONE_FACE,0.9246,"[55,7,207,259]"
Real/real_318_aug_0.jpg,REAL,1,ONE_FACE,0.8854,"[-4,12,208,216]"
Real/real_318_aug_1.jpg,REAL,1,ONE_FACE,0.9374,"[23,-3,227,260]"
Real/real_318_aug_2.jpg,REAL,1,ONE_FACE,0.8723,"[30,14,227,252]"
Real/real_318_aug_3.jpg,REAL,1,ONE_FACE,0.7350,"[55,23,234,260]"
Real/real_318_aug_4.jpg,REAL,1,ONE_FACE,0.9303,"[0,-1,181,259]"
Real/real_319_aug_0.jpg,REAL,1,ONE_FACE,0.9149,"[21,3,232,244]"
Real/real_319_aug_1.jpg,REAL,0,NO_FACE,,
Real/real_319_aug_2.jpg,REAL,0,NO_FACE,,
Real/real_319_aug_3.jpg,REAL,1,ONE_FACE,0.9119,"[40,8,248,281]"
Real/real_319_aug_4.jpg,REAL,1,ONE_FACE,0.7036,"[14,57,209,186]"
Real/real_31_aug_0.jpg,REAL,0,NO_FACE,,
Real/real_31_aug_1.jpg,REAL,1,ONE_FACE,0.6045,"[2,19,200,277]"
Real/real_31_aug_2.jpg,REAL,0,NO_FACE,,
Real/real_31_aug_3.jpg,REAL,1,ONE_FACE,0.9239,"[45,7,203,292]"
Real/real_31_aug_4.jpg,REAL,0,NO_FACE,,
Real/real_320_aug_0.jpg,REAL,1,ONE_FACE,0.9403,"[7,-3,212,275]"
Real/real_320_aug_1.jpg,REAL,1,ONE_FACE,0.9177,"[81,12,231,299]"
Real/real_320_aug_2.jpg,REAL,1,ONE_FACE,0.9362,"[12,-1,222,270]"
Real/real_320_aug_3.jpg,REAL,1,ONE_FACE,0.8471,"[17,16,290,287]"
Real/real_320_aug_4.jpg,REAL,1,ONE_FACE,0.9341,"[11,10,228,281]"
Real/real_321_aug_0.jpg,REAL,1,ONE_FACE,0.9444,"[69,27,233,295]"
Real/real_321_aug_1.jpg,REAL,1,ONE_FACE,0.7768,"[19,-5,251,270]"
Real/real_321_aug_2.jpg,REAL,1,ONE_FACE,0.9491,"[23,-4,234,258]"
Real/real_321_aug_3.jpg,REAL,1,ONE_FACE,0.9321,"[18,-2,256,286]"
Real/real_321_aug_4.jpg,REAL,1,ONE_FACE,0.9338,"[61,38,236,277]"
Real/real_322_aug_0.jpg,REAL,1,ONE_FACE,0.8538,"[15,15,188,265]"
Real/real_322_aug_1.jpg,REAL,1,ONE_FACE,0.7459,"[38,27,212,254]"
Real/real_322_aug_2.jpg,REAL,1,ONE_FACE,0.8482,"[7,14,170,316]"
Real/real_322_aug_3.jpg,REAL,1,ONE_FACE,0.8722,"[12,9,192,257]"
Real/real_322_aug_4.jpg,REAL,0,NO_FACE,,
Real/real_323_aug_0.jpg,REAL,1,ONE_FACE,0.9291,"[75,7,200,264]"
Real/real_323_aug_1.jpg,REAL,1,ONE_FACE,0.9390,"[90,5,163,258]"
Real/real_323_aug_2.jpg,REAL,1,ONE_FACE,0.9334,"[39,5,203,235]"
Real/real_323_aug_3.jpg,REAL,1,ONE_FACE,0.7290,"[117,21,199,249]"
Real/real_323_aug_4.jpg,REAL,1,ONE_FACE,0.9318,"[35,36,210,263]"
Real/real_324_aug_0.jpg,REAL,1,ONE_FACE,0.8784,"[2,27,247,286]"
Real/real_324_aug_1.jpg,REAL,1,ONE_FACE,0.9050,"[-10,8,246,275]"
Real/real_324_aug_2.jpg,REAL,1,ONE_FACE,0.8054,"[4,12,315,301]"
Real/real_324_aug_3.jpg,REAL,1,ONE_FACE,0.9058,"[-10,-3,248,251]"
Real/real_324_aug_4.jpg,REAL,1,ONE_FACE,0.9435,"[0,-4,256,305]"
Real/real_325_aug_0.jpg,REAL,1,ONE_FACE,0.8809,"[72,3,183,243]"
Real/real_325_aug_1.jpg,REAL,1,ONE_FACE,0.9317,"[76,3,245,309]"
Real/real_325_aug_2.jpg,REAL,1,ONE_FACE,0.9309,"[-1,4,222,352]"
Real/real_325_aug_3.jpg,REAL,1,ONE_FACE,0.8276,"[-28,-14,281,372]"
Real/real_325_aug_4.jpg,REAL,1,ONE_FACE,0.9148,"[75,14,212,253]"
Real/real_326_aug_0.jpg,REAL,1,ONE_FACE,0.8227,"[34,1,283,270]"
Real/real_326_aug_1.jpg,REAL,1,ONE_FACE,0.9587,"[2,7,250,246]"
Real/real_326_aug_2.jpg,REAL,1,ONE_FACE,0.6952,"[21,0,250,220]"
Real/real_326_aug_3.jpg,REAL,1,ONE_FACE,0.8888,"[0,0,197,226]"
Real/real_326_aug_4.jpg,REAL,1,ONE_FACE,0.8806,"[-2,5,261,261]"
Real/real_327_aug_0.jpg,REAL,0,NO_FACE,,
Real/real_327_aug_1.jpg,REAL,1,ONE_FACE,0.9163,"[72,15,230,273]"
Real/real_327_aug_2.jpg,REAL,1,ONE_FACE,0.9215,"[65,47,240,290]"
Real/real_327_aug_3.jpg,REAL,1,ONE_FACE,0.7919,"[38,0,257,257]"
Real/real_327_aug_4.jpg,REAL,1,ONE_FACE,0.9236,"[39,16,228,292]"
Real/real_328_aug_0.jpg,REAL,1,ONE_FACE,0.9006,"[41,28,224,278]"
Real/real_328_aug_1.jpg,REAL,1,ONE_FACE,0.8907,"[25,11,245,250]"
Real/real_328_aug_2.jpg,REAL,1,ONE_FACE,0.9202,"[53,4,200,235]"
Real/real_328_aug_3.jpg,REAL,1,ONE_FACE,0.9563,"[18,-7,242,321]"
Real/real_328_aug_4.jpg,REAL,1,ONE_FACE,0.9603,"[52,6,230,264]"
Real/real_329_aug_0.jpg,REAL,1,ONE_FACE,0.8595,"[20,0,269,315]"
Real/real_329_aug_1.jpg,REAL,1,ONE_FACE,0.8618,"[12,-1,268,328]"
Real/real_329_aug_2.jpg,REAL,1,ONE_FACE,0.9475,"[35,5,224,278]"
Real/real_329_aug_3.jpg,REAL,1,ONE_FACE,0.9433,"[-6,9,202,277]"
Real/real_329_aug_4.jpg,REAL,1,ONE_FACE,0.9237,"[0,-2,225,215]"
Real/real_32_aug_0.jpg,REAL,1,ONE_FACE,0.8896,"[33,12,220,263]"
Real/real_32_aug_1.jpg,REAL,1,ONE_FACE,0.9284,"[38,2,232,272]"
Real/real_32_aug_2.jpg,REAL,1,ONE_FACE,0.7701,"[64,18,233,271]"
Real/real_32_aug_3.jpg,REAL,1,ONE_FACE,0.8672,"[2,15,204,253]"
Real/real_32_aug_4.jpg,REAL,1,ONE_FACE,0.9299,"[6,11,226,303]"
Real/real_330_aug_0.jpg,REAL,1,ONE_FACE,0.7889,"[56,14,220,206]"
Real/real_330_aug_1.jpg,REAL,1,ONE_FACE,0.8907,"[-2,10,241,245]"
Real/real_330_aug_2.jpg,REAL,1,ONE_FACE,0.9174,"[-17,14,254,244]"
Real/real_330_aug_3.jpg,REAL,1,ONE_FACE,0.8748,"[6,13,264,258]"
Real/real_330_aug_4.jpg,REAL,1,ONE_FACE,0.8120,"[17,8,217,202]"
Real/real_331_aug_0.jpg,REAL,1,ONE_FACE,0.9024,"[23,6,273,344]"
Real/real_331_aug_1.jpg,REAL,0,NO_FACE,,
Real/real_331_aug_2.jpg,REAL,1,ONE_FACE,0.6545,"[22,6,288,294]"
Real/real_331_aug_3.jpg,REAL,1,ONE_FACE,0.8964,"[79,22,277,346]"
Real/real_331_aug_4.jpg,REAL,0,NO_FACE,,
Real/real_332_aug_0.jpg,REAL,1,ONE_FACE,0.9401,"[49,7,204,254]"
Real/real_332_aug_1.jpg,REAL,1,ONE_FACE,0.9469,"[22,-1,249,281]"
Real/real_332_aug_2.jpg,REAL,1,ONE_FACE,0.9509,"[-5,0,219,313]"
Real/real_332_aug_3.jpg,REAL,1,ONE_FACE,0.8927,"[28,20,274,295]"
Real/real_332_aug_4.jpg,REAL,1,ONE_FACE,0.8758,"[25,0,273,308]"
Real/real_333_aug_0.jpg,REAL,1,ONE_FACE,0.9435,"[9,1,213,250]"
Real/real_333_aug_1.jpg,REAL,1,ONE_FACE,0.9320,"[39,39,197,268]"
Real/real_333_aug_2.jpg,REAL,1,ONE_FACE,0.8968,"[65,9,206,247]"
Real/real_333_aug_3.jpg,REAL,1,ONE_FACE,0.9403,"[111,36,209,296]"
Real/real_333_aug_4.jpg,REAL,1,ONE_FACE,0.8996,"[25,0,195,298]"
Real/real_334_aug_0.jpg,REAL,1,ONE_FACE,0.9401,"[57,5,230,300]"
Real/real_334_aug_1.jpg,REAL,1,ONE_FACE,0.9344,"[45,7,222,276]"
Real/real_334_aug_2.jpg,REAL,1,ONE_FACE,0.8984,"[-2,-2,217,252]"
Real/real_334_aug_3.jpg,REAL,1,ONE_FACE,0.8902,"[7,-4,210,259]"
Real/real_334_aug_4.jpg,REAL,1,ONE_FACE,0.8985,"[24,7,200,216]"
Real/real_335_aug_0.jpg,REAL,1,ONE_FACE,0.9174,"[60,1,212,307]"
Real/real_335_aug_1.jpg,REAL,1,ONE_FACE,0.9345,"[11,5,199,312]"
Real/real_335_aug_2.jpg,REAL,1,ONE_FACE,0.9149,"[33,5,224,296]"
Real/real_335_aug_3.jpg,REAL,1,ONE_FACE,0.9375,"[15,4,193,317]"
Real/real_335_aug_4.jpg,REAL,1,ONE_FACE,0.7022,"[10,20,251,262]"
Real/real_336_aug_0.jpg,REAL,1,ONE_FACE,0.9057,"[43,3,254,278]"
Real/real_336_aug_1.jpg,REAL,1,ONE_FACE,0.9386,"[3,4,255,292]"
Real/real_336_aug_2.jpg,REAL,1,ONE_FACE,0.8742,"[-9,-2,245,310]"
Real/real_336_aug_3.jpg,REAL,1,ONE_FACE,0.8862,"[71,35,242,284]"
Real/real_336_aug_4.jpg,REAL,1,ONE_FACE,0.9414,"[6,11,251,344]"
Real/real_337_aug_0.jpg,REAL,1,ONE_FACE,0.8945,"[26,38,248,279]"
Real/real_337_aug_1.jpg,REAL,1,ONE_FACE,0.8998,"[43,4,236,304]"
Real/real_337_aug_2.jpg,REAL,1,ONE_FACE,0.8858,"[-4,17,271,250]"
Real/real_337_aug_3.jpg,REAL,1,ONE_FACE,0.9616,"[-6,1,217,258]"
Real/real_337_aug_4.jpg,REAL,1,ONE_FACE,0.9617,"[27,3,226,306]"
Real/real_338_aug_0.jpg,REAL,1,ONE_FACE,0.8222,"[99,46,206,241]"
Real/real_338_aug_1.jpg,REAL,1,ONE_FACE,0.8860,"[46,79,219,214]"
Real/real_338_aug_2.jpg,REAL,1,ONE_FACE,0.9468,"[42,15,216,304]"
Real/real_338_aug_3.jpg,REAL,1,ONE_FACE,0.9470,"[32,3,221,271]"
Real/real_338_aug_4.jpg,REAL,1,ONE_FACE,0.9444,"[46,15,226,307]"
Real/real_339_aug_0.jpg,REAL,1,ONE_FACE,0.9060,"[-3,1,248,243]"
Real/real_339_aug_1.jpg,REAL,1,ONE_FACE,0.9578,"[43,-1,239,313]"
Real/real_339_aug_2.jpg,REAL,1,ONE_FACE,0.8913,"[6,20,266,279]"
Real/real_339_aug_3.jpg,REAL,1,ONE_FACE,0.9494,"[72,66,237,289]"
Real/real_339_aug_4.jpg,REAL,1,ONE_FACE,0.9136,"[48,11,242,278]"
Real/real_33_aug_0.jpg,REAL,1,ONE_FACE,0.9559,"[-1,5,224,263]"
Real/real_33_aug_1.jpg,REAL,1,ONE_FACE,0.9401,"[42,18,254,298]"
Real/real_33_aug_2.jpg,REAL,1,ONE_FACE,0.9380,"[39,10,250,282]"
Real/real_33_aug_3.jpg,REAL,1,ONE_FACE,0.8875,"[4,26,222,275]"
Real/real_33_aug_4.jpg,REAL,1,ONE_FACE,0.9490,"[-1,-3,222,222]"
Real/real_340_aug_0.jpg,REAL,1,ONE_FACE,0.8429,"[4,2,239,290]"
Real/real_340_aug_1.jpg,REAL,1,ONE_FACE,0.8593,"[2,24,244,255]"
Real/real_340_aug_2.jpg,REAL,1,ONE_FACE,0.7471,"[12,25,259,290]"
Real/real_340_aug_3.jpg,REAL,1,ONE_FACE,0.8881,"[25,9,268,294]"
Real/real_340_aug_4.jpg,REAL,1,ONE_FACE,0.9308,"[20,-7,261,302]"
Real/real_341_aug_0.jpg,REAL,1,ONE_FACE,0.7323,"[70,0,257,272]"
Real/real_341_aug_1.jpg,REAL,1,ONE_FACE,0.8832,"[-8,0,245,233]"
Real/real_341_aug_2.jpg,REAL,1,ONE_FACE,0.8401,"[34,2,280,294]"
Real/real_341_aug_3.jpg,REAL,1,ONE_FACE,0.8570,"[31,22,250,258]"
Real/real_341_aug_4.jpg,REAL,1,ONE_FACE,0.8528,"[13,3,280,258]"
Real/real_342_aug_0.jpg,REAL,1,ONE_FACE,0.9068,"[12,0,227,250]"
Real/real_342_aug_1.jpg,REAL,1,ONE_FACE,0.8839,"[48,4,250,229]"
Real/real_342_aug_2.jpg,REAL,1,ONE_FACE,0.9399,"[50,19,227,297]"
Real/real_342_aug_3.jpg,REAL,1,ONE_FACE,0.9323,"[34,10,250,282]"
Real/real_342_aug_4.jpg,REAL,1,ONE_FACE,0.9476,"[10,3,215,260]"
Real/real_343_aug_0.jpg,REAL,1,ONE_FACE,0.9053,"[8,4,252,275]"
Real/real_343_aug_1.jpg,REAL,1,ONE_FACE,0.9374,"[-9,1,224,277]"
Real/real_343_aug_2.jpg,REAL,1,ONE_FACE,0.9434,"[15,5,252,298]"
Real/real_343_aug_3.jpg,REAL,1,ONE_FACE,0.9581,"[6,3,223,262]"
Real/real_343_aug_4.jpg,REAL,1,ONE_FACE,0.8747,"[0,-3,268,319]"
Real/real_344_aug_0.jpg,REAL,1,ONE_FACE,0.9554,"[20,9,235,277]"
Real/real_344_aug_1.jpg,REAL,1,ONE_FACE,0.9505,"[55,4,238,305]"
Real/real_344_aug_2.jpg,REAL,1,ONE_FACE,0.9507,"[81,4,229,311]"
Real/real_344_aug_3.jpg,REAL,1,ONE_FACE,0.8804,"[3,-5,247,324]"
Real/real_344_aug_4.jpg,REAL,1,ONE_FACE,0.9495,"[39,22,227,265]"
Real/real_345_aug_0.jpg,REAL,1,ONE_FACE,0.7100,"[0,34,198,195]"
Real/real_345_aug_1.jpg,REAL,1,ONE_FACE,0.9165,"[-2,-9,276,351]"
Real/real_345_aug_2.jpg,REAL,1,ONE_FACE,0.8882,"[8,13,257,252]"
Real/real_345_aug_3.jpg,REAL,1,ONE_FACE,0.9366,"[29,0,270,314]"
Real/real_345_aug_4.jpg,REAL,1,ONE_FACE,0.8986,"[23,19,246,252]"
Real/real_346_aug_0.jpg,REAL,1,ONE_FACE,0.9388,"[83,31,219,287]"
Real/real_346_aug_1.jpg,REAL,1,ONE_FACE,0.9027,"[83,43,205,249]"
Real/real_346_aug_2.jpg,REAL,1,ONE_FACE,0.9400,"[41,18,212,311]"
Real/real_346_aug_3.jpg,REAL,1,ONE_FACE,0.9425,"[65,1,230,307]"
Real/real_346_aug_4.jpg,REAL,1,ONE_FACE,0.8950,"[85,31,214,266]"
Real/real_347_aug_0.jpg,REAL,1,ONE_FACE,0.9418,"[35,10,261,256]"
Real/real_347_aug_1.jpg,REAL,1,ONE_FACE,0.9412,"[2,8,254,302]"
Real/real_347_aug_2.jpg,REAL,1,ONE_FACE,0.8709,"[-4,-8,259,320]"
Real/real_347_aug_3.jpg,REAL,1,ONE_FACE,0.9074,"[9,42,282,276]"
Real/real_347_aug_4.jpg,REAL,1,ONE_FACE,0.8895,"[5,1,269,277]"
Real/real_348_aug_0.jpg,REAL,1,ONE_FACE,0.9350,"[16,0,255,268]"
Real/real_348_aug_1.jpg,REAL,1,ONE_FACE,0.9271,"[43,10,258,285]"
Real/real_348_aug_2.jpg,REAL,1,ONE_FACE,0.8458,"[-8,3,256,259]"
Real/real_348_aug_3.jpg,REAL,1,ONE_FACE,0.7894,"[55,23,252,291]"
Real/real_348_aug_4.jpg,REAL,1,ONE_FACE,0.9280,"[-1,0,218,251]"
Real/real_349_aug_0.jpg,REAL,1,ONE_FACE,0.9259,"[54,55,191,268]"
Real/real_349_aug_1.jpg,REAL,1,ONE_FACE,0.9387,"[3,6,186,268]"
Real/real_349_aug_2.jpg,REAL,1,ONE_FACE,0.8911,"[131,11,159,270]"
Real/real_349_aug_3.jpg,REAL,1,ONE_FACE,0.8444,"[-5,-11,160,254]"
Real/real_349_aug_4.jpg,REAL,1,ONE_FACE,0.8718,"[67,51,211,292]"
Real/real_34_aug_0.jpg,REAL,1,ONE_FACE,0.8965,"[16,12,234,248]"
Real/real_34_aug_1.jpg,REAL,1,ONE_FACE,0.9393,"[14,9,217,296]"
Real/real_34_aug_2.jpg,REAL,1,ONE_FACE,0.9493,"[39,6,213,299]"
Real/real_34_aug_3.jpg,REAL,1,ONE_FACE,0.8669,"[1,11,254,274]"
Real/real_34_aug_4.jpg,REAL,1,ONE_FACE,0.6806,"[19,6,264,314]"
Real/real_350_aug_0.jpg,REAL,1,ONE_FACE,0.8183,"[0,12,245,319]"
Real/real_350_aug_1.jpg,REAL,1,ONE_FACE,0.9378,"[10,8,258,278]"
Real/real_350_aug_2.jpg,REAL,0,NO_FACE,,
Real/real_350_aug_3.jpg,REAL,1,ONE_FACE,0.7705,"[-17,4,252,288]"
Real/real_350_aug_4.jpg,REAL,1,ONE_FACE,0.9449,"[6,-9,248,258]"
Real/real_351_aug_0.jpg,REAL,1,ONE_FACE,0.9316,"[31,-9,275,360]"
Real/real_351_aug_1.jpg,REAL,1,ONE_FACE,0.7637,"[27,14,227,214]"
Real/real_351_aug_2.jpg,REAL,1,ONE_FACE,0.9521,"[13,0,272,305]"
Real/real_351_aug_3.jpg,REAL,1,ONE_FACE,0.9171,"[19,8,278,309]"
Real/real_351_aug_4.jpg,REAL,1,ONE_FACE,0.7207,"[35,-13,261,300]"
Real/real_352_aug_0.jpg,REAL,1,ONE_FACE,0.9118,"[55,25,237,277]"
Real/real_352_aug_1.jpg,REAL,1,ONE_FACE,0.8828,"[28,73,254,284]"
Real/real_352_aug_2.jpg,REAL,1,ONE_FACE,0.9040,"[2,20,253,241]"
Real/real_352_aug_3.jpg,REAL,1,ONE_FACE,0.8911,"[28,14,252,291]"
Real/real_352_aug_4.jpg,REAL,1,ONE_FACE,0.8963,"[53,31,241,256]"
Real/real_353_aug_0.jpg,REAL,1,ONE_FACE,0.8789,"[-16,0,249,279]"
Real/real_353_aug_1.jpg,REAL,0,NO_FACE,,
Real/real_353_aug_2.jpg,REAL,0,NO_FACE,,
Real/real_353_aug_3.jpg,REAL,1,ONE_FACE,0.9008,"[7,11,261,284]"
Real/real_353_aug_4.jpg,REAL,0,NO_FACE,,
Real/real_354_aug_0.jpg,REAL,1,ONE_FACE,0.8227,"[15,23,271,250]"
Real/real_354_aug_1.jpg,REAL,1,ONE_FACE,0.8351,"[23,-2,220,224]"
Real/real_354_aug_2.jpg,REAL,1,ONE_FACE,0.9491,"[40,10,212,273]"
Real/real_354_aug_3.jpg,REAL,1,ONE_FACE,0.8967,"[11,9,245,266]"
Real/real_354_aug_4.jpg,REAL,1,ONE_FACE,0.8039,"[12,46,224,213]"
Real/real_355_aug_0.jpg,REAL,1,ONE_FACE,0.8891,"[81,11,177,260]"
Real/real_355_aug_1.jpg,REAL,1,ONE_FACE,0.9355,"[4,1,147,287]"
Real/real_355_aug_2.jpg,REAL,1,ONE_FACE,0.6920,"[133,-6,180,323]"
Real/real_355_aug_3.jpg,REAL,1,ONE_FACE,0.6453,"[95,7,200,304]"
Real/real_355_aug_4.jpg,REAL,1,ONE_FACE,0.6181,"[121,-2,207,332]"
Real/real_356_aug_0.jpg,REAL,1,ONE_FACE,0.8616,"[19,45,273,280]"
Real/real_356_aug_1.jpg,REAL,1,ONE_FACE,0.9453,"[41,57,239,302]"
Real/real_356_aug_2.jpg,REAL,1,ONE_FACE,0.8472,"[19,16,241,265]"
Real/real_356_aug_3.jpg,REAL,1,ONE_FACE,0.9423,"[28,8,252,294]"
Real/real_356_aug_4.jpg,REAL,1,ONE_FACE,0.8672,"[45,7,274,285]"
Real/real_357_aug_0.jpg,REAL,1,ONE_FACE,0.8782,"[8,14,241,299]"
Real/real_357_aug_1.jpg,REAL,1,ONE_FACE,0.9181,"[26,5,266,288]"
Real/real_357_aug_2.jpg,REAL,1,ONE_FACE,0.9056,"[9,2,253,274]"
Real/real_357_aug_3.jpg,REAL,1,ONE_FACE,0.9264,"[-3,0,237,248]"
Real/real_357_aug_4.jpg,REAL,1,ONE_FACE,0.9437,"[74,4,221,254]"
Real/real_358_aug_0.jpg,REAL,1,ONE_FACE,0.9305,"[4,1,235,260]"
Real/real_358_aug_1.jpg,REAL,1,ONE_FACE,0.9006,"[49,15,234,295]"
Real/real_358_aug_2.jpg,REAL,1,ONE_FACE,0.8890,"[7,12,260,277]"
Real/real_358_aug_3.jpg,REAL,1,ONE_FACE,0.9358,"[35,3,243,329]"
Real/real_358_aug_4.jpg,REAL,1,ONE_FACE,0.8657,"[10,29,259,318]"
Real/real_359_aug_0.jpg,REAL,1,ONE_FACE,0.7580,"[0,-12,283,333]"
Real/real_359_aug_1.jpg,REAL,1,ONE_FACE,0.9009,"[-3,-1,256,296]"
Real/real_359_aug_2.jpg,REAL,1,ONE_FACE,0.6095,"[-6,-3,204,247]"
Real/real_359_aug_3.jpg,REAL,1,ONE_FACE,0.9302,"[18,0,244,254]"
Real/real_359_aug_4.jpg,REAL,1,ONE_FACE,0.8824,"[5,2,274,279]"
Real/real_35_aug_0.jpg,REAL,1,ONE_FACE,0.8552,"[34,15,219,233]"
Real/real_35_aug_1.jpg,REAL,1,ONE_FACE,0.9020,"[3,6,221,249]"
Real/real_35_aug_2.jpg,REAL,1,ONE_FACE,0.8355,"[63,18,225,275]"
Real/real_35_aug_3.jpg,REAL,1,ONE_FACE,0.9234,"[46,16,250,313]"
Real/real_35_aug_4.jpg,REAL,1,ONE_FACE,0.7513,"[75,33,211,249]"
Real/real_360_aug_0.jpg,REAL,1,ONE_FACE,0.9114,"[48,25,235,312]"
Real/real_360_aug_1.jpg,REAL,1,ONE_FACE,0.7767,"[27,45,221,209]"
Real/real_360_aug_2.jpg,REAL,1,ONE_FACE,0.9140,"[38,12,228,285]"
Real/real_360_aug_3.jpg,REAL,1,ONE_FACE,0.9073,"[21,11,237,280]"
Real/real_360_aug_4.jpg,REAL,1,ONE_FACE,0.9160,"[21,5,224,259]"
Real/real_361_aug_0.jpg,REAL,1,ONE_FACE,0.8359,"[9,23,208,218]"
Real/real_361_aug_1.jpg,REAL,1,ONE_FACE,0.9328,"[-6,14,226,308]"
Real/real_361_aug_2.jpg,REAL,1,ONE_FACE,0.8428,"[0,29,184,227]"
Real/real_361_aug_3.jpg,REAL,1,ONE_FACE,0.9401,"[-2,2,225,284]"
Real/real_361_aug_4.jpg,REAL,1,ONE_FACE,0.9349,"[62,4,243,303]"
Real/real_362_aug_0.jpg,REAL,1,ONE_FACE,0.9574,"[26,-3,230,264]"
Real/real_362_aug_1.jpg,REAL,1,ONE_FACE,0.7503,"[0,-9,262,235]"
Real/real_362_aug_2.jpg,REAL,0,NO_FACE,,
Real/real_362_aug_3.jpg,REAL,1,ONE_FACE,0.9526,"[10,0,234,257]"
Real/real_362_aug_4.jpg,REAL,1,ONE_FACE,0.9501,"[27,5,242,295]"
Real/real_363_aug_0.jpg,REAL,1,ONE_FACE,0.9224,"[34,10,227,248]"
Real/real_363_aug_1.jpg,REAL,1,ONE_FACE,0.9245,"[30,1,258,291]"
Real/real_363_aug_2.jpg,REAL,1,ONE_FACE,0.9628,"[17,-3,238,299]"
Real/real_363_aug_3.jpg,REAL,1,ONE_FACE,0.9174,"[1,34,244,270]"
Real/real_363_aug_4.jpg,REAL,1,ONE_FACE,0.9303,"[28,9,244,267]"
Real/real_364_aug_0.jpg,REAL,0,NO_FACE,,
Real/real_364_aug_1.jpg,REAL,0,NO_FACE,,
Real/real_364_aug_2.jpg,REAL,1,ONE_FACE,0.8011,"[38,43,245,256]"
Real/real_364_aug_3.jpg,REAL,1,ONE_FACE,0.6542,"[6,-2,294,258]"
Real/real_364_aug_4.jpg,REAL,0,NO_FACE,,
Real/real_365_aug_0.jpg,REAL,1,ONE_FACE,0.9089,"[20,36,241,254]"
Real/real_365_aug_1.jpg,REAL,1,ONE_FACE,0.9312,"[4,17,233,253]"
Real/real_365_aug_2.jpg,REAL,1,ONE_FACE,0.6808,"[1,20,253,271]"
Real/real_365_aug_3.jpg,REAL,1,ONE_FACE,0.6898,"[34,0,269,272]"
Real/real_365_aug_4.jpg,REAL,1,ONE_FACE,0.7862,"[-3,5,237,212]"
Real/real_366_aug_0.jpg,REAL,1,ONE_FACE,0.8440,"[26,37,250,268]"
Real/real_366_aug_1.jpg,REAL,1,ONE_FACE,0.9468,"[53,43,251,286]"
Real/real_366_aug_2.jpg,REAL,1,ONE_FACE,0.9470,"[31,6,229,255]"
Real/real_366_aug_3.jpg,REAL,1,ONE_FACE,0.9445,"[10,7,257,301]"
Real/real_366_aug_4.jpg,REAL,1,ONE_FACE,0.9431,"[24,14,257,293]"
Real/real_367_aug_0.jpg,REAL,1,ONE_FACE,0.8934,"[-2,1,273,302]"
Real/real_367_aug_1.jpg,REAL,1,ONE_FACE,0.8704,"[4,21,215,240]"
Real/real_367_aug_2.jpg,REAL,1,ONE_FACE,0.8996,"[44,11,218,238]"
Real/real_367_aug_3.jpg,REAL,1,ONE_FACE,0.9418,"[27,20,207,270]"
Real/real_367_aug_4.jpg,REAL,1,ONE_FACE,0.8810,"[107,30,216,248]"
Real/real_368_aug_0.jpg,REAL,1,ONE_FACE,0.9475,"[115,11,196,255]"
Real/real_368_aug_1.jpg,REAL,1,ONE_FACE,0.8974,"[3,41,171,242]"
Real/real_368_aug_2.jpg,REAL,1,ONE_FACE,0.8689,"[118,79,191,235]"
Real/real_368_aug_3.jpg,REAL,1,ONE_FACE,0.8956,"[3,28,197,233]"
Real/real_368_aug_4.jpg,REAL,1,ONE_FACE,0.9439,"[128,23,189,245]"
Real/real_369_aug_0.jpg,REAL,1,ONE_FACE,0.9139,"[25,8,248,274]"
Real/real_369_aug_1.jpg,REAL,1,ONE_FACE,0.8592,"[13,20,284,282]"
Real/real_369_aug_2.jpg,REAL,1,ONE_FACE,0.9481,"[12,-5,235,308]"
Real/real_369_aug_3.jpg,REAL,1,ONE_FACE,0.9433,"[13,0,238,314]"
Real/real_369_aug_4.jpg,REAL,1,ONE_FACE,0.8326,"[-4,4,244,318]"
Real/real_36_aug_0.jpg,REAL,1,ONE_FACE,0.9412,"[28,5,224,323]"
Real/real_36_aug_1.jpg,REAL,1,ONE_FACE,0.9367,"[-2,1,203,305]"
Real/real_36_aug_2.jpg,REAL,1,ONE_FACE,0.9033,"[-11,23,239,245]"
Real/real_36_aug_3.jpg,REAL,1,ONE_FACE,0.9404,"[7,1,225,265]"
Real/real_36_aug_4.jpg,REAL,1,ONE_FACE,0.8653,"[12,3,211,223]"
Real/real_370_aug_0.jpg,REAL,1,ONE_FACE,0.9313,"[15,0,258,324]"
Real/real_370_aug_1.jpg,REAL,1,ONE_FACE,0.8444,"[35,0,265,310]"
Real/real_370_aug_2.jpg,REAL,1,ONE_FACE,0.9351,"[29,0,246,334]"
Real/real_370_aug_3.jpg,REAL,1,ONE_FACE,0.9371,"[23,-4,230,298]"
Real/real_370_aug_4.jpg,REAL,1,ONE_FACE,0.7051,"[15,30,244,250]"
Real/real_371_aug_0.jpg,REAL,1,ONE_FACE,0.9038,"[45,23,229,243]"
Real/real_371_aug_1.jpg,REAL,1,ONE_FACE,0.9044,"[46,21,203,225]"
Real/real_371_aug_2.jpg,REAL,1,ONE_FACE,0.8955,"[-3,8,231,283]"
Real/real_371_aug_3.jpg,REAL,1,ONE_FACE,0.8468,"[71,24,234,267]"
Real/real_371_aug_4.jpg,REAL,1,ONE_FACE,0.8715,"[10,10,250,286]"
Real/real_372_aug_0.jpg,REAL,0,NO_FACE,,
Real/real_372_aug_1.jpg,REAL,1,ONE_FACE,0.9220,"[-8,-10,261,358]"
Real/real_372_aug_2.jpg,REAL,0,NO_FACE,,
Real/real_372_aug_3.jpg,REAL,0,NO_FACE,,
Real/real_372_aug_4.jpg,REAL,1,ONE_FACE,0.8540,"[2,-25,318,367]"
Real/real_373_aug_0.jpg,REAL,1,ONE_FACE,0.8821,"[39,26,238,254]"
Real/real_373_aug_1.jpg,REAL,1,ONE_FACE,0.8856,"[34,15,249,284]"
Real/real_373_aug_2.jpg,REAL,1,ONE_FACE,0.9424,"[30,8,232,292]"
Real/real_373_aug_3.jpg,REAL,1,ONE_FACE,0.9442,"[6,1,215,228]"
Real/real_373_aug_4.jpg,REAL,1,ONE_FACE,0.9419,"[35,13,229,284]"
Real/real_374_aug_0.jpg,REAL,1,ONE_FACE,0.9401,"[1,0,280,296]"
Real/real_374_aug_1.jpg,REAL,1,ONE_FACE,0.6344,"[-3,30,320,277]"
Real/real_374_aug_2.jpg,REAL,1,ONE_FACE,0.9300,"[1,2,224,238]"
Real/real_374_aug_3.jpg,REAL,1,ONE_FACE,0.9269,"[-3,0,249,291]"
Real/real_374_aug_4.jpg,REAL,1,ONE_FACE,0.9389,"[15,3,250,305]"
Real/real_375_aug_0.jpg,REAL,1,ONE_FACE,0.8931,"[30,36,269,257]"
Real/real_375_aug_1.jpg,REAL,1,ONE_FACE,0.8757,"[-3,3,263,257]"
Real/real_375_aug_2.jpg,REAL,1,ONE_FACE,0.9249,"[8,7,271,354]"
Real/real_375_aug_3.jpg,REAL,1,ONE_FACE,0.9310,"[27,9,278,311]"
Real/real_375_aug_4.jpg,REAL,1,ONE_FACE,0.9264,"[-7,-9,284,326]"
Real/real_376_aug_0.jpg,REAL,1,ONE_FACE,0.8421,"[-6,5,252,252]"
Real/real_376_aug_1.jpg,REAL,1,ONE_FACE,0.9083,"[2,18,214,272]"
Real/real_376_aug_2.jpg,REAL,1,ONE_FACE,0.8802,"[51,4,227,259]"
Real/real_376_aug_3.jpg,REAL,1,ONE_FACE,0.9528,"[25,7,223,279]"
Real/real_376_aug_4.jpg,REAL,1,ONE_FACE,0.9243,"[0,0,210,265]"
Real/real_377_aug_0.jpg,REAL,1,ONE_FACE,0.8809,"[6,13,267,279]"
Real/real_377_aug_1.jpg,REAL,1,ONE_FACE,0.7592,"[25,-9,306,346]"
Real/real_377_aug_2.jpg,REAL,1,ONE_FACE,0.9513,"[15,1,242,253]"
Real/real_377_aug_3.jpg,REAL,1,ONE_FACE,0.7885,"[47,63,281,300]"
Real/real_377_aug_4.jpg,REAL,1,ONE_FACE,0.9455,"[38,5,244,289]"
Real/real_378_aug_0.jpg,REAL,1,ONE_FACE,0.9266,"[37,31,209,310]"
Real/real_378_aug_1.jpg,REAL,1,ONE_FACE,0.8677,"[29,65,247,268]"
Real/real_378_aug_2.jpg,REAL,1,ONE_FACE,0.9308,"[70,0,185,267]"
Real/real_378_aug_3.jpg,REAL,1,ONE_FACE,0.8849,"[3,33,169,272]"
Real/real_378_aug_4.jpg,REAL,1,ONE_FACE,0.9316,"[34,-2,187,229]"
Real/real_379_aug_0.jpg,REAL,1,ONE_FACE,0.9095,"[40,32,256,250]"
Real/real_379_aug_1.jpg,REAL,1,ONE_FACE,0.8978,"[20,15,251,258]"
Real/real_379_aug_2.jpg,REAL,1,ONE_FACE,0.9381,"[-2,0,222,234]"
Real/real_379_aug_3.jpg,REAL,1,ONE_FACE,0.9441,"[7,0,252,291]"
Real/real_379_aug_4.jpg,REAL,1,ONE_FACE,0.9406,"[17,27,254,294]"
Real/real_37_aug_0.jpg,REAL,1,ONE_FACE,0.9479,"[24,12,253,305]"
Real/real_37_aug_1.jpg,REAL,1,ONE_FACE,0.9447,"[38,6,236,317]"
Real/real_37_aug_2.jpg,REAL,1,ONE_FACE,0.8827,"[3,7,276,265]"
Real/real_37_aug_3.jpg,REAL,1,ONE_FACE,0.9440,"[44,10,244,344]"
Real/real_37_aug_4.jpg,REAL,1,ONE_FACE,0.9401,"[43,8,242,314]"
Real/real_380_aug_0.jpg,REAL,1,ONE_FACE,0.9307,"[95,5,186,233]"
Real/real_380_aug_1.jpg,REAL,1,ONE_FACE,0.9139,"[68,13,210,298]"
Real/real_380_aug_2.jpg,REAL,1,ONE_FACE,0.8051,"[3,34,189,214]"
Real/real_380_aug_3.jpg,REAL,1,ONE_FACE,0.8675,"[58,-1,204,237]"
Real/real_380_aug_4.jpg,REAL,1,ONE_FACE,0.8903,"[77,20,202,287]"
Real/real_381_aug_0.jpg,REAL,1,ONE_FACE,0.8515,"[0,21,218,239]"
Real/real_381_aug_1.jpg,REAL,1,ONE_FACE,0.8482,"[4,21,238,236]"
Real/real_381_aug_2.jpg,REAL,1,ONE_FACE,0.9234,"[16,7,255,303]"
Real/real_381_aug_3.jpg,REAL,1,ONE_FACE,0.8101,"[43,6,247,252]"
Real/real_381_aug_4.jpg,REAL,1,ONE_FACE,0.9143,"[16,1,257,312]"
Real/real_382_aug_0.jpg,REAL,1,ONE_FACE,0.7964,"[-3,24,242,260]"
Real/real_382_aug_1.jpg,REAL,1,ONE_FACE,0.8368,"[20,0,196,215]"
Real/real_382_aug_2.jpg,REAL,1,ONE_FACE,0.9504,"[21,4,230,275]"
Real/real_382_aug_3.jpg,REAL,1,ONE_FACE,0.9479,"[63,8,223,280]"
Real/real_382_aug_4.jpg,REAL,1,ONE_FACE,0.7190,"[2,9,261,308]"
Real/real_383_aug_0.jpg,REAL,1,ONE_FACE,0.9096,"[35,13,236,275]"
Real/real_383_aug_1.jpg,REAL,1,ONE_FACE,0.9563,"[20,5,241,287]"
Real/real_383_aug_2.jpg,REAL,1,ONE_FACE,0.9315,"[-6,8,238,244]"
Real/real_383_aug_3.jpg,REAL,1,ONE_FACE,0.9240,"[0,5,226,247]"
Real/real_383_aug_4.jpg,REAL,1,ONE_FACE,0.9560,"[46,19,237,304]"
Real/real_384_aug_0.jpg,REAL,1,ONE_FACE,0.7516,"[21,24,254,264]"
Real/real_384_aug_1.jpg,REAL,1,ONE_FACE,0.9319,"[24,2,244,309]"
Real/real_384_aug_2.jpg,REAL,1,ONE_FACE,0.8951,"[13,11,271,318]"
Real/real_384_aug_3.jpg,REAL,1,ONE_FACE,0.8826,"[31,33,217,215]"
Real/real_384_aug_4.jpg,REAL,1,ONE_FACE,0.9225,"[-5,0,254,260]"
Real/real_385_aug_0.jpg,REAL,1,ONE_FACE,0.9405,"[35,18,225,292]"
Real/real_385_aug_1.jpg,REAL,1,ONE_FACE,0.8532,"[-5,0,208,247]"
Real/real_385_aug_2.jpg,REAL,1,ONE_FACE,0.8366,"[0,19,205,265]"
Real/real_385_aug_3.jpg,REAL,1,ONE_FACE,0.8322,"[-4,10,235,254]"
Real/real_385_aug_4.jpg,REAL,1,ONE_FACE,0.8655,"[20,12,226,279]"
Real/real_386_aug_0.jpg,REAL,1,ONE_FACE,0.8882,"[24,-3,282,306]"
Real/real_386_aug_1.jpg,REAL,1,ONE_FACE,0.9573,"[27,-1,233,310]"
Real/real_386_aug_2.jpg,REAL,1,ONE_FACE,0.9584,"[33,2,235,312]"
Real/real_386_aug_3.jpg,REAL,1,ONE_FACE,0.9134,"[2,29,281,259]"
Real/real_386_aug_4.jpg,REAL,1,ONE_FACE,0.9407,"[1,9,256,287]"
Real/real_387_aug_0.jpg,REAL,1,ONE_FACE,0.9408,"[12,9,233,281]"
Real/real_387_aug_1.jpg,REAL,0,NO_FACE,,
Real/real_387_aug_2.jpg,REAL,0,NO_FACE,,
Real/real_387_aug_3.jpg,REAL,1,ONE_FACE,0.6586,"[1,-12,310,306]"
Real/real_387_aug_4.jpg,REAL,1,ONE_FACE,0.9318,"[16,8,227,286]"
Real/real_388_aug_0.jpg,REAL,1,ONE_FACE,0.6214,"[18,12,230,206]"
Real/real_388_aug_1.jpg,REAL,1,ONE_FACE,0.8723,"[-8,33,264,272]"
Real/real_388_aug_2.jpg,REAL,1,ONE_FACE,0.7025,"[82,26,226,221]"
Real/real_388_aug_3.jpg,REAL,0,NO_FACE,,
Real/real_388_aug_4.jpg,REAL,0,NO_FACE,,
Real/real_389_aug_0.jpg,REAL,1,ONE_FACE,0.9206,"[50,2,201,261]"
Real/real_389_aug_1.jpg,REAL,1,ONE_FACE,0.8993,"[60,7,218,248]"
Real/real_389_aug_2.jpg,REAL,1,ONE_FACE,0.8873,"[29,18,233,258]"
Real/real_389_aug_3.jpg,REAL,1,ONE_FACE,0.8728,"[5,34,221,231]"
Real/real_389_aug_4.jpg,REAL,1,ONE_FACE,0.8984,"[6,-1,235,227]"
Real/real_38_aug_0.jpg,REAL,1,ONE_FACE,0.8303,"[77,53,167,203]"
Real/real_38_aug_1.jpg,REAL,1,ONE_FACE,0.9179,"[13,23,205,297]"
Real/real_38_aug_2.jpg,REAL,1,ONE_FACE,0.9225,"[77,3,200,284]"
Real/real_38_aug_3.jpg,REAL,1,ONE_FACE,0.9270,"[92,0,207,285]"
Real/real_38_aug_4.jpg,REAL,1,ONE_FACE,0.9176,"[52,-7,168,215]"
Real/real_390_aug_0.jpg,REAL,1,ONE_FACE,0.8610,"[0,13,240,283]"
Real/real_390_aug_1.jpg,REAL,1,ONE_FACE,0.9173,"[11,8,238,271]"
Real/real_390_aug_2.jpg,REAL,0,NO_FACE,,
Real/real_390_aug_3.jpg,REAL,1,ONE_FACE,0.6393,"[99,14,222,276]"
Real/real_390_aug_4.jpg,REAL,1,ONE_FACE,0.8119,"[8,17,233,294]"
Real/real_391_aug_0.jpg,REAL,0,NO_FACE,,
Real/real_391_aug_1.jpg,REAL,1,ONE_FACE,0.6286,"[25,34,282,235]"
Real/real_391_aug_2.jpg,REAL,1,ONE_FACE,0.8500,"[31,63,259,244]"
Real/real_391_aug_3.jpg,REAL,1,ONE_FACE,0.9104,"[-1,3,241,266]"
Real/real_391_aug_4.jpg,REAL,1,ONE_FACE,0.8775,"[32,39,256,276]"
Real/real_392_aug_0.jpg,REAL,1,ONE_FACE,0.6512,"[13,26,218,251]"
Real/real_392_aug_1.jpg,REAL,0,NO_FACE,,
Real/real_392_aug_2.jpg,REAL,0,NO_FACE,,
Real/real_392_aug_3.jpg,REAL,0,NO_FACE,,
Real/real_392_aug_4.jpg,REAL,1,ONE_FACE,0.9148,"[60,12,230,305]"
Real/real_393_aug_0.jpg,REAL,1,ONE_FACE,0.9489,"[30,7,232,301]"
Real/real_393_aug_1.jpg,REAL,1,ONE_FACE,0.9498,"[70,2,230,268]"
Real/real_393_aug_2.jpg,REAL,1,ONE_FACE,0.9463,"[-3,-2,216,242]"
Real/real_393_aug_3.jpg,REAL,1,ONE_FACE,0.8804,"[20,6,253,287]"
Real/real_393_aug_4.jpg,REAL,1,ONE_FACE,0.9488,"[38,1,225,306]"
Real/real_394_aug_0.jpg,REAL,1,ONE_FACE,0.9051,"[12,8,242,246]"
Real/real_394_aug_1.jpg,REAL,1,ONE_FACE,0.8746,"[19,31,270,253]"
Real/real_394_aug_2.jpg,REAL,1,ONE_FACE,0.8889,"[1,-3,259,281]"
Real/real_394_aug_3.jpg,REAL,1,ONE_FACE,0.9612,"[67,1,230,314]"
Real/real_394_aug_4.jpg,REAL,1,ONE_FACE,0.9523,"[40,3,249,274]"
Real/real_395_aug_0.jpg,REAL,1,ONE_FACE,0.9052,"[12,7,288,283]"
Real/real_395_aug_1.jpg,REAL,1,ONE_FACE,0.9598,"[9,1,252,310]"
Real/real_395_aug_2.jpg,REAL,1,ONE_FACE,0.9122,"[-7,-7,219,227]"
Real/real_395_aug_3.jpg,REAL,1,ONE_FACE,0.9154,"[8,2,294,283]"
Real/real_395_aug_4.jpg,REAL,1,ONE_FACE,0.9094,"[-1,7,260,235]"
Real/real_396_aug_0.jpg,REAL,1,ONE_FACE,0.9085,"[-1,5,240,275]"
Real/real_396_aug_1.jpg,REAL,1,ONE_FACE,0.8517,"[33,4,264,279]"
Real/real_396_aug_2.jpg,REAL,1,ONE_FACE,0.9145,"[33,3,244,287]"
Real/real_396_aug_3.jpg,REAL,1,ONE_FACE,0.9550,"[52,4,232,291]"
Real/real_396_aug_4.jpg,REAL,1,ONE_FACE,0.9440,"[65,3,226,276]"
Real/real_397_aug_0.jpg,REAL,0,NO_FACE,,
Real/real_397_aug_1.jpg,REAL,1,ONE_FACE,0.9096,"[94,1,172,240]"
Real/real_397_aug_2.jpg,REAL,1,ONE_FACE,0.9159,"[121,3,161,296]"
Real/real_397_aug_3.jpg,REAL,0,NO_FACE,,
Real/real_397_aug_4.jpg,REAL,1,ONE_FACE,0.8926,"[89,0,164,259]"
Real/real_398_aug_0.jpg,REAL,1,ONE_FACE,0.8376,"[-16,1,225,188]"
Real/real_398_aug_1.jpg,REAL,1,ONE_FACE,0.9390,"[40,1,233,277]"
Real/real_398_aug_2.jpg,REAL,1,ONE_FACE,0.9274,"[54,23,240,301]"
Real/real_398_aug_3.jpg,REAL,1,ONE_FACE,0.7424,"[7,29,247,264]"
Real/real_398_aug_4.jpg,REAL,1,ONE_FACE,0.9038,"[0,4,220,227]"
Real/real_399_aug_0.jpg,REAL,1,ONE_FACE,0.6144,"[30,9,290,248]"
Real/real_399_aug_1.jpg,REAL,0,NO_FACE,,
Real/real_399_aug_2.jpg,REAL,1,ONE_FACE,0.7489,"[33,34,228,216]"
Real/real_399_aug_3.jpg,REAL,1,ONE_FACE,0.9293,"[7,28,221,265]"
Real/real_399_aug_4.jpg,REAL,1,ONE_FACE,0.7185,"[48,6,221,213]"
Real/real_39_aug_0.jpg,REAL,1,ONE_FACE,0.7111,"[60,7,203,270]"
Real/real_39_aug_1.jpg,REAL,1,ONE_FACE,0.9414,"[22,-2,231,288]"
Real/real_39_aug_2.jpg,REAL,1,ONE_FACE,0.8935,"[55,21,229,269]"
Real/real_39_aug_3.jpg,REAL,1,ONE_FACE,0.8817,"[18,10,252,267]"
Real/real_39_aug_4.jpg,REAL,1,ONE_FACE,0.9178,"[55,9,254,288]"
Real/real_3_aug_0.jpg,REAL,1,ONE_FACE,0.8802,"[3,-2,277,309]"
Real/real_3_aug_1.jpg,REAL,1,ONE_FACE,0.8995,"[19,-7,235,252]"
Real/real_3_aug_2.jpg,REAL,1,ONE_FACE,0.8964,"[13,40,263,305]"
Real/real_3_aug_3.jpg,REAL,1,ONE_FACE,0.9421,"[49,34,234,276]"
Real/real_3_aug_4.jpg,REAL,1,ONE_FACE,0.8482,"[32,16,237,273]"
Real/real_400_aug_0.jpg,REAL,1,ONE_FACE,0.9454,"[44,3,234,224]"
Real/real_400_aug_1.jpg,REAL,1,ONE_FACE,0.9603,"[26,-1,228,280]"
Real/real_400_aug_2.jpg,REAL,1,ONE_FACE,0.9583,"[23,-3,243,284]"
Real/real_400_aug_3.jpg,REAL,1,ONE_FACE,0.8410,"[-4,-6,250,327]"
Real/real_400_aug_4.jpg,REAL,1,ONE_FACE,0.9535,"[34,26,235,316]"
Real/real_401_aug_0.jpg,REAL,1,ONE_FACE,0.8824,"[-9,22,248,284]"
Real/real_401_aug_1.jpg,REAL,1,ONE_FACE,0.8906,"[71,3,239,296]"
Real/real_401_aug_2.jpg,REAL,1,ONE_FACE,0.8771,"[61,22,262,287]"
Real/real_401_aug_3.jpg,REAL,1,ONE_FACE,0.9306,"[9,6,239,269]"
Real/real_401_aug_4.jpg,REAL,1,ONE_FACE,0.8888,"[26,63,233,227]"
Real/real_402_aug_0.jpg,REAL,1,ONE_FACE,0.8847,"[6,4,245,291]"
Real/real_402_aug_1.jpg,REAL,1,ONE_FACE,0.8784,"[50,-18,270,361]"
Real/real_402_aug_2.jpg,REAL,0,NO_FACE,,
Real/real_402_aug_3.jpg,REAL,0,NO_FACE,,
Real/real_402_aug_4.jpg,REAL,0,NO_FACE,,
Real/real_403_aug_0.jpg,REAL,1,ONE_FACE,0.8876,"[43,47,219,254]"
Real/real_403_aug_1.jpg,REAL,1,ONE_FACE,0.9346,"[14,11,194,282]"
Real/real_403_aug_2.jpg,REAL,1,ONE_FACE,0.8885,"[44,34,211,266]"
Real/real_403_aug_3.jpg,REAL,1,ONE_FACE,0.8624,"[-12,0,267,260]"
Real/real_403_aug_4.jpg,REAL,1,ONE_FACE,0.8050,"[46,9,260,265]"
Real/real_404_aug_0.jpg,REAL,1,ONE_FACE,0.9518,"[17,6,243,288]"
Real/real_404_aug_1.jpg,REAL,1,ONE_FACE,0.9410,"[25,1,280,281]"
Real/real_404_aug_2.jpg,REAL,1,ONE_FACE,0.9118,"[6,0,268,270]"
Real/real_404_aug_3.jpg,REAL,1,ONE_FACE,0.9070,"[44,19,261,286]"
Real/real_404_aug_4.jpg,REAL,1,ONE_FACE,0.9436,"[55,35,237,318]"
Real/real_405_aug_0.jpg,REAL,1,ONE_FACE,0.9121,"[4,3,275,302]"
Real/real_405_aug_1.jpg,REAL,1,ONE_FACE,0.8982,"[0,16,280,262]"
Real/real_405_aug_2.jpg,REAL,1,ONE_FACE,0.9153,"[52,9,240,254]"
Real/real_405_aug_3.jpg,REAL,1,ONE_FACE,0.8929,"[79,55,239,255]"
Real/real_405_aug_4.jpg,REAL,1,ONE_FACE,0.9146,"[-21,0,308,299]"
Real/real_406_aug_0.jpg,REAL,1,ONE_FACE,0.8938,"[12,33,245,261]"
Real/real_406_aug_1.jpg,REAL,1,ONE_FACE,0.9603,"[-4,-2,209,257]"
Real/real_406_aug_2.jpg,REAL,1,ONE_FACE,0.8699,"[2,41,200,241]"
Real/real_406_aug_3.jpg,REAL,1,ONE_FACE,0.9578,"[42,3,221,280]"
Real/real_406_aug_4.jpg,REAL,1,ONE_FACE,0.9124,"[9,26,218,224]"
Real/real_407_aug_0.jpg,REAL,1,ONE_FACE,0.9423,"[12,-3,193,257]"
Real/real_407_aug_1.jpg,REAL,1,ONE_FACE,0.7751,"[25,8,197,300]"
Real/real_407_aug_2.jpg,REAL,1,ONE_FACE,0.9430,"[29,8,188,232]"
Real/real_407_aug_3.jpg,REAL,1,ONE_FACE,0.9491,"[39,0,198,256]"
Real/real_407_aug_4.jpg,REAL,1,ONE_FACE,0.9376,"[89,8,200,301]"
Real/real_408_aug_0.jpg,REAL,1,ONE_FACE,0.9587,"[14,0,235,288]"
Real/real_408_aug_1.jpg,REAL,1,ONE_FACE,0.9464,"[55,17,232,302]"
Real/real_408_aug_2.jpg,REAL,1,ONE_FACE,0.9477,"[12,38,222,269]"
Real/real_408_aug_3.jpg,REAL,1,ONE_FACE,0.8012,"[-11,15,284,286]"
Real/real_408_aug_4.jpg,REAL,1,ONE_FACE,0.9304,"[42,17,251,273]"
Real/real_409_aug_0.jpg,REAL,1,ONE_FACE,0.8785,"[-10,-6,233,270]"
Real/real_409_aug_1.jpg,REAL,1,ONE_FACE,0.9482,"[4,10,226,301]"
Real/real_409_aug_2.jpg,REAL,1,ONE_FACE,0.8873,"[8,4,266,308]"
Real/real_409_aug_3.jpg,REAL,1,ONE_FACE,0.9363,"[39,3,248,276]"
Real/real_409_aug_4.jpg,REAL,1,ONE_FACE,0.9432,"[6,0,245,254]"
Real/real_40_aug_0.jpg,REAL,1,ONE_FACE,0.9427,"[-7,6,220,259]"
Real/real_40_aug_1.jpg,REAL,1,ONE_FACE,0.8848,"[17,13,243,294]"
Real/real_40_aug_2.jpg,REAL,1,ONE_FACE,0.9342,"[-17,3,264,260]"
Real/real_40_aug_3.jpg,REAL,1,ONE_FACE,0.9342,"[42,-7,179,228]"
Real/real_40_aug_4.jpg,REAL,1,ONE_FACE,0.8358,"[-20,-15,212,349]"
Real/real_410_aug_0.jpg,REAL,1,ONE_FACE,0.9011,"[-4,0,214,299]"
Real/real_410_aug_1.jpg,REAL,1,ONE_FACE,0.9517,"[11,-3,240,283]"
Real/real_410_aug_2.jpg,REAL,1,ONE_FACE,0.9571,"[7,-6,228,267]"
Real/real_410_aug_3.jpg,REAL,1,ONE_FACE,0.9505,"[51,25,254,293]"
Real/real_410_aug_4.jpg,REAL,1,ONE_FACE,0.9144,"[-3,20,270,306]"
Real/real_411_aug_0.jpg,REAL,1,ONE_FACE,0.9580,"[19,0,242,315]"
Real/real_411_aug_1.jpg,REAL,1,ONE_FACE,0.8967,"[10,15,270,269]"
Real/real_411_aug_2.jpg,REAL,1,ONE_FACE,0.9009,"[-4,4,259,243]"
Real/real_411_aug_3.jpg,REAL,1,ONE_FACE,0.9588,"[13,5,246,293]"
Real/real_411_aug_4.jpg,REAL,1,ONE_FACE,0.8725,"[8,2,276,310]"
Real/real_412_aug_0.jpg,REAL,1,ONE_FACE,0.9427,"[41,0,252,289]"
Real/real_412_aug_1.jpg,REAL,1,ONE_FACE,0.8828,"[57,34,258,272]"
Real/real_412_aug_2.jpg,REAL,1,ONE_FACE,0.9587,"[35,-5,228,259]"
Real/real_412_aug_3.jpg,REAL,1,ONE_FACE,0.9059,"[20,21,236,230]"
Real/real_412_aug_4.jpg,REAL,1,ONE_FACE,0.8595,"[31,35,251,271]"
Real/real_413_aug_0.jpg,REAL,1,ONE_FACE,0.9418,"[15,6,263,286]"
Real/real_413_aug_1.jpg,REAL,1,ONE_FACE,0.9251,"[0,2,236,261]"
Real/real_413_aug_2.jpg,REAL,1,ONE_FACE,0.9159,"[-3,-2,231,257]"
Real/real_413_aug_3.jpg,REAL,1,ONE_FACE,0.8987,"[14,4,251,277]"
Real/real_413_aug_4.jpg,REAL,1,ONE_FACE,0.9475,"[38,2,248,313]"
Real/real_414_aug_0.jpg,REAL,1,ONE_FACE,0.9235,"[21,1,244,316]"
Real/real_414_aug_1.jpg,REAL,1,ONE_FACE,0.9213,"[21,-3,263,323]"
Real/real_414_aug_2.jpg,REAL,1,ONE_FACE,0.8928,"[4,8,273,284]"
Real/real_414_aug_3.jpg,REAL,0,NO_FACE,,
Real/real_414_aug_4.jpg,REAL,1,ONE_FACE,0.8325,"[-6,-1,223,259]"
Real/real_415_aug_0.jpg,REAL,1,ONE_FACE,0.9507,"[23,2,221,268]"
Real/real_415_aug_1.jpg,REAL,1,ONE_FACE,0.8642,"[13,3,230,233]"
Real/real_415_aug_2.jpg,REAL,1,ONE_FACE,0.9502,"[37,6,210,241]"
Real/real_415_aug_3.jpg,REAL,1,ONE_FACE,0.9226,"[-1,1,206,217]"
Real/real_415_aug_4.jpg,REAL,1,ONE_FACE,0.8633,"[14,35,243,246]"
Real/real_416_aug_0.jpg,REAL,1,ONE_FACE,0.9377,"[12,7,258,280]"
Real/real_416_aug_1.jpg,REAL,1,ONE_FACE,0.9407,"[-15,-3,243,259]"
Real/real_416_aug_2.jpg,REAL,1,ONE_FACE,0.9004,"[65,41,253,270]"
Real/real_416_aug_3.jpg,REAL,1,ONE_FACE,0.9569,"[14,4,252,257]"
Real/real_416_aug_4.jpg,REAL,1,ONE_FACE,0.9460,"[41,2,253,292]"
Real/real_417_aug_0.jpg,REAL,1,ONE_FACE,0.9440,"[17,6,192,266]"
Real/real_417_aug_1.jpg,REAL,1,ONE_FACE,0.9068,"[100,4,150,162]"
Real/real_417_aug_2.jpg,REAL,1,ONE_FACE,0.9444,"[113,11,191,276]"
Real/real_417_aug_3.jpg,REAL,1,ONE_FACE,0.9233,"[83,26,192,258]"
Real/real_417_aug_4.jpg,REAL,1,ONE_FACE,0.9303,"[-5,2,184,228]"
Real/real_418_aug_0.jpg,REAL,1,ONE_FACE,0.8419,"[34,67,227,240]"
Real/real_418_aug_1.jpg,REAL,1,ONE_FACE,0.8443,"[53,112,228,263]"
Real/real_418_aug_2.jpg,REAL,1,ONE_FACE,0.9288,"[20,2,201,235]"
Real/real_418_aug_3.jpg,REAL,1,ONE_FACE,0.9423,"[42,6,190,239]"
Real/real_418_aug_4.jpg,REAL,1,ONE_FACE,0.9406,"[48,3,189,261]"
Real/real_419_aug_0.jpg,REAL,1,ONE_FACE,0.8304,"[120,50,174,226]"
Real/real_419_aug_1.jpg,REAL,1,ONE_FACE,0.7528,"[38,4,251,282]"
Real/real_419_aug_2.jpg,REAL,1,ONE_FACE,0.9107,"[100,48,214,289]"
Real/real_419_aug_3.jpg,REAL,1,ONE_FACE,0.8898,"[11,15,198,262]"
Real/real_419_aug_4.jpg,REAL,1,ONE_FACE,0.6251,"[1,-4,242,216]"
Real/real_41_aug_0.jpg,REAL,1,ONE_FACE,0.7303,"[94,0,235,296]"
Real/real_41_aug_1.jpg,REAL,0,NO_FACE,,
Real/real_41_aug_2.jpg,REAL,0,NO_FACE,,
Real/real_41_aug_3.jpg,REAL,0,NO_FACE,,
Real/real_41_aug_4.jpg,REAL,1,ONE_FACE,0.8656,"[57,23,202,243]"
Real/real_420_aug_0.jpg,REAL,1,ONE_FACE,0.8980,"[15,20,193,287]"
Real/real_420_aug_1.jpg,REAL,1,ONE_FACE,0.9260,"[1,4,174,250]"
Real/real_420_aug_2.jpg,REAL,1,ONE_FACE,0.9231,"[3,6,188,236]"
Real/real_420_aug_3.jpg,REAL,1,ONE_FACE,0.8503,"[25,12,197,245]"
Real/real_420_aug_4.jpg,REAL,1,ONE_FACE,0.8681,"[43,3,201,270]"
Real/real_421_aug_0.jpg,REAL,1,ONE_FACE,0.9011,"[-5,4,265,264]"
Real/real_421_aug_1.jpg,REAL,1,ONE_FACE,0.9123,"[-4,4,262,270]"
Real/real_421_aug_2.jpg,REAL,1,ONE_FACE,0.9406,"[7,2,282,324]"
Real/real_421_aug_3.jpg,REAL,1,ONE_FACE,0.9195,"[7,27,310,298]"
Real/real_421_aug_4.jpg,REAL,1,ONE_FACE,0.8458,"[7,0,261,284]"
Real/real_422_aug_0.jpg,REAL,1,ONE_FACE,0.8991,"[14,19,227,239]"
Real/real_422_aug_1.jpg,REAL,1,ONE_FACE,0.9523,"[52,16,234,286]"
Real/real_422_aug_2.jpg,REAL,1,ONE_FACE,0.9528,"[41,6,238,296]"
Real/real_422_aug_3.jpg,REAL,1,ONE_FACE,0.8718,"[25,31,234,286]"
Real/real_422_aug_4.jpg,REAL,1,ONE_FACE,0.8822,"[-2,4,232,311]"
Real/real_423_aug_0.jpg,REAL,1,ONE_FACE,0.8930,"[83,54,166,210]"
Real/real_423_aug_1.jpg,REAL,1,ONE_FACE,0.8319,"[85,65,174,190]"
Real/real_423_aug_2.jpg,REAL,1,ONE_FACE,0.9034,"[109,50,178,222]"
Real/real_423_aug_3.jpg,REAL,1,ONE_FACE,0.6636,"[11,19,131,144]"
Real/real_423_aug_4.jpg,REAL,1,ONE_FACE,0.9066,"[55,7,173,209]"
Real/real_424_aug_0.jpg,REAL,1,ONE_FACE,0.8990,"[-3,13,212,240]"
Real/real_424_aug_1.jpg,REAL,1,ONE_FACE,0.9282,"[24,5,215,284]"
Real/real_424_aug_2.jpg,REAL,1,ONE_FACE,0.9086,"[51,22,240,277]"
Real/real_424_aug_3.jpg,REAL,1,ONE_FACE,0.9554,"[35,7,217,279]"
Real/real_424_aug_4.jpg,REAL,1,ONE_FACE,0.9506,"[15,1,219,283]"
Real/real_425_aug_0.jpg,REAL,1,ONE_FACE,0.6395,"[-8,11,326,335]"
Real/real_425_aug_1.jpg,REAL,1,ONE_FACE,0.8652,"[-7,-12,267,331]"
Real/real_425_aug_2.jpg,REAL,1,ONE_FACE,0.9266,"[4,0,297,336]"
Real/real_425_aug_3.jpg,REAL,1,ONE_FACE,0.6875,"[-2,5,312,331]"
Real/real_425_aug_4.jpg,REAL,1,ONE_FACE,0.9149,"[13,-26,307,337]"
Real/real_426_aug_0.jpg,REAL,1,ONE_FACE,0.9372,"[13,2,249,238]"
Real/real_426_aug_1.jpg,REAL,1,ONE_FACE,0.9440,"[1,-2,238,261]"
Real/real_426_aug_2.jpg,REAL,1,ONE_FACE,0.8545,"[1,20,253,291]"
Real/real_426_aug_3.jpg,REAL,1,ONE_FACE,0.9384,"[-1,-1,238,259]"
Real/real_426_aug_4.jpg,REAL,1,ONE_FACE,0.8278,"[13,46,239,263]"
Real/real_427_aug_0.jpg,REAL,1,ONE_FACE,0.9347,"[12,11,232,264]"
Real/real_427_aug_1.jpg,REAL,1,ONE_FACE,0.9340,"[38,6,247,277]"
Real/real_427_aug_2.jpg,REAL,1,ONE_FACE,0.8006,"[-9,-2,236,284]"
Real/real_427_aug_3.jpg,REAL,1,ONE_FACE,0.8864,"[21,0,262,238]"
Real/real_427_aug_4.jpg,REAL,1,ONE_FACE,0.9323,"[26,22,241,270]"
Real/real_428_aug_0.jpg,REAL,1,ONE_FACE,0.9290,"[87,12,204,294]"
Real/real_428_aug_1.jpg,REAL,1,ONE_FACE,0.9090,"[92,38,192,253]"
Real/real_428_aug_2.jpg,REAL,1,ONE_FACE,0.9270,"[81,12,214,289]"
Real/real_428_aug_3.jpg,REAL,1,ONE_FACE,0.9287,"[78,21,208,301]"
Real/real_428_aug_4.jpg,REAL,1,ONE_FACE,0.9126,"[23,32,229,277]"
Real/real_429_aug_0.jpg,REAL,1,ONE_FACE,0.9401,"[25,14,235,274]"
Real/real_429_aug_1.jpg,REAL,1,ONE_FACE,0.9383,"[38,3,231,301]"
Real/real_429_aug_2.jpg,REAL,1,ONE_FACE,0.9157,"[-10,-4,195,263]"
Real/real_429_aug_3.jpg,REAL,1,ONE_FACE,0.7851,"[93,18,216,274]"
Real/real_429_aug_4.jpg,REAL,1,ONE_FACE,0.8344,"[22,57,263,268]"
Real/real_42_aug_0.jpg,REAL,1,ONE_FACE,0.8106,"[29,1,275,296]"
Real/real_42_aug_1.jpg,REAL,1,ONE_FACE,0.9449,"[0,38,239,270]"
Real/real_42_aug_2.jpg,REAL,1,ONE_FACE,0.9426,"[44,10,249,300]"
Real/real_42_aug_3.jpg,REAL,1,ONE_FACE,0.9408,"[11,13,265,302]"
Real/real_42_aug_4.jpg,REAL,1,ONE_FACE,0.8485,"[4,-2,289,243]"
Real/real_430_aug_0.jpg,REAL,1,ONE_FACE,0.8942,"[1,4,260,320]"
Real/real_430_aug_1.jpg,REAL,1,ONE_FACE,0.8878,"[-6,6,239,302]"
Real/real_430_aug_2.jpg,REAL,1,ONE_FACE,0.9596,"[0,-8,205,291]"
Real/real_430_aug_3.jpg,REAL,1,ONE_FACE,0.9131,"[20,-8,233,278]"
Real/real_430_aug_4.jpg,REAL,1,ONE_FACE,0.9199,"[-9,-4,235,258]"
Real/real_431_aug_0.jpg,REAL,1,ONE_FACE,0.9496,"[34,-2,208,261]"
Real/real_431_aug_1.jpg,REAL,1,ONE_FACE,0.9491,"[2,0,200,264]"
Real/real_431_aug_2.jpg,REAL,1,ONE_FACE,0.9497,"[4,2,210,234]"
Real/real_431_aug_3.jpg,REAL,1,ONE_FACE,0.8559,"[24,17,247,255]"
Real/real_431_aug_4.jpg,REAL,1,ONE_FACE,0.8707,"[18,28,253,284]"
Real/real_432_aug_0.jpg,REAL,1,ONE_FACE,0.9276,"[12,-3,191,281]"
Real/real_432_aug_1.jpg,REAL,1,ONE_FACE,0.9216,"[65,1,185,251]"
Real/real_432_aug_2.jpg,REAL,1,ONE_FACE,0.9068,"[16,17,190,270]"
Real/real_432_aug_3.jpg,REAL,1,ONE_FACE,0.8757,"[2,7,170,262]"
Real/real_432_aug_4.jpg,REAL,1,ONE_FACE,0.9186,"[48,1,189,234]"
Real/real_433_aug_0.jpg,REAL,1,ONE_FACE,0.9403,"[33,6,260,317]"
Real/real_433_aug_1.jpg,REAL,1,ONE_FACE,0.9497,"[7,-5,239,267]"
Real/real_433_aug_2.jpg,REAL,1,ONE_FACE,0.8862,"[24,-8,274,337]"
Real/real_433_aug_3.jpg,REAL,1,ONE_FACE,0.8126,"[-18,-3,304,351]"
Real/real_433_aug_4.jpg,REAL,1,ONE_FACE,0.8805,"[-9,-3,288,329]"
Real/real_434_aug_0.jpg,REAL,1,ONE_FACE,0.9385,"[7,7,227,269]"
Real/real_434_aug_1.jpg,REAL,1,ONE_FACE,0.9166,"[2,7,208,298]"
Real/real_434_aug_2.jpg,REAL,1,ONE_FACE,0.8955,"[76,8,197,251]"
Real/real_434_aug_3.jpg,REAL,1,ONE_FACE,0.9292,"[4,7,200,263]"
Real/real_434_aug_4.jpg,REAL,1,ONE_FACE,0.9167,"[92,11,192,274]"
Real/real_435_aug_0.jpg,REAL,1,ONE_FACE,0.9178,"[-1,27,142,280]"
Real/real_435_aug_1.jpg,REAL,1,ONE_FACE,0.8443,"[22,3,165,227]"
Real/real_435_aug_2.jpg,REAL,1,ONE_FACE,0.8347,"[23,44,174,247]"
Real/real_435_aug_3.jpg,REAL,1,ONE_FACE,0.8316,"[32,8,158,178]"
Real/real_435_aug_4.jpg,REAL,1,ONE_FACE,0.9156,"[101,6,166,253]"
Real/real_436_aug_0.jpg,REAL,1,ONE_FACE,0.8797,"[4,24,190,224]"
Real/real_436_aug_1.jpg,REAL,1,ONE_FACE,0.9098,"[6,13,173,240]"
Real/real_436_aug_2.jpg,REAL,1,ONE_FACE,0.7467,"[109,65,187,200]"
Real/real_436_aug_3.jpg,REAL,1,ONE_FACE,0.8679,"[-6,13,224,243]"
Real/real_436_aug_4.jpg,REAL,1,ONE_FACE,0.9072,"[13,27,190,237]"
Real/real_437_aug_0.jpg,REAL,1,ONE_FACE,0.8626,"[18,23,286,262]"
Real/real_437_aug_1.jpg,REAL,1,ONE_FACE,0.9041,"[8,0,262,274]"
Real/real_437_aug_2.jpg,REAL,1,ONE_FACE,0.9072,"[-5,9,231,242]"
Real/real_437_aug_3.jpg,REAL,1,ONE_FACE,0.8978,"[34,17,237,310]"
Real/real_437_aug_4.jpg,REAL,1,ONE_FACE,0.9084,"[0,6,244,276]"
Real/real_438_aug_0.jpg,REAL,1,ONE_FACE,0.8890,"[16,25,233,233]"
Real/real_438_aug_1.jpg,REAL,1,ONE_FACE,0.8953,"[51,4,255,274]"
Real/real_438_aug_2.jpg,REAL,1,ONE_FACE,0.8947,"[13,5,253,270]"
Real/real_438_aug_3.jpg,REAL,1,ONE_FACE,0.8547,"[24,12,230,227]"
Real/real_438_aug_4.jpg,REAL,1,ONE_FACE,0.9401,"[54,27,247,294]"
Real/real_439_aug_0.jpg,REAL,1,ONE_FACE,0.9352,"[2,2,213,316]"
Real/real_439_aug_1.jpg,REAL,1,ONE_FACE,0.8146,"[12,29,262,269]"
Real/real_439_aug_2.jpg,REAL,1,ONE_FACE,0.9412,"[66,2,194,275]"
Real/real_439_aug_3.jpg,REAL,0,NO_FACE,,
Real/real_439_aug_4.jpg,REAL,1,ONE_FACE,0.9380,"[3,4,212,293]"
Real/real_43_aug_0.jpg,REAL,1,ONE_FACE,0.8893,"[4,33,252,286]"
Real/real_43_aug_1.jpg,REAL,1,ONE_FACE,0.9503,"[19,-3,244,280]"
Real/real_43_aug_2.jpg,REAL,1,ONE_FACE,0.8822,"[7,2,221,291]"
Real/real_43_aug_3.jpg,REAL,1,ONE_FACE,0.9498,"[28,1,241,290]"
Real/real_43_aug_4.jpg,REAL,1,ONE_FACE,0.9017,"[19,0,249,304]"
Real/real_440_aug_0.jpg,REAL,1,ONE_FACE,0.8954,"[-5,22,230,267]"
Real/real_440_aug_1.jpg,REAL,0,NO_FACE,,
Real/real_440_aug_2.jpg,REAL,0,NO_FACE,,
Real/real_440_aug_3.jpg,REAL,0,NO_FACE,,
Real/real_440_aug_4.jpg,REAL,1,ONE_FACE,0.9191,"[18,19,243,304]"
Real/real_441_aug_0.jpg,REAL,1,ONE_FACE,0.8557,"[-5,27,257,226]"
Real/real_441_aug_1.jpg,REAL,1,ONE_FACE,0.9399,"[24,-5,253,291]"
Real/real_441_aug_2.jpg,REAL,1,ONE_FACE,0.8398,"[41,96,268,250]"
Real/real_441_aug_3.jpg,REAL,1,ONE_FACE,0.9233,"[23,-1,203,229]"
Real/real_441_aug_4.jpg,REAL,1,ONE_FACE,0.9208,"[4,8,266,274]"
Real/real_442_aug_0.jpg,REAL,1,ONE_FACE,0.8529,"[65,7,254,295]"
Real/real_442_aug_1.jpg,REAL,1,ONE_FACE,0.9381,"[7,10,235,281]"
Real/real_442_aug_2.jpg,REAL,1,ONE_FACE,0.9481,"[6,6,206,251]"
Real/real_442_aug_3.jpg,REAL,1,ONE_FACE,0.9469,"[3,10,206,258]"
Real/real_442_aug_4.jpg,REAL,1,ONE_FACE,0.8521,"[67,9,250,296]"
Real/real_443_aug_0.jpg,REAL,1,ONE_FACE,0.9378,"[23,6,268,345]"
Real/real_443_aug_1.jpg,REAL,1,ONE_FACE,0.9454,"[-7,-2,281,292]"
Real/real_443_aug_2.jpg,REAL,1,ONE_FACE,0.8479,"[-11,20,263,221]"
Real/real_443_aug_3.jpg,REAL,1,ONE_FACE,0.9434,"[-9,3,264,291]"
Real/real_443_aug_4.jpg,REAL,1,ONE_FACE,0.8370,"[21,9,234,270]"
Real/real_444_aug_0.jpg,REAL,1,ONE_FACE,0.9189,"[17,9,216,318]"
Real/real_444_aug_1.jpg,REAL,1,ONE_FACE,0.9338,"[34,5,220,270]"
Real/real_444_aug_2.jpg,REAL,1,ONE_FACE,0.8486,"[53,-1,239,285]"
Real/real_444_aug_3.jpg,REAL,1,ONE_FACE,0.8794,"[-7,14,233,272]"
Real/real_444_aug_4.jpg,REAL,1,ONE_FACE,0.8646,"[-3,14,219,282]"
Real/real_445_aug_0.jpg,REAL,1,ONE_FACE,0.9113,"[35,44,246,262]"
Real/real_445_aug_1.jpg,REAL,1,ONE_FACE,0.9378,"[52,8,230,273]"
Real/real_445_aug_2.jpg,REAL,1,ONE_FACE,0.9414,"[5,0,210,251]"
Real/real_445_aug_3.jpg,REAL,1,ONE_FACE,0.7767,"[30,8,252,298]"
Real/real_445_aug_4.jpg,REAL,1,ONE_FACE,0.7654,"[32,19,265,290]"
Real/real_446_aug_0.jpg,REAL,1,ONE_FACE,0.8736,"[0,11,163,245]"
Real/real_446_aug_1.jpg,REAL,1,ONE_FACE,0.7505,"[49,25,220,240]"
Real/real_446_aug_2.jpg,REAL,1,ONE_FACE,0.9209,"[6,15,200,248]"
Real/real_446_aug_3.jpg,REAL,1,ONE_FACE,0.9351,"[63,17,191,283]"
Real/real_446_aug_4.jpg,REAL,1,ONE_FACE,0.7987,"[140,27,174,279]"
Real/real_447_aug_0.jpg,REAL,1,ONE_FACE,0.9285,"[46,-5,221,313]"
Real/real_447_aug_1.jpg,REAL,1,ONE_FACE,0.8773,"[43,16,213,224]"
Real/real_447_aug_2.jpg,REAL,1,ONE_FACE,0.9345,"[32,6,215,263]"
Real/real_447_aug_3.jpg,REAL,1,ONE_FACE,0.9362,"[39,8,211,258]"
Real/real_447_aug_4.jpg,REAL,1,ONE_FACE,0.8593,"[-2,2,241,248]"
Real/real_448_aug_0.jpg,REAL,1,ONE_FACE,0.8739,"[-9,-5,252,312]"
Real/real_448_aug_1.jpg,REAL,1,ONE_FACE,0.9012,"[13,-1,288,309]"
Real/real_448_aug_2.jpg,REAL,1,ONE_FACE,0.9502,"[25,5,248,240]"
Real/real_448_aug_3.jpg,REAL,1,ONE_FACE,0.9246,"[-7,2,282,238]"
Real/real_448_aug_4.jpg,REAL,1,ONE_FACE,0.9148,"[-1,-4,264,254]"
Real/real_449_aug_0.jpg,REAL,1,ONE_FACE,0.8679,"[15,-1,303,307]"
Real/real_449_aug_1.jpg,REAL,1,ONE_FACE,0.8777,"[-2,32,304,291]"
Real/real_449_aug_2.jpg,REAL,1,ONE_FACE,0.9431,"[62,1,254,316]"
Real/real_449_aug_3.jpg,REAL,1,ONE_FACE,0.8610,"[0,20,254,243]"
Real/real_449_aug_4.jpg,REAL,1,ONE_FACE,0.7946,"[-11,18,318,324]"
Real/real_44_aug_0.jpg,REAL,1,ONE_FACE,0.9389,"[104,111,128,152]"
Real/real_44_aug_1.jpg,REAL,1,ONE_FACE,0.9353,"[147,148,124,145]"
Real/real_44_aug_2.jpg,REAL,1,ONE_FACE,0.8806,"[100,3,129,138]"
Real/real_44_aug_3.jpg,REAL,1,ONE_FACE,0.9319,"[92,113,126,146]"
Real/real_44_aug_4.jpg,REAL,1,ONE_FACE,0.9283,"[34,156,131,152]"
Real/real_450_aug_0.jpg,REAL,1,ONE_FACE,0.8766,"[86,49,240,332]"
Real/real_450_aug_1.jpg,REAL,1,ONE_FACE,0.9021,"[46,-10,244,302]"
Real/real_450_aug_2.jpg,REAL,1,ONE_FACE,0.9352,"[14,9,240,292]"
Real/real_450_aug_3.jpg,REAL,1,ONE_FACE,0.8466,"[-18,6,244,265]"
Real/real_450_aug_4.jpg,REAL,1,ONE_FACE,0.9041,"[5,4,281,297]"
Real/real_451_aug_0.jpg,REAL,1,ONE_FACE,0.9519,"[19,4,232,288]"
Real/real_451_aug_1.jpg,REAL,1,ONE_FACE,0.9513,"[66,3,241,314]"
Real/real_451_aug_2.jpg,REAL,1,ONE_FACE,0.9521,"[95,30,225,325]"
Real/real_451_aug_3.jpg,REAL,1,ONE_FACE,0.8799,"[3,10,255,288]"
Real/real_451_aug_4.jpg,REAL,1,ONE_FACE,0.9564,"[46,1,227,292]"
Real/real_452_aug_0.jpg,REAL,1,ONE_FACE,0.8611,"[-10,13,245,232]"
Real/real_452_aug_1.jpg,REAL,1,ONE_FACE,0.9473,"[14,0,243,282]"
Real/real_452_aug_2.jpg,REAL,1,ONE_FACE,0.8975,"[43,20,270,295]"
Real/real_452_aug_3.jpg,REAL,1,ONE_FACE,0.9464,"[13,5,237,286]"
Real/real_452_aug_4.jpg,REAL,1,ONE_FACE,0.8741,"[-4,-4,229,269]"
Real/real_453_aug_0.jpg,REAL,1,ONE_FACE,0.9198,"[-3,-5,227,288]"
Real/real_453_aug_1.jpg,REAL,1,ONE_FACE,0.7991,"[11,9,148,237]"
Real/real_453_aug_2.jpg,REAL,1,ONE_FACE,0.6977,"[62,6,223,210]"
Real/real_453_aug_3.jpg,REAL,0,NO_FACE,,
Real/real_453_aug_4.jpg,REAL,0,NO_FACE,,
Real/real_454_aug_0.jpg,REAL,1,ONE_FACE,0.9250,"[3,15,150,265]"
Real/real_454_aug_1.jpg,REAL,1,ONE_FACE,0.9225,"[65,6,195,250]"
Real/real_454_aug_2.jpg,REAL,1,ONE_FACE,0.9347,"[126,35,207,306]"
Real/real_454_aug_3.jpg,REAL,1,ONE_FACE,0.9296,"[16,9,197,273]"
Real/real_454_aug_4.jpg,REAL,1,ONE_FACE,0.8839,"[85,19,195,266]"
Real/real_455_aug_0.jpg,REAL,1,ONE_FACE,0.9129,"[51,27,253,275]"
Real/real_455_aug_1.jpg,REAL,1,ONE_FACE,0.9378,"[0,0,200,250]"
Real/real_455_aug_2.jpg,REAL,1,ONE_FACE,0.9303,"[10,2,253,293]"
Real/real_455_aug_3.jpg,REAL,1,ONE_FACE,0.9155,"[-2,10,228,286]"
Real/real_455_aug_4.jpg,REAL,1,ONE_FACE,0.7447,"[8,11,248,252]"
Real/real_456_aug_0.jpg,REAL,1,ONE_FACE,0.7124,"[0,-3,150,221]"
Real/real_456_aug_1.jpg,REAL,1,ONE_FACE,0.8364,"[175,59,154,222]"
Real/real_456_aug_2.jpg,REAL,1,ONE_FACE,0.8735,"[1,13,137,310]"
Real/real_456_aug_3.jpg,REAL,1,ONE_FACE,0.8264,"[174,60,113,191]"
Real/real_456_aug_4.jpg,REAL,1,ONE_FACE,0.9203,"[134,4,149,283]"
Real/real_457_aug_0.jpg,REAL,1,ONE_FACE,0.8833,"[-6,22,278,300]"
Real/real_457_aug_1.jpg,REAL,1,ONE_FACE,0.8842,"[0,21,277,300]"
Real/real_457_aug_2.jpg,REAL,1,ONE_FACE,0.8990,"[-10,-4,249,320]"
Real/real_457_aug_3.jpg,REAL,1,ONE_FACE,0.9551,"[8,0,240,297]"
Real/real_457_aug_4.jpg,REAL,1,ONE_FACE,0.9527,"[-8,-1,230,287]"
Real/real_458_aug_0.jpg,REAL,1,ONE_FACE,0.9332,"[19,7,266,283]"
Real/real_458_aug_1.jpg,REAL,1,ONE_FACE,0.9192,"[0,2,203,254]"
Real/real_458_aug_2.jpg,REAL,1,ONE_FACE,0.9275,"[41,4,241,270]"
Real/real_458_aug_3.jpg,REAL,1,ONE_FACE,0.9002,"[-18,16,291,302]"
Real/real_458_aug_4.jpg,REAL,1,ONE_FACE,0.9112,"[5,5,273,259]"
Real/real_459_aug_0.jpg,REAL,1,ONE_FACE,0.7724,"[47,8,186,241]"
Real/real_459_aug_1.jpg,REAL,1,ONE_FACE,0.6141,"[87,33,172,207]"
Real/real_459_aug_2.jpg,REAL,0,NO_FACE,,
Real/real_459_aug_3.jpg,REAL,1,ONE_FACE,0.8503,"[109,44,216,255]"
Real/real_459_aug_4.jpg,REAL,0,NO_FACE,,
Real/real_45_aug_0.jpg,REAL,1,ONE_FACE,0.8870,"[15,-2,259,317]"
Real/real_45_aug_1.jpg,REAL,1,ONE_FACE,0.8981,"[0,8,228,249]"
Real/real_45_aug_2.jpg,REAL,1,ONE_FACE,0.9364,"[57,1,234,304]"
Real/real_45_aug_3.jpg,REAL,1,ONE_FACE,0.9478,"[15,-5,239,285]"
Real/real_45_aug_4.jpg,REAL,1,ONE_FACE,0.9023,"[20,3,248,307]"
Real/real_460_aug_0.jpg,REAL,1,ONE_FACE,0.9431,"[41,4,224,258]"
Real/real_460_aug_1.jpg,REAL,1,ONE_FACE,0.9433,"[3,8,234,278]"
Real/real_460_aug_2.jpg,REAL,1,ONE_FACE,0.9427,"[13,5,231,304]"
Real/real_460_aug_3.jpg,REAL,1,ONE_FACE,0.9381,"[35,7,237,265]"
Real/real_460_aug_4.jpg,REAL,1,ONE_FACE,0.8959,"[7,2,225,241]"
Real/real_461_aug_0.jpg,REAL,1,ONE_FACE,0.9473,"[44,12,238,285]"
Real/real_461_aug_1.jpg,REAL,1,ONE_FACE,0.9503,"[20,18,241,287]"
Real/real_461_aug_2.jpg,REAL,1,ONE_FACE,0.9290,"[16,21,260,263]"
Real/real_461_aug_3.jpg,REAL,1,ONE_FACE,0.8545,"[24,14,314,343]"
Real/real_461_aug_4.jpg,REAL,1,ONE_FACE,0.8387,"[26,13,223,237]"
Real/real_462_aug_0.jpg,REAL,1,ONE_FACE,0.8687,"[-1,-6,187,252]"
Real/real_462_aug_1.jpg,REAL,1,ONE_FACE,0.9407,"[67,6,225,299]"
Real/real_462_aug_2.jpg,REAL,1,ONE_FACE,0.7936,"[59,33,221,235]"
Real/real_462_aug_3.jpg,REAL,1,ONE_FACE,0.8731,"[1,-2,208,290]"
Real/real_462_aug_4.jpg,REAL,1,ONE_FACE,0.9398,"[35,6,217,293]"
Real/real_463_aug_0.jpg,REAL,1,ONE_FACE,0.8143,"[1,18,202,281]"
Real/real_463_aug_1.jpg,REAL,1,ONE_FACE,0.8655,"[43,19,222,251]"
Real/real_463_aug_2.jpg,REAL,1,ONE_FACE,0.8637,"[64,15,226,252]"
Real/real_463_aug_3.jpg,REAL,1,ONE_FACE,0.8608,"[-2,19,202,272]"
Real/real_463_aug_4.jpg,REAL,1,ONE_FACE,0.8545,"[-3,15,202,310]"
Real/real_464_aug_0.jpg,REAL,0,NO_FACE,,
Real/real_464_aug_1.jpg,REAL,1,ONE_FACE,0.9398,"[32,-3,242,289]"
Real/real_464_aug_2.jpg,REAL,1,ONE_FACE,0.9445,"[8,7,240,310]"
Real/real_464_aug_3.jpg,REAL,1,ONE_FACE,0.9356,"[50,3,247,315]"
Real/real_464_aug_4.jpg,REAL,1,ONE_FACE,0.9461,"[12,0,241,248]"
Real/real_465_aug_0.jpg,REAL,0,NO_FACE,,
Real/real_465_aug_1.jpg,REAL,1,ONE_FACE,0.7489,"[16,96,191,190]"
Real/real_465_aug_2.jpg,REAL,1,ONE_FACE,0.8417,"[45,107,233,211]"
Real/real_465_aug_3.jpg,REAL,1,ONE_FACE,0.7168,"[75,99,232,206]"
Real/real_465_aug_4.jpg,REAL,0,NO_FACE,,
Real/real_466_aug_0.jpg,REAL,1,ONE_FACE,0.8579,"[-3,-3,189,309]"
Real/real_466_aug_1.jpg,REAL,1,ONE_FACE,0.7510,"[8,13,182,283]"
Real/real_466_aug_2.jpg,REAL,1,ONE_FACE,0.8855,"[72,-1,188,261]"
Real/real_466_aug_3.jpg,REAL,1,ONE_FACE,0.8301,"[11,12,223,353]"
Real/real_466_aug_4.jpg,REAL,1,ONE_FACE,0.7584,"[67,27,232,277]"
Real/real_467_aug_0.jpg,REAL,1,ONE_FACE,0.9318,"[37,-5,247,308]"
Real/real_467_aug_1.jpg,REAL,1,ONE_FACE,0.9375,"[65,36,233,295]"
Real/real_467_aug_2.jpg,REAL,1,ONE_FACE,0.9420,"[55,3,213,252]"
Real/real_467_aug_3.jpg,REAL,1,ONE_FACE,0.8981,"[35,21,236,265]"
Real/real_467_aug_4.jpg,REAL,1,ONE_FACE,0.8753,"[29,28,224,285]"
Real/real_468_aug_0.jpg,REAL,1,ONE_FACE,0.9375,"[37,45,248,284]"
Real/real_468_aug_1.jpg,REAL,1,ONE_FACE,0.8758,"[-19,-5,245,254]"
Real/real_468_aug_2.jpg,REAL,1,ONE_FACE,0.9400,"[19,15,243,288]"
Real/real_468_aug_3.jpg,REAL,1,ONE_FACE,0.9513,"[26,1,240,295]"
Real/real_468_aug_4.jpg,REAL,1,ONE_FACE,0.9506,"[4,1,219,236]"
Real/real_469_aug_0.jpg,REAL,1,ONE_FACE,0.9457,"[92,7,216,282]"
Real/real_469_aug_1.jpg,REAL,1,ONE_FACE,0.9497,"[8,13,206,285]"
Real/real_469_aug_2.jpg,REAL,1,ONE_FACE,0.9482,"[17,4,210,238]"
Real/real_469_aug_3.jpg,REAL,1,ONE_FACE,0.7964,"[-7,1,163,195]"
Real/real_469_aug_4.jpg,REAL,1,ONE_FACE,0.9400,"[0,2,169,264]"
Real/real_46_aug_0.jpg,REAL,0,NO_FACE,,
Real/real_46_aug_1.jpg,REAL,1,ONE_FACE,0.8533,"[5,0,192,224]"
Real/real_46_aug_2.jpg,REAL,1,ONE_FACE,0.9238,"[25,27,240,286]"
Real/real_46_aug_3.jpg,REAL,1,ONE_FACE,0.9114,"[12,19,209,261]"
Real/real_46_aug_4.jpg,REAL,1,ONE_FACE,0.9140,"[36,32,213,263]"
Real/real_470_aug_0.jpg,REAL,1,ONE_FACE,0.9532,"[54,-1,222,291]"
Real/real_470_aug_1.jpg,REAL,1,ONE_FACE,0.9142,"[7,14,267,284]"
Real/real_470_aug_2.jpg,REAL,1,ONE_FACE,0.9139,"[11,6,226,269]"
Real/real_470_aug_3.jpg,REAL,1,ONE_FACE,0.8896,"[18,-1,242,306]"
Real/real_470_aug_4.jpg,REAL,1,ONE_FACE,0.8988,"[-2,5,253,280]"
Real/real_471_aug_0.jpg,REAL,1,ONE_FACE,0.9536,"[29,2,238,304]"
Real/real_471_aug_1.jpg,REAL,1,ONE_FACE,0.7784,"[43,45,216,206]"
Real/real_471_aug_2.jpg,REAL,1,ONE_FACE,0.9516,"[19,-6,238,294]"
Real/real_471_aug_3.jpg,REAL,1,ONE_FACE,0.9529,"[74,2,241,301]"
Real/real_471_aug_4.jpg,REAL,1,ONE_FACE,0.9034,"[12,16,261,262]"
Real/real_472_aug_0.jpg,REAL,1,ONE_FACE,0.9101,"[5,11,243,265]"
Real/real_472_aug_1.jpg,REAL,1,ONE_FACE,0.9074,"[8,8,248,245]"
Real/real_472_aug_2.jpg,REAL,1,ONE_FACE,0.9090,"[2,6,262,274]"
Real/real_472_aug_3.jpg,REAL,1,ONE_FACE,0.9547,"[5,-2,244,264]"
Real/real_472_aug_4.jpg,REAL,1,ONE_FACE,0.9103,"[4,9,257,266]"
Real/real_473_aug_0.jpg,REAL,1,ONE_FACE,0.8885,"[16,9,189,229]"
Real/real_473_aug_1.jpg,REAL,1,ONE_FACE,0.8774,"[7,-1,182,221]"
Real/real_473_aug_2.jpg,REAL,1,ONE_FACE,0.9296,"[15,34,176,261]"
Real/real_473_aug_3.jpg,REAL,1,ONE_FACE,0.8643,"[28,-2,202,209]"
Real/real_473_aug_4.jpg,REAL,1,ONE_FACE,0.9369,"[12,31,180,267]"
Real/real_474_aug_0.jpg,REAL,1,ONE_FACE,0.6468,"[26,21,192,203]"
Real/real_474_aug_1.jpg,REAL,1,ONE_FACE,0.6947,"[37,19,185,209]"
Real/real_474_aug_2.jpg,REAL,1,ONE_FACE,0.9321,"[106,79,213,259]"
Real/real_474_aug_3.jpg,REAL,1,ONE_FACE,0.9098,"[40,27,216,239]"
Real/real_474_aug_4.jpg,REAL,1,ONE_FACE,0.9355,"[40,1,188,216]"
Real/real_475_aug_0.jpg,REAL,1,ONE_FACE,0.9143,"[12,42,166,269]"
Real/real_475_aug_1.jpg,REAL,1,ONE_FACE,0.9196,"[52,4,185,274]"
Real/real_475_aug_2.jpg,REAL,1,ONE_FACE,0.8700,"[82,43,190,260]"
Real/real_475_aug_3.jpg,REAL,1,ONE_FACE,0.8795,"[61,36,243,257]"
Real/real_475_aug_4.jpg,REAL,1,ONE_FACE,0.9243,"[59,3,184,283]"
Real/real_476_aug_0.jpg,REAL,1,ONE_FACE,0.9369,"[28,4,233,265]"
Real/real_476_aug_1.jpg,REAL,1,ONE_FACE,0.9425,"[27,1,233,303]"
Real/real_476_aug_2.jpg,REAL,1,ONE_FACE,0.9370,"[28,-1,229,281]"
Real/real_476_aug_3.jpg,REAL,1,ONE_FACE,0.9367,"[3,7,233,278]"
Real/real_476_aug_4.jpg,REAL,1,ONE_FACE,0.8249,"[20,28,274,287]"
Real/real_477_aug_0.jpg,REAL,1,ONE_FACE,0.9404,"[0,10,230,274]"
Real/real_477_aug_1.jpg,REAL,1,ONE_FACE,0.7084,"[26,47,192,226]"
Real/real_477_aug_2.jpg,REAL,1,ONE_FACE,0.9384,"[32,11,244,293]"
Real/real_477_aug_3.jpg,REAL,1,ONE_FACE,0.8123,"[0,0,238,223]"
Real/real_477_aug_4.jpg,REAL,1,ONE_FACE,0.7939,"[5,8,225,198]"
Real/real_478_aug_0.jpg,REAL,1,ONE_FACE,0.9433,"[8,3,247,255]"
Real/real_478_aug_1.jpg,REAL,1,ONE_FACE,0.8674,"[21,24,282,334]"
Real/real_478_aug_2.jpg,REAL,1,ONE_FACE,0.8967,"[-6,13,234,256]"
Real/real_478_aug_3.jpg,REAL,1,ONE_FACE,0.8634,"[10,13,263,314]"
Real/real_478_aug_4.jpg,REAL,1,ONE_FACE,0.9420,"[26,10,240,295]"
Real/real_479_aug_0.jpg,REAL,1,ONE_FACE,0.9419,"[11,6,244,297]"
Real/real_479_aug_1.jpg,REAL,1,ONE_FACE,0.9402,"[3,-3,226,286]"
Real/real_479_aug_2.jpg,REAL,1,ONE_FACE,0.9409,"[-1,3,266,299]"
Real/real_479_aug_3.jpg,REAL,1,ONE_FACE,0.8879,"[3,8,262,313]"
Real/real_479_aug_4.jpg,REAL,1,ONE_FACE,0.9473,"[2,-4,221,279]"
Real/real_47_aug_0.jpg,REAL,1,ONE_FACE,0.9402,"[19,6,267,325]"
Real/real_47_aug_1.jpg,REAL,1,ONE_FACE,0.9324,"[6,14,256,280]"
Real/real_47_aug_2.jpg,REAL,1,ONE_FACE,0.8700,"[20,7,273,290]"
Real/real_47_aug_3.jpg,REAL,1,ONE_FACE,0.8847,"[2,9,263,236]"
Real/real_47_aug_4.jpg,REAL,1,ONE_FACE,0.9126,"[2,60,278,271]"
Real/real_480_aug_0.jpg,REAL,1,ONE_FACE,0.7334,"[-12,10,272,229]"
Real/real_480_aug_1.jpg,REAL,1,ONE_FACE,0.8136,"[-15,8,234,322]"
Real/real_480_aug_2.jpg,REAL,1,ONE_FACE,0.9439,"[66,1,226,252]"
Real/real_480_aug_3.jpg,REAL,1,ONE_FACE,0.9287,"[4,35,229,253]"
Real/real_480_aug_4.jpg,REAL,1,ONE_FACE,0.9402,"[5,12,239,302]"
Real/real_481_aug_0.jpg,REAL,1,ONE_FACE,0.9245,"[11,1,213,244]"
Real/real_481_aug_1.jpg,REAL,1,ONE_FACE,0.9288,"[18,1,222,284]"
Real/real_481_aug_2.jpg,REAL,1,ONE_FACE,0.7832,"[-7,30,276,296]"
Real/real_481_aug_3.jpg,REAL,1,ONE_FACE,0.6657,"[34,10,261,289]"
Real/real_481_aug_4.jpg,REAL,1,ONE_FACE,0.9208,"[23,5,229,318]"
Real/real_482_aug_0.jpg,REAL,1,ONE_FACE,0.8721,"[-4,-1,260,234]"
Real/real_482_aug_1.jpg,REAL,1,ONE_FACE,0.9335,"[-1,2,275,283]"
Real/real_482_aug_2.jpg,REAL,1,ONE_FACE,0.8601,"[-4,-5,264,275]"
Real/real_482_aug_3.jpg,REAL,1,ONE_FACE,0.8508,"[4,6,213,211]"
Real/real_482_aug_4.jpg,REAL,1,ONE_FACE,0.9405,"[-10,1,247,253]"
Real/real_483_aug_0.jpg,REAL,1,ONE_FACE,0.8464,"[21,17,269,260]"
Real/real_483_aug_1.jpg,REAL,1,ONE_FACE,0.8762,"[-6,21,241,259]"
Real/real_483_aug_2.jpg,REAL,1,ONE_FACE,0.8655,"[-5,22,239,253]"
Real/real_483_aug_3.jpg,REAL,1,ONE_FACE,0.9257,"[80,0,224,252]"
Real/real_483_aug_4.jpg,REAL,1,ONE_FACE,0.9321,"[1,6,203,261]"
Real/real_484_aug_0.jpg,REAL,1,ONE_FACE,0.7926,"[17,2,260,281]"
Real/real_484_aug_1.jpg,REAL,1,ONE_FACE,0.8246,"[-13,0,259,228]"
Real/real_484_aug_2.jpg,REAL,1,ONE_FACE,0.8698,"[-4,13,273,258]"
Real/real_484_aug_3.jpg,REAL,1,ONE_FACE,0.9279,"[-1,4,234,276]"
Real/real_484_aug_4.jpg,REAL,1,ONE_FACE,0.9194,"[2,0,185,241]"
Real/real_485_aug_0.jpg,REAL,1,ONE_FACE,0.9428,"[22,28,240,252]"
Real/real_485_aug_1.jpg,REAL,1,ONE_FACE,0.8590,"[49,-10,248,310]"
Real/real_485_aug_2.jpg,REAL,1,ONE_FACE,0.8344,"[13,4,290,260]"
Real/real_485_aug_3.jpg,REAL,1,ONE_FACE,0.9478,"[31,5,223,268]"
Real/real_485_aug_4.jpg,REAL,1,ONE_FACE,0.8627,"[53,12,268,296]"
Real/real_486_aug_0.jpg,REAL,1,ONE_FACE,0.9337,"[119,0,190,293]"
Real/real_486_aug_1.jpg,REAL,1,ONE_FACE,0.9397,"[87,0,195,296]"
Real/real_486_aug_2.jpg,REAL,1,ONE_FACE,0.8629,"[-2,11,179,282]"
Real/real_486_aug_3.jpg,REAL,1,ONE_FACE,0.9380,"[2,6,194,292]"
Real/real_486_aug_4.jpg,REAL,1,ONE_FACE,0.7714,"[102,21,210,268]"
Real/real_487_aug_0.jpg,REAL,1,ONE_FACE,0.9364,"[34,-3,205,249]"
Real/real_487_aug_1.jpg,REAL,1,ONE_FACE,0.9347,"[19,2,192,248]"
Real/real_487_aug_2.jpg,REAL,1,ONE_FACE,0.9385,"[70,9,198,255]"
Real/real_487_aug_3.jpg,REAL,1,ONE_FACE,0.8776,"[25,2,220,219]"
Real/real_487_aug_4.jpg,REAL,1,ONE_FACE,0.9152,"[23,1,241,244]"
Real/real_488_aug_0.jpg,REAL,1,ONE_FACE,0.8770,"[-2,-2,246,251]"
Real/real_488_aug_1.jpg,REAL,1,ONE_FACE,0.9407,"[69,11,220,296]"
Real/real_488_aug_2.jpg,REAL,1,ONE_FACE,0.9221,"[25,18,235,299]"
Real/real_488_aug_3.jpg,REAL,1,ONE_FACE,0.8867,"[67,11,228,291]"
Real/real_488_aug_4.jpg,REAL,1,ONE_FACE,0.9424,"[4,2,213,285]"
Real/real_489_aug_0.jpg,REAL,0,NO_FACE,,
Real/real_489_aug_1.jpg,REAL,0,NO_FACE,,
Real/real_489_aug_2.jpg,REAL,1,ONE_FACE,0.9029,"[-19,0,308,339]"
Real/real_489_aug_3.jpg,REAL,1,ONE_FACE,0.8936,"[39,-11,289,378]"
Real/real_489_aug_4.jpg,REAL,1,ONE_FACE,0.9064,"[3,-6,256,273]"
Real/real_48_aug_0.jpg,REAL,1,ONE_FACE,0.9402,"[15,4,271,281]"
Real/real_48_aug_1.jpg,REAL,1,ONE_FACE,0.8614,"[61,11,221,285]"
Real/real_48_aug_2.jpg,REAL,1,ONE_FACE,0.8936,"[76,7,243,303]"
Real/real_48_aug_3.jpg,REAL,1,ONE_FACE,0.9342,"[42,38,259,281]"
Real/real_48_aug_4.jpg,REAL,1,ONE_FACE,0.7679,"[25,52,226,265]"
Real/real_490_aug_0.jpg,REAL,1,ONE_FACE,0.8579,"[61,47,220,219]"
Real/real_490_aug_1.jpg,REAL,1,ONE_FACE,0.9353,"[2,5,213,274]"
Real/real_490_aug_2.jpg,REAL,1,ONE_FACE,0.8337,"[-2,15,217,247]"
Real/real_490_aug_3.jpg,REAL,1,ONE_FACE,0.9270,"[0,26,179,265]"
Real/real_490_aug_4.jpg,REAL,1,ONE_FACE,0.9241,"[32,79,217,268]"
Real/real_491_aug_0.jpg,REAL,1,ONE_FACE,0.8973,"[20,20,252,275]"
Real/real_491_aug_1.jpg,REAL,1,ONE_FACE,0.9045,"[0,11,204,261]"
Real/real_491_aug_2.jpg,REAL,1,ONE_FACE,0.9191,"[32,18,252,295]"
Real/real_491_aug_3.jpg,REAL,1,ONE_FACE,0.9196,"[31,15,237,256]"
Real/real_491_aug_4.jpg,REAL,1,ONE_FACE,0.9154,"[37,16,248,294]"
Real/real_492_aug_0.jpg,REAL,1,ONE_FACE,0.8343,"[3,28,240,243]"
Real/real_492_aug_1.jpg,REAL,1,ONE_FACE,0.9459,"[7,0,201,229]"
Real/real_492_aug_2.jpg,REAL,1,ONE_FACE,0.9460,"[-3,1,209,205]"
Real/real_492_aug_3.jpg,REAL,1,ONE_FACE,0.9415,"[25,-1,225,254]"
Real/real_492_aug_4.jpg,REAL,1,ONE_FACE,0.9493,"[46,5,220,237]"
Real/real_493_aug_0.jpg,REAL,1,ONE_FACE,0.9011,"[24,18,252,256]"
Real/real_493_aug_1.jpg,REAL,1,ONE_FACE,0.9533,"[6,6,229,281]"
Real/real_493_aug_2.jpg,REAL,1,ONE_FACE,0.8676,"[7,39,216,239]"
Real/real_493_aug_3.jpg,REAL,1,ONE_FACE,0.8986,"[34,32,247,245]"
Real/real_493_aug_4.jpg,REAL,1,ONE_FACE,0.8831,"[34,4,251,232]"
Real/real_494_aug_0.jpg,REAL,1,ONE_FACE,0.9565,"[11,-2,208,263]"
Real/real_494_aug_1.jpg,REAL,1,ONE_FACE,0.8600,"[57,2,235,314]"
Real/real_494_aug_2.jpg,REAL,1,ONE_FACE,0.9554,"[18,-1,225,301]"
Real/real_494_aug_3.jpg,REAL,1,ONE_FACE,0.9539,"[37,3,212,285]"
Real/real_494_aug_4.jpg,REAL,1,ONE_FACE,0.9459,"[18,0,228,275]"
Real/real_495_aug_0.jpg,REAL,1,ONE_FACE,0.7932,"[-8,57,239,214]"
Real/real_495_aug_1.jpg,REAL,1,ONE_FACE,0.9376,"[43,7,240,269]"
Real/real_495_aug_2.jpg,REAL,1,ONE_FACE,0.9268,"[53,4,253,303]"
Real/real_495_aug_3.jpg,REAL,1,ONE_FACE,0.9437,"[71,5,234,246]"
Real/real_495_aug_4.jpg,REAL,1,ONE_FACE,0.8663,"[48,59,270,294]"
Real/real_496_aug_0.jpg,REAL,1,ONE_FACE,0.8601,"[25,1,297,350]"
Real/real_496_aug_1.jpg,REAL,1,ONE_FACE,0.8572,"[1,-1,252,251]"
Real/real_496_aug_2.jpg,REAL,1,ONE_FACE,0.8054,"[7,-7,243,277]"
Real/real_496_aug_3.jpg,REAL,1,ONE_FACE,0.8577,"[10,-3,218,267]"
Real/real_496_aug_4.jpg,REAL,1,ONE_FACE,0.8447,"[19,6,240,263]"
Real/real_497_aug_0.jpg,REAL,1,ONE_FACE,0.9316,"[27,0,196,231]"
Real/real_497_aug_1.jpg,REAL,1,ONE_FACE,0.8731,"[66,16,236,289]"
Real/real_497_aug_2.jpg,REAL,1,ONE_FACE,0.8912,"[19,2,229,249]"
Real/real_497_aug_3.jpg,REAL,1,ONE_FACE,0.8871,"[2,-8,259,251]"
Real/real_497_aug_4.jpg,REAL,1,ONE_FACE,0.8714,"[56,-5,258,286]"
Real/real_498_aug_0.jpg,REAL,1,ONE_FACE,0.8106,"[65,20,167,202]"
Real/real_498_aug_1.jpg,REAL,1,ONE_FACE,0.8834,"[-6,1,214,222]"
Real/real_498_aug_2.jpg,REAL,1,ONE_FACE,0.9365,"[-6,7,215,273]"
Real/real_498_aug_3.jpg,REAL,1,ONE_FACE,0.8125,"[56,22,191,222]"
Real/real_498_aug_4.jpg,REAL,1,ONE_FACE,0.9168,"[2,5,260,297]"
Real/real_499_aug_0.jpg,REAL,0,NO_FACE,,
Real/real_499_aug_1.jpg,REAL,1,ONE_FACE,0.9215,"[41,3,226,249]"
Real/real_499_aug_2.jpg,REAL,0,NO_FACE,,
Real/real_499_aug_3.jpg,REAL,0,NO_FACE,,
Real/real_499_aug_4.jpg,REAL,1,ONE_FACE,0.9019,"[48,3,238,260]"
Real/real_49_aug_0.jpg,REAL,1,ONE_FACE,0.9090,"[0,15,203,277]"
Real/real_49_aug_1.jpg,REAL,1,ONE_FACE,0.7703,"[48,19,172,212]"
Real/real_49_aug_2.jpg,REAL,1,ONE_FACE,0.7719,"[58,21,156,171]"
Real/real_49_aug_3.jpg,REAL,1,ONE_FACE,0.9127,"[66,38,222,252]"
Real/real_49_aug_4.jpg,REAL,1,ONE_FACE,0.9252,"[16,8,216,254]"
Real/real_4_aug_0.jpg,REAL,1,ONE_FACE,0.8976,"[85,20,214,274]"
Real/real_4_aug_1.jpg,REAL,1,ONE_FACE,0.9051,"[70,24,200,247]"
Real/real_4_aug_2.jpg,REAL,1,ONE_FACE,0.9094,"[83,22,216,276]"
Real/real_4_aug_3.jpg,REAL,1,ONE_FACE,0.8395,"[34,6,280,302]"
Real/real_4_aug_4.jpg,REAL,1,ONE_FACE,0.9442,"[-3,-3,205,286]"
Real/real_500_aug_0.jpg,REAL,1,ONE_FACE,0.9076,"[17,9,234,264]"
Real/real_500_aug_1.jpg,REAL,1,ONE_FACE,0.9180,"[-3,11,252,244]"
Real/real_500_aug_2.jpg,REAL,1,ONE_FACE,0.8577,"[77,11,259,293]"
Real/real_500_aug_3.jpg,REAL,1,ONE_FACE,0.9322,"[5,8,209,220]"
Real/real_500_aug_4.jpg,REAL,1,ONE_FACE,0.9620,"[27,7,250,277]"
Real/real_501_aug_0.jpg,REAL,1,ONE_FACE,0.8972,"[5,34,213,283]"
Real/real_501_aug_1.jpg,REAL,1,ONE_FACE,0.6360,"[49,13,217,225]"
Real/real_501_aug_2.jpg,REAL,1,ONE_FACE,0.9025,"[39,30,239,277]"
Real/real_501_aug_3.jpg,REAL,1,ONE_FACE,0.8862,"[33,27,228,268]"
Real/real_501_aug_4.jpg,REAL,1,ONE_FACE,0.8971,"[24,16,228,279]"
Real/real_502_aug_0.jpg,REAL,1,ONE_FACE,0.9486,"[65,15,243,310]"
Real/real_502_aug_1.jpg,REAL,1,ONE_FACE,0.8995,"[37,17,250,276]"
Real/real_502_aug_2.jpg,REAL,1,ONE_FACE,0.9080,"[43,20,245,269]"
Real/real_502_aug_3.jpg,REAL,1,ONE_FACE,0.8881,"[-14,14,275,255]"
Real/real_502_aug_4.jpg,REAL,1,ONE_FACE,0.9430,"[56,13,207,286]"
Real/real_503_aug_0.jpg,REAL,1,ONE_FACE,0.8941,"[6,8,213,255]"
Real/real_503_aug_1.jpg,REAL,1,ONE_FACE,0.9336,"[55,16,194,250]"
Real/real_503_aug_2.jpg,REAL,1,ONE_FACE,0.9320,"[-3,11,206,243]"
Real/real_503_aug_3.jpg,REAL,1,ONE_FACE,0.9383,"[53,12,197,245]"
Real/real_503_aug_4.jpg,REAL,1,ONE_FACE,0.9297,"[5,9,226,275]"
Real/real_504_aug_0.jpg,REAL,1,ONE_FACE,0.8024,"[71,5,210,253]"
Real/real_504_aug_1.jpg,REAL,1,ONE_FACE,0.7768,"[12,7,192,283]"
Real/real_504_aug_2.jpg,REAL,1,ONE_FACE,0.9328,"[63,0,190,249]"
Real/real_504_aug_3.jpg,REAL,1,ONE_FACE,0.8842,"[69,8,217,257]"
Real/real_504_aug_4.jpg,REAL,1,ONE_FACE,0.8998,"[15,-5,178,264]"
Real/real_505_aug_0.jpg,REAL,1,ONE_FACE,0.9427,"[30,9,251,267]"
Real/real_505_aug_1.jpg,REAL,1,ONE_FACE,0.8591,"[18,15,240,237]"
Real/real_505_aug_2.jpg,REAL,1,ONE_FACE,0.7986,"[10,-2,271,293]"
Real/real_505_aug_3.jpg,REAL,1,ONE_FACE,0.9277,"[-6,25,224,239]"
Real/real_505_aug_4.jpg,REAL,1,ONE_FACE,0.8783,"[61,50,236,260]"
Real/real_506_aug_0.jpg,REAL,1,ONE_FACE,0.9471,"[73,23,206,275]"
Real/real_506_aug_1.jpg,REAL,1,ONE_FACE,0.9445,"[41,4,241,235]"
Real/real_506_aug_2.jpg,REAL,1,ONE_FACE,0.8808,"[25,9,254,304]"
Real/real_506_aug_3.jpg,REAL,1,ONE_FACE,0.9593,"[38,5,213,264]"
Real/real_506_aug_4.jpg,REAL,1,ONE_FACE,0.8706,"[25,0,248,307]"
Real/real_507_aug_0.jpg,REAL,1,ONE_FACE,0.9418,"[47,5,236,302]"
Real/real_507_aug_1.jpg,REAL,0,NO_FACE,,
Real/real_507_aug_2.jpg,REAL,1,ONE_FACE,0.8425,"[11,-2,273,262]"
Real/real_507_aug_3.jpg,REAL,1,ONE_FACE,0.7944,"[-15,-2,256,225]"
Real/real_507_aug_4.jpg,REAL,1,ONE_FACE,0.9309,"[10,3,231,299]"
Real/real_508_aug_0.jpg,REAL,1,ONE_FACE,0.9335,"[9,5,217,236]"
Real/real_508_aug_1.jpg,REAL,1,ONE_FACE,0.8730,"[51,13,238,265]"
Real/real_508_aug_2.jpg,REAL,1,ONE_FACE,0.7863,"[8,41,194,235]"
Real/real_508_aug_3.jpg,REAL,1,ONE_FACE,0.8762,"[13,8,205,270]"
Real/real_508_aug_4.jpg,REAL,1,ONE_FACE,0.9276,"[31,3,215,306]"
Real/real_509_aug_0.jpg,REAL,1,ONE_FACE,0.9320,"[52,3,213,249]"
Real/real_509_aug_1.jpg,REAL,1,ONE_FACE,0.9035,"[43,15,251,254]"
Real/real_509_aug_2.jpg,REAL,1,ONE_FACE,0.9425,"[43,0,264,307]"
Real/real_509_aug_3.jpg,REAL,1,ONE_FACE,0.9333,"[34,23,251,262]"
Real/real_509_aug_4.jpg,REAL,1,ONE_FACE,0.8784,"[42,2,233,277]"
Real/real_50_aug_0.jpg,REAL,1,ONE_FACE,0.9334,"[40,29,240,259]"
Real/real_50_aug_1.jpg,REAL,1,ONE_FACE,0.9353,"[5,3,240,267]"
Real/real_50_aug_2.jpg,REAL,1,ONE_FACE,0.9270,"[22,8,251,242]"
Real/real_50_aug_3.jpg,REAL,1,ONE_FACE,0.9412,"[59,0,228,278]"
Real/real_50_aug_4.jpg,REAL,1,ONE_FACE,0.8722,"[65,20,228,238]"
Real/real_510_aug_0.jpg,REAL,0,NO_FACE,,
Real/real_510_aug_1.jpg,REAL,0,NO_FACE,,
Real/real_510_aug_2.jpg,REAL,0,NO_FACE,,
Real/real_510_aug_3.jpg,REAL,0,NO_FACE,,
Real/real_510_aug_4.jpg,REAL,0,NO_FACE,,
Real/real_511_aug_0.jpg,REAL,1,ONE_FACE,0.8475,"[71,19,180,189]"
Real/real_511_aug_1.jpg,REAL,1,ONE_FACE,0.9333,"[83,92,169,208]"
Real/real_511_aug_2.jpg,REAL,1,ONE_FACE,0.9283,"[44,52,174,196]"
Real/real_511_aug_3.jpg,REAL,1,ONE_FACE,0.9240,"[58,94,167,163]"
Real/real_511_aug_4.jpg,REAL,1,ONE_FACE,0.9370,"[65,103,172,190]"
Real/real_512_aug_0.jpg,REAL,1,ONE_FACE,0.8314,"[-1,15,240,240]"
Real/real_512_aug_1.jpg,REAL,1,ONE_FACE,0.9436,"[24,2,268,345]"
Real/real_512_aug_2.jpg,REAL,1,ONE_FACE,0.9335,"[-2,2,270,281]"
Real/real_512_aug_3.jpg,REAL,1,ONE_FACE,0.9306,"[-1,7,264,307]"
Real/real_512_aug_4.jpg,REAL,1,ONE_FACE,0.8555,"[-11,0,279,302]"
Real/real_513_aug_0.jpg,REAL,1,ONE_FACE,0.9190,"[1,0,237,223]"
Real/real_513_aug_1.jpg,REAL,1,ONE_FACE,0.9570,"[12,0,237,268]"
Real/real_513_aug_2.jpg,REAL,1,ONE_FACE,0.9227,"[6,-8,272,307]"
Real/real_513_aug_3.jpg,REAL,1,ONE_FACE,0.9075,"[9,0,205,233]"
Real/real_513_aug_4.jpg,REAL,1,ONE_FACE,0.9253,"[3,3,216,222]"
Real/real_514_aug_0.jpg,REAL,1,ONE_FACE,0.6091,"[28,17,234,282]"
Real/real_514_aug_1.jpg,REAL,0,NO_FACE,,
Real/real_514_aug_2.jpg,REAL,0,NO_FACE,,
Real/real_514_aug_3.jpg,REAL,1,ONE_FACE,0.8686,"[34,29,228,256]"
Real/real_514_aug_4.jpg,REAL,1,ONE_FACE,0.8024,"[34,36,207,245]"
Real/real_515_aug_0.jpg,REAL,1,ONE_FACE,0.8766,"[15,0,238,254]"
Real/real_515_aug_1.jpg,REAL,1,ONE_FACE,0.8826,"[-8,1,239,280]"
Real/real_515_aug_2.jpg,REAL,1,ONE_FACE,0.9068,"[19,-4,273,316]"
Real/real_515_aug_3.jpg,REAL,1,ONE_FACE,0.9023,"[-13,-16,301,339]"
Real/real_515_aug_4.jpg,REAL,1,ONE_FACE,0.9007,"[1,23,291,297]"
Real/real_516_aug_0.jpg,REAL,1,ONE_FACE,0.9187,"[87,0,169,270]"
Real/real_516_aug_1.jpg,REAL,1,ONE_FACE,0.9259,"[94,2,178,274]"
Real/real_516_aug_2.jpg,REAL,1,ONE_FACE,0.8634,"[15,13,200,268]"
Real/real_516_aug_3.jpg,REAL,1,ONE_FACE,0.8672,"[8,1,191,226]"
Real/real_516_aug_4.jpg,REAL,1,ONE_FACE,0.8690,"[3,17,192,266]"
Real/real_517_aug_0.jpg,REAL,1,ONE_FACE,0.8903,"[-3,1,251,279]"
Real/real_517_aug_1.jpg,REAL,1,ONE_FACE,0.6572,"[-6,7,273,275]"
Real/real_517_aug_2.jpg,REAL,1,ONE_FACE,0.8753,"[3,15,238,269]"
Real/real_517_aug_3.jpg,REAL,1,ONE_FACE,0.8387,"[9,20,250,282]"
Real/real_517_aug_4.jpg,REAL,1,ONE_FACE,0.7125,"[4,11,206,275]"
Real/real_518_aug_0.jpg,REAL,0,NO_FACE,,
Real/real_518_aug_1.jpg,REAL,1,ONE_FACE,0.8739,"[4,18,230,238]"
Real/real_518_aug_2.jpg,REAL,1,ONE_FACE,0.6802,"[45,79,219,236]"
Real/real_518_aug_3.jpg,REAL,1,ONE_FACE,0.9004,"[0,15,226,273]"
Real/real_518_aug_4.jpg,REAL,1,ONE_FACE,0.8829,"[72,11,175,230]"
Real/real_519_aug_0.jpg,REAL,1,ONE_FACE,0.9357,"[33,14,190,289]"
Real/real_519_aug_1.jpg,REAL,1,ONE_FACE,0.9331,"[10,12,178,296]"
Real/real_519_aug_2.jpg,REAL,1,ONE_FACE,0.9352,"[1,3,178,293]"
Real/real_519_aug_3.jpg,REAL,1,ONE_FACE,0.9376,"[81,14,190,292]"
Real/real_519_aug_4.jpg,REAL,1,ONE_FACE,0.9393,"[60,1,178,235]"
Real/real_51_aug_0.jpg,REAL,1,ONE_FACE,0.8382,"[-7,7,204,244]"
Real/real_51_aug_1.jpg,REAL,1,ONE_FACE,0.9548,"[50,2,237,270]"
Real/real_51_aug_2.jpg,REAL,1,ONE_FACE,0.9418,"[91,15,189,274]"
Real/real_51_aug_3.jpg,REAL,1,ONE_FACE,0.8954,"[-1,14,242,240]"
Real/real_51_aug_4.jpg,REAL,1,ONE_FACE,0.8945,"[22,16,240,233]"
Real/real_520_aug_0.jpg,REAL,1,ONE_FACE,0.9117,"[29,6,256,251]"
Real/real_520_aug_1.jpg,REAL,1,ONE_FACE,0.9139,"[-7,-2,245,215]"
Real/real_520_aug_2.jpg,REAL,1,ONE_FACE,0.9539,"[7,0,250,297]"
Real/real_520_aug_3.jpg,REAL,1,ONE_FACE,0.8604,"[14,3,231,214]"
Real/real_520_aug_4.jpg,REAL,1,ONE_FACE,0.9583,"[33,-5,251,291]"
Real/real_521_aug_0.jpg,REAL,1,ONE_FACE,0.9249,"[18,11,228,267]"
Real/real_521_aug_1.jpg,REAL,1,ONE_FACE,0.8959,"[26,24,251,256]"
Real/real_521_aug_2.jpg,REAL,1,ONE_FACE,0.6433,"[74,16,216,211]"
Real/real_521_aug_3.jpg,REAL,1,ONE_FACE,0.6572,"[42,17,223,247]"
Real/real_521_aug_4.jpg,REAL,0,NO_FACE,,
Real/real_522_aug_0.jpg,REAL,1,ONE_FACE,0.9422,"[-2,7,252,264]"
Real/real_522_aug_1.jpg,REAL,1,ONE_FACE,0.8855,"[-7,-3,252,274]"
Real/real_522_aug_2.jpg,REAL,1,ONE_FACE,0.9447,"[33,7,258,302]"
Real/real_522_aug_3.jpg,REAL,1,ONE_FACE,0.8725,"[5,12,251,276]"
Real/real_522_aug_4.jpg,REAL,1,ONE_FACE,0.9440,"[-1,5,245,283]"
Real/real_523_aug_0.jpg,REAL,1,ONE_FACE,0.8254,"[36,44,283,269]"
Real/real_523_aug_1.jpg,REAL,1,ONE_FACE,0.8468,"[-4,27,305,287]"
Real/real_523_aug_2.jpg,REAL,1,ONE_FACE,0.9083,"[20,5,279,266]"
Real/real_523_aug_3.jpg,REAL,1,ONE_FACE,0.9012,"[26,2,284,221]"
Real/real_523_aug_4.jpg,REAL,1,ONE_FACE,0.8630,"[-4,23,293,289]"
Real/real_524_aug_0.jpg,REAL,0,NO_FACE,,
Real/real_524_aug_1.jpg,REAL,1,ONE_FACE,0.8807,"[63,32,236,321]"
Real/real_524_aug_2.jpg,REAL,1,ONE_FACE,0.8763,"[70,13,225,286]"
Real/real_524_aug_3.jpg,REAL,0,NO_FACE,,
Real/real_524_aug_4.jpg,REAL,0,NO_FACE,,
Real/real_525_aug_0.jpg,REAL,1,ONE_FACE,0.9372,"[69,32,262,329]"
Real/real_525_aug_1.jpg,REAL,1,ONE_FACE,0.9447,"[7,3,268,301]"
Real/real_525_aug_2.jpg,REAL,1,ONE_FACE,0.8988,"[-14,24,252,269]"
Real/real_525_aug_3.jpg,REAL,1,ONE_FACE,0.8320,"[-12,-5,275,325]"
Real/real_525_aug_4.jpg,REAL,1,ONE_FACE,0.9091,"[-1,2,271,307]"
Real/real_526_aug_0.jpg,REAL,1,ONE_FACE,0.9250,"[44,60,229,292]"
Real/real_526_aug_1.jpg,REAL,1,ONE_FACE,0.9421,"[101,1,187,286]"
Real/real_526_aug_2.jpg,REAL,1,ONE_FACE,0.9361,"[54,62,210,258]"
Real/real_526_aug_3.jpg,REAL,1,ONE_FACE,0.8530,"[56,3,203,231]"
Real/real_526_aug_4.jpg,REAL,1,ONE_FACE,0.8137,"[56,2,226,247]"
Real/real_527_aug_0.jpg,REAL,1,ONE_FACE,0.9232,"[82,9,223,290]"
Real/real_527_aug_1.jpg,REAL,1,ONE_FACE,0.6491,"[38,45,234,280]"
Real/real_527_aug_2.jpg,REAL,0,NO_FACE,,
Real/real_527_aug_3.jpg,REAL,1,ONE_FACE,0.9297,"[24,6,245,296]"
Real/real_527_aug_4.jpg,REAL,1,ONE_FACE,0.7707,"[0,16,186,216]"
Real/real_528_aug_0.jpg,REAL,1,ONE_FACE,0.9496,"[-2,2,228,311]"
Real/real_528_aug_1.jpg,REAL,1,ONE_FACE,0.9510,"[44,34,226,287]"
Real/real_528_aug_2.jpg,REAL,1,ONE_FACE,0.8968,"[7,17,224,264]"
Real/real_528_aug_3.jpg,REAL,1,ONE_FACE,0.8542,"[7,26,252,279]"
Real/real_528_aug_4.jpg,REAL,1,ONE_FACE,0.9522,"[0,14,223,282]"
Real/real_529_aug_0.jpg,REAL,1,ONE_FACE,0.9073,"[9,8,227,237]"
Real/real_529_aug_1.jpg,REAL,1,ONE_FACE,0.8967,"[12,7,245,264]"
Real/real_529_aug_2.jpg,REAL,1,ONE_FACE,0.9545,"[49,5,231,255]"
Real/real_529_aug_3.jpg,REAL,1,ONE_FACE,0.9553,"[27,17,234,294]"
Real/real_529_aug_4.jpg,REAL,1,ONE_FACE,0.9432,"[52,44,250,289]"
Real/real_52_aug_0.jpg,REAL,1,ONE_FACE,0.9330,"[102,30,221,304]"
Real/real_52_aug_1.jpg,REAL,1,ONE_FACE,0.9430,"[83,7,232,278]"
Real/real_52_aug_2.jpg,REAL,1,ONE_FACE,0.9417,"[6,9,235,275]"
Real/real_52_aug_3.jpg,REAL,1,ONE_FACE,0.7803,"[15,-4,263,217]"
Real/real_52_aug_4.jpg,REAL,1,ONE_FACE,0.9273,"[20,7,244,278]"
Real/real_530_aug_0.jpg,REAL,1,ONE_FACE,0.8877,"[12,16,277,295]"
Real/real_530_aug_1.jpg,REAL,1,ONE_FACE,0.9090,"[36,25,247,254]"
Real/real_530_aug_2.jpg,REAL,1,ONE_FACE,0.9020,"[22,20,262,289]"
Real/real_530_aug_3.jpg,REAL,1,ONE_FACE,0.9567,"[56,4,237,246]"
Real/real_530_aug_4.jpg,REAL,1,ONE_FACE,0.9011,"[-9,10,283,285]"
Real/real_531_aug_0.jpg,REAL,0,NO_FACE,,
Real/real_531_aug_1.jpg,REAL,0,NO_FACE,,
Real/real_531_aug_2.jpg,REAL,0,NO_FACE,,
Real/real_531_aug_3.jpg,REAL,1,ONE_FACE,0.6583,"[143,16,158,189]"
Real/real_531_aug_4.jpg,REAL,0,NO_FACE,,
Real/real_532_aug_0.jpg,REAL,1,ONE_FACE,0.9435,"[50,40,232,291]"
Real/real_532_aug_1.jpg,REAL,1,ONE_FACE,0.9073,"[29,34,246,266]"
Real/real_532_aug_2.jpg,REAL,1,ONE_FACE,0.8997,"[36,24,247,260]"
Real/real_532_aug_3.jpg,REAL,1,ONE_FACE,0.8851,"[3,1,256,240]"
Real/real_532_aug_4.jpg,REAL,1,ONE_FACE,0.9000,"[41,-5,235,230]"
Real/real_533_aug_0.jpg,REAL,1,ONE_FACE,0.9537,"[23,-2,236,289]"
Real/real_533_aug_1.jpg,REAL,1,ONE_FACE,0.9445,"[41,8,249,292]"
Real/real_533_aug_2.jpg,REAL,1,ONE_FACE,0.9001,"[6,7,251,272]"
Real/real_533_aug_3.jpg,REAL,1,ONE_FACE,0.9507,"[40,0,247,288]"
Real/real_533_aug_4.jpg,REAL,1,ONE_FACE,0.9527,"[21,0,235,283]"
Real/real_534_aug_0.jpg,REAL,1,ONE_FACE,0.8922,"[37,15,250,262]"
Real/real_534_aug_1.jpg,REAL,1,ONE_FACE,0.9042,"[21,6,257,285]"
Real/real_534_aug_2.jpg,REAL,1,ONE_FACE,0.8770,"[15,24,273,291]"
Real/real_534_aug_3.jpg,REAL,1,ONE_FACE,0.9489,"[51,40,235,279]"
Real/real_534_aug_4.jpg,REAL,1,ONE_FACE,0.8979,"[27,10,259,288]"
Real/real_535_aug_0.jpg,REAL,1,ONE_FACE,0.8946,"[115,41,197,258]"
Real/real_535_aug_1.jpg,REAL,1,ONE_FACE,0.7986,"[80,6,218,267]"
Real/real_535_aug_2.jpg,REAL,0,NO_FACE,,
Real/real_535_aug_3.jpg,REAL,1,ONE_FACE,0.8940,"[5,4,155,239]"
Real/real_535_aug_4.jpg,REAL,1,ONE_FACE,0.6180,"[-10,77,194,209]"
Real/real_536_aug_0.jpg,REAL,1,ONE_FACE,0.8037,"[19,49,193,219]"
Real/real_536_aug_1.jpg,REAL,1,ONE_FACE,0.8429,"[0,42,180,247]"
Real/real_536_aug_2.jpg,REAL,1,ONE_FACE,0.8110,"[150,65,181,225]"
Real/real_536_aug_3.jpg,REAL,1,ONE_FACE,0.9353,"[103,5,173,234]"
Real/real_536_aug_4.jpg,REAL,1,ONE_FACE,0.9041,"[-3,43,190,210]"
Real/real_537_aug_0.jpg,REAL,1,ONE_FACE,0.9429,"[61,35,225,283]"
Real/real_537_aug_1.jpg,REAL,1,ONE_FACE,0.9108,"[21,11,242,272]"
Real/real_537_aug_2.jpg,REAL,1,ONE_FACE,0.9554,"[38,3,218,298]"
Real/real_537_aug_3.jpg,REAL,1,ONE_FACE,0.9509,"[12,0,218,253]"
Real/real_537_aug_4.jpg,REAL,1,ONE_FACE,0.9434,"[36,6,236,281]"
Real/real_538_aug_0.jpg,REAL,1,ONE_FACE,0.9564,"[42,4,222,273]"
Real/real_538_aug_1.jpg,REAL,1,ONE_FACE,0.9616,"[15,1,222,230]"
Real/real_538_aug_2.jpg,REAL,1,ONE_FACE,0.9606,"[4,-2,213,269]"
Real/real_538_aug_3.jpg,REAL,1,ONE_FACE,0.8903,"[17,9,242,251]"
Real/real_538_aug_4.jpg,REAL,1,ONE_FACE,0.9385,"[49,47,238,273]"
Real/real_539_aug_0.jpg,REAL,0,NO_FACE,,
Real/real_539_aug_1.jpg,REAL,1,ONE_FACE,0.8694,"[78,16,243,292]"
Real/real_539_aug_2.jpg,REAL,1,ONE_FACE,0.8585,"[62,17,260,271]"
Real/real_539_aug_3.jpg,REAL,1,ONE_FACE,0.8953,"[0,-1,249,276]"
Real/real_539_aug_4.jpg,REAL,1,ONE_FACE,0.8946,"[11,-2,244,259]"
Real/real_53_aug_0.jpg,REAL,1,ONE_FACE,0.8109,"[84,5,201,287]"
Real/real_53_aug_1.jpg,REAL,1,ONE_FACE,0.8836,"[-2,31,217,238]"
Real/real_53_aug_2.jpg,REAL,1,ONE_FACE,0.8966,"[83,58,207,245]"
Real/real_53_aug_3.jpg,REAL,1,ONE_FACE,0.9250,"[70,4,216,234]"
Real/real_53_aug_4.jpg,REAL,1,ONE_FACE,0.9159,"[30,15,212,274]"
Real/real_540_aug_0.jpg,REAL,1,ONE_FACE,0.7700,"[31,74,233,193]"
Real/real_540_aug_1.jpg,REAL,1,ONE_FACE,0.8500,"[13,34,260,263]"
Real/real_540_aug_2.jpg,REAL,1,ONE_FACE,0.8049,"[53,63,254,256]"
Real/real_540_aug_3.jpg,REAL,1,ONE_FACE,0.8457,"[40,29,268,278]"
Real/real_540_aug_4.jpg,REAL,1,ONE_FACE,0.9628,"[6,0,226,277]"
Real/real_541_aug_0.jpg,REAL,1,ONE_FACE,0.8350,"[-2,-1,223,226]"
Real/real_541_aug_1.jpg,REAL,1,ONE_FACE,0.9569,"[31,2,235,282]"
Real/real_541_aug_2.jpg,REAL,1,ONE_FACE,0.8163,"[-8,10,284,293]"
Real/real_541_aug_3.jpg,REAL,1,ONE_FACE,0.8405,"[-4,9,276,230]"
Real/real_541_aug_4.jpg,REAL,1,ONE_FACE,0.8891,"[-8,9,268,268]"
Real/real_542_aug_0.jpg,REAL,1,ONE_FACE,0.9258,"[0,9,248,234]"
Real/real_542_aug_1.jpg,REAL,1,ONE_FACE,0.9089,"[-3,6,245,239]"
Real/real_542_aug_2.jpg,REAL,1,ONE_FACE,0.9080,"[14,-1,295,297]"
Real/real_542_aug_3.jpg,REAL,1,ONE_FACE,0.9119,"[20,22,274,317]"
Real/real_542_aug_4.jpg,REAL,1,ONE_FACE,0.9155,"[11,5,274,300]"
Real/real_543_aug_0.jpg,REAL,1,ONE_FACE,0.9028,"[49,37,235,242]"
Real/real_543_aug_1.jpg,REAL,1,ONE_FACE,0.9265,"[9,2,239,276]"
Real/real_543_aug_2.jpg,REAL,1,ONE_FACE,0.8488,"[21,32,233,233]"
Real/real_543_aug_3.jpg,REAL,1,ONE_FACE,0.8947,"[2,51,230,279]"
Real/real_543_aug_4.jpg,REAL,1,ONE_FACE,0.8995,"[13,10,270,297]"
Real/real_544_aug_0.jpg,REAL,1,ONE_FACE,0.8880,"[8,27,286,243]"
Real/real_544_aug_1.jpg,REAL,1,ONE_FACE,0.9378,"[34,11,262,311]"
Real/real_544_aug_2.jpg,REAL,1,ONE_FACE,0.9503,"[4,0,229,282]"
Real/real_544_aug_3.jpg,REAL,1,ONE_FACE,0.9405,"[32,20,254,283]"
Real/real_544_aug_4.jpg,REAL,1,ONE_FACE,0.9008,"[-8,0,254,279]"
Real/real_545_aug_0.jpg,REAL,1,ONE_FACE,0.9440,"[18,0,248,325]"
Real/real_545_aug_1.jpg,REAL,1,ONE_FACE,0.8969,"[-3,-15,266,328]"
Real/real_545_aug_2.jpg,REAL,1,ONE_FACE,0.8652,"[-3,0,208,239]"
Real/real_545_aug_3.jpg,REAL,1,ONE_FACE,0.9134,"[-5,25,208,234]"
Real/real_545_aug_4.jpg,REAL,1,ONE_FACE,0.9388,"[9,4,272,330]"
Real/real_546_aug_0.jpg,REAL,1,ONE_FACE,0.9308,"[57,5,260,299]"
Real/real_546_aug_1.jpg,REAL,1,ONE_FACE,0.7635,"[0,7,341,346]"
Real/real_546_aug_2.jpg,REAL,1,ONE_FACE,0.7262,"[-6,-8,286,306]"
Real/real_546_aug_3.jpg,REAL,1,ONE_FACE,0.8353,"[2,2,251,237]"
Real/real_546_aug_4.jpg,REAL,1,ONE_FACE,0.7661,"[9,20,302,288]"
Real/real_547_aug_0.jpg,REAL,1,ONE_FACE,0.9539,"[26,2,233,292]"
Real/real_547_aug_1.jpg,REAL,1,ONE_FACE,0.9155,"[31,54,273,263]"
Real/real_547_aug_2.jpg,REAL,1,ONE_FACE,0.8788,"[36,13,240,263]"
Real/real_547_aug_3.jpg,REAL,1,ONE_FACE,0.9168,"[27,26,233,269]"
Real/real_547_aug_4.jpg,REAL,1,ONE_FACE,0.9515,"[30,5,223,263]"
Real/real_548_aug_0.jpg,REAL,1,ONE_FACE,0.8941,"[-5,10,258,269]"
Real/real_548_aug_1.jpg,REAL,1,ONE_FACE,0.9238,"[-6,0,238,255]"
Real/real_548_aug_2.jpg,REAL,1,ONE_FACE,0.8987,"[-4,0,259,261]"
Real/real_548_aug_3.jpg,REAL,1,ONE_FACE,0.9024,"[-4,3,273,251]"
Real/real_548_aug_4.jpg,REAL,1,ONE_FACE,0.9609,"[-6,-7,207,276]"
Real/real_549_aug_0.jpg,REAL,1,ONE_FACE,0.8682,"[-3,8,290,275]"
Real/real_549_aug_1.jpg,REAL,1,ONE_FACE,0.8924,"[31,56,271,309]"
Real/real_549_aug_2.jpg,REAL,1,ONE_FACE,0.9366,"[3,0,247,304]"
Real/real_549_aug_3.jpg,REAL,1,ONE_FACE,0.9374,"[42,16,260,322]"
Real/real_549_aug_4.jpg,REAL,1,ONE_FACE,0.9432,"[38,45,246,289]"
Real/real_54_aug_0.jpg,REAL,1,ONE_FACE,0.8795,"[-6,-2,207,230]"
Real/real_54_aug_1.jpg,REAL,1,ONE_FACE,0.8847,"[6,4,220,314]"
Real/real_54_aug_2.jpg,REAL,1,ONE_FACE,0.6920,"[28,-9,261,318]"
Real/real_54_aug_3.jpg,REAL,1,ONE_FACE,0.8430,"[117,58,202,243]"
Real/real_54_aug_4.jpg,REAL,1,ONE_FACE,0.6886,"[47,16,223,310]"
Real/real_550_aug_0.jpg,REAL,1,ONE_FACE,0.9495,"[-5,2,210,267]"
Real/real_550_aug_1.jpg,REAL,1,ONE_FACE,0.8592,"[-9,3,258,271]"
Real/real_550_aug_2.jpg,REAL,1,ONE_FACE,0.8660,"[-2,8,254,271]"
Real/real_550_aug_3.jpg,REAL,1,ONE_FACE,0.8465,"[-6,3,269,275]"
Real/real_550_aug_4.jpg,REAL,1,ONE_FACE,0.8912,"[41,1,255,287]"
Real/real_551_aug_0.jpg,REAL,1,ONE_FACE,0.8829,"[51,68,227,238]"
Real/real_551_aug_1.jpg,REAL,1,ONE_FACE,0.8988,"[22,9,234,261]"
Real/real_551_aug_2.jpg,REAL,1,ONE_FACE,0.9000,"[26,12,264,272]"
Real/real_551_aug_3.jpg,REAL,1,ONE_FACE,0.9051,"[31,27,222,262]"
Real/real_551_aug_4.jpg,REAL,1,ONE_FACE,0.9490,"[10,9,206,302]"
Real/real_552_aug_0.jpg,REAL,1,ONE_FACE,0.9587,"[-1,-3,201,274]"
Real/real_552_aug_1.jpg,REAL,1,ONE_FACE,0.9605,"[11,5,219,268]"
Real/real_552_aug_2.jpg,REAL,1,ONE_FACE,0.9571,"[15,-2,242,269]"
Real/real_552_aug_3.jpg,REAL,1,ONE_FACE,0.9414,"[11,5,252,280]"
Real/real_552_aug_4.jpg,REAL,1,ONE_FACE,0.9134,"[42,3,250,306]"
Real/real_553_aug_0.jpg,REAL,1,ONE_FACE,0.9436,"[32,47,239,302]"
Real/real_553_aug_1.jpg,REAL,1,ONE_FACE,0.8347,"[26,50,263,272]"
Real/real_553_aug_2.jpg,REAL,1,ONE_FACE,0.9342,"[2,6,209,279]"
Real/real_553_aug_3.jpg,REAL,1,ONE_FACE,0.8894,"[8,27,264,291]"
Real/real_553_aug_4.jpg,REAL,1,ONE_FACE,0.8550,"[50,72,259,237]"
Real/real_554_aug_0.jpg,REAL,1,ONE_FACE,0.9113,"[26,11,252,330]"
Real/real_554_aug_1.jpg,REAL,1,ONE_FACE,0.8930,"[73,7,240,292]"
Real/real_554_aug_2.jpg,REAL,1,ONE_FACE,0.9039,"[3,3,227,239]"
Real/real_554_aug_3.jpg,REAL,1,ONE_FACE,0.9354,"[0,4,216,326]"
Real/real_554_aug_4.jpg,REAL,1,ONE_FACE,0.9221,"[-1,1,264,258]"
Real/real_555_aug_0.jpg,REAL,1,ONE_FACE,0.9262,"[49,12,205,246]"
Real/real_555_aug_1.jpg,REAL,1,ONE_FACE,0.9237,"[33,22,236,317]"
Real/real_555_aug_2.jpg,REAL,1,ONE_FACE,0.9179,"[6,7,245,288]"
Real/real_555_aug_3.jpg,REAL,0,NO_FACE,,
Real/real_555_aug_4.jpg,REAL,1,ONE_FACE,0.7510,"[-2,32,232,241]"
Real/real_556_aug_0.jpg,REAL,1,ONE_FACE,0.8891,"[28,14,266,249]"
Real/real_556_aug_1.jpg,REAL,1,ONE_FACE,0.9063,"[13,23,243,262]"
Real/real_556_aug_2.jpg,REAL,1,ONE_FACE,0.8840,"[20,80,272,258]"
Real/real_556_aug_3.jpg,REAL,1,ONE_FACE,0.8926,"[58,37,246,269]"
Real/real_556_aug_4.jpg,REAL,1,ONE_FACE,0.8948,"[3,7,280,276]"
Real/real_557_aug_0.jpg,REAL,1,ONE_FACE,0.8911,"[34,-4,258,300]"
Real/real_557_aug_1.jpg,REAL,0,NO_FACE,,
Real/real_557_aug_2.jpg,REAL,1,ONE_FACE,0.9076,"[6,0,240,259]"
Real/real_557_aug_3.jpg,REAL,0,NO_FACE,,
Real/real_557_aug_4.jpg,REAL,1,ONE_FACE,0.8864,"[8,-2,250,370]"
Real/real_558_aug_0.jpg,REAL,1,ONE_FACE,0.9520,"[21,0,263,325]"
Real/real_558_aug_1.jpg,REAL,1,ONE_FACE,0.9558,"[20,6,252,323]"
Real/real_558_aug_2.jpg,REAL,1,ONE_FACE,0.9564,"[28,5,247,283]"
Real/real_558_aug_3.jpg,REAL,1,ONE_FACE,0.9117,"[-6,1,260,247]"
Real/real_558_aug_4.jpg,REAL,1,ONE_FACE,0.9470,"[25,4,254,319]"
Real/real_559_aug_0.jpg,REAL,1,ONE_FACE,0.9169,"[8,3,197,211]"
Real/real_559_aug_1.jpg,REAL,0,NO_FACE,,
Real/real_559_aug_2.jpg,REAL,0,NO_FACE,,
Real/real_559_aug_3.jpg,REAL,1,ONE_FACE,0.9076,"[27,8,210,240]"
Real/real_559_aug_4.jpg,REAL,0,NO_FACE,,
Real/real_55_aug_0.jpg,REAL,0,NO_FACE,,
Real/real_55_aug_1.jpg,REAL,0,NO_FACE,,
Real/real_55_aug_2.jpg,REAL,0,NO_FACE,,
Real/real_55_aug_3.jpg,REAL,1,ONE_FACE,0.8680,"[7,16,280,307]"
Real/real_55_aug_4.jpg,REAL,0,NO_FACE,,
Real/real_560_aug_0.jpg,REAL,1,ONE_FACE,0.9031,"[52,57,235,270]"
Real/real_560_aug_1.jpg,REAL,1,ONE_FACE,0.9448,"[48,5,239,258]"
Real/real_560_aug_2.jpg,REAL,1,ONE_FACE,0.9499,"[51,0,226,275]"
Real/real_560_aug_3.jpg,REAL,1,ONE_FACE,0.9468,"[75,3,219,262]"
Real/real_560_aug_4.jpg,REAL,1,ONE_FACE,0.9417,"[3,6,205,241]"
Real/real_561_aug_0.jpg,REAL,1,ONE_FACE,0.9593,"[-2,0,208,314]"
Real/real_561_aug_1.jpg,REAL,1,ONE_FACE,0.9605,"[13,-1,242,263]"
Real/real_561_aug_2.jpg,REAL,1,ONE_FACE,0.9635,"[26,-1,252,278]"
Real/real_561_aug_3.jpg,REAL,1,ONE_FACE,0.9578,"[15,0,222,276]"
Real/real_561_aug_4.jpg,REAL,1,ONE_FACE,0.9002,"[9,9,242,255]"
Real/real_562_aug_0.jpg,REAL,0,NO_FACE,,
Real/real_562_aug_1.jpg,REAL,0,NO_FACE,,
Real/real_562_aug_2.jpg,REAL,1,ONE_FACE,0.8841,"[37,9,168,256]"
Real/real_562_aug_3.jpg,REAL,0,NO_FACE,,
Real/real_562_aug_4.jpg,REAL,1,ONE_FACE,0.8715,"[28,12,185,270]"
Real/real_563_aug_0.jpg,REAL,1,ONE_FACE,0.9417,"[28,2,222,248]"
Real/real_563_aug_1.jpg,REAL,1,ONE_FACE,0.9433,"[1,6,201,279]"
Real/real_563_aug_2.jpg,REAL,1,ONE_FACE,0.9208,"[28,4,245,278]"
Real/real_563_aug_3.jpg,REAL,1,ONE_FACE,0.9414,"[39,5,218,258]"
Real/real_563_aug_4.jpg,REAL,1,ONE_FACE,0.9439,"[25,5,216,252]"
Real/real_564_aug_0.jpg,REAL,1,ONE_FACE,0.9544,"[41,40,207,262]"
Real/real_564_aug_1.jpg,REAL,1,ONE_FACE,0.9121,"[14,4,216,245]"
Real/real_564_aug_2.jpg,REAL,1,ONE_FACE,0.9147,"[40,17,226,257]"
Real/real_564_aug_3.jpg,REAL,1,ONE_FACE,0.9564,"[81,11,208,254]"
Real/real_564_aug_4.jpg,REAL,1,ONE_FACE,0.9217,"[11,11,222,238]"
Real/real_565_aug_0.jpg,REAL,1,ONE_FACE,0.7771,"[-8,5,294,265]"
Real/real_565_aug_1.jpg,REAL,1,ONE_FACE,0.8838,"[-2,5,251,277]"
Real/real_565_aug_2.jpg,REAL,1,ONE_FACE,0.9443,"[47,2,257,288]"
Real/real_565_aug_3.jpg,REAL,1,ONE_FACE,0.9347,"[51,4,251,316]"
Real/real_565_aug_4.jpg,REAL,1,ONE_FACE,0.8909,"[5,11,281,279]"
Real/real_566_aug_0.jpg,REAL,1,ONE_FACE,0.9415,"[35,17,251,285]"
Real/real_566_aug_1.jpg,REAL,1,ONE_FACE,0.8904,"[11,11,278,256]"
Real/real_566_aug_2.jpg,REAL,1,ONE_FACE,0.9439,"[11,18,245,295]"
Real/real_566_aug_3.jpg,REAL,1,ONE_FACE,0.9269,"[19,7,255,262]"
Real/real_566_aug_4.jpg,REAL,1,ONE_FACE,0.8859,"[25,30,250,292]"
Real/real_567_aug_0.jpg,REAL,1,ONE_FACE,0.9000,"[-1,13,256,273]"
Real/real_567_aug_1.jpg,REAL,1,ONE_FACE,0.9193,"[17,28,279,282]"
Real/real_567_aug_2.jpg,REAL,1,ONE_FACE,0.9110,"[-12,14,243,238]"
Real/real_567_aug_3.jpg,REAL,1,ONE_FACE,0.9688,"[6,-1,233,277]"
Real/real_567_aug_4.jpg,REAL,1,ONE_FACE,0.9274,"[24,21,243,252]"
Real/real_568_aug_0.jpg,REAL,1,ONE_FACE,0.8881,"[30,85,201,215]"
Real/real_568_aug_1.jpg,REAL,1,ONE_FACE,0.9229,"[13,23,223,221]"
Real/real_568_aug_2.jpg,REAL,0,NO_FACE,,
Real/real_568_aug_3.jpg,REAL,0,NO_FACE,,
Real/real_568_aug_4.jpg,REAL,1,ONE_FACE,0.8312,"[31,76,166,189]"
Real/real_569_aug_0.jpg,REAL,1,ONE_FACE,0.9009,"[6,5,248,273]"
Real/real_569_aug_1.jpg,REAL,1,ONE_FACE,0.8627,"[0,35,235,282]"
Real/real_569_aug_2.jpg,REAL,1,ONE_FACE,0.9586,"[27,2,243,268]"
Real/real_569_aug_3.jpg,REAL,1,ONE_FACE,0.9247,"[-1,2,233,220]"
Real/real_569_aug_4.jpg,REAL,1,ONE_FACE,0.9535,"[15,0,251,291]"
Real/real_56_aug_0.jpg,REAL,1,ONE_FACE,0.9013,"[22,14,232,260]"
Real/real_56_aug_1.jpg,REAL,1,ONE_FACE,0.8830,"[60,7,228,275]"
Real/real_56_aug_2.jpg,REAL,1,ONE_FACE,0.9152,"[37,36,226,253]"
Real/real_56_aug_3.jpg,REAL,1,ONE_FACE,0.9060,"[6,0,242,256]"
Real/real_56_aug_4.jpg,REAL,1,ONE_FACE,0.8984,"[3,0,169,209]"
Real/real_570_aug_0.jpg,REAL,1,ONE_FACE,0.8764,"[-4,73,240,280]"
Real/real_570_aug_1.jpg,REAL,1,ONE_FACE,0.9346,"[92,74,245,276]"
Real/real_570_aug_2.jpg,REAL,1,ONE_FACE,0.9362,"[0,48,221,234]"
Real/real_570_aug_3.jpg,REAL,1,ONE_FACE,0.9104,"[3,9,245,255]"
Real/real_570_aug_4.jpg,REAL,1,ONE_FACE,0.8922,"[-9,45,243,265]"
Real/real_571_aug_0.jpg,REAL,1,ONE_FACE,0.9204,"[43,1,199,255]"
Real/real_571_aug_1.jpg,REAL,1,ONE_FACE,0.8837,"[15,10,209,225]"
Real/real_571_aug_2.jpg,REAL,1,ONE_FACE,0.9292,"[11,39,217,270]"
Real/real_571_aug_3.jpg,REAL,1,ONE_FACE,0.9299,"[30,19,219,297]"
Real/real_571_aug_4.jpg,REAL,1,ONE_FACE,0.8203,"[0,53,198,211]"
Real/real_572_aug_0.jpg,REAL,1,ONE_FACE,0.9006,"[9,8,224,286]"
Real/real_572_aug_1.jpg,REAL,1,ONE_FACE,0.9565,"[10,4,217,283]"
Real/real_572_aug_2.jpg,REAL,1,ONE_FACE,0.9568,"[6,6,207,249]"
Real/real_572_aug_3.jpg,REAL,1,ONE_FACE,0.8521,"[36,63,259,261]"
Real/real_572_aug_4.jpg,REAL,1,ONE_FACE,0.9324,"[54,49,231,281]"
Real/real_573_aug_0.jpg,REAL,1,ONE_FACE,0.9571,"[16,-1,239,275]"
Real/real_573_aug_1.jpg,REAL,1,ONE_FACE,0.8784,"[-3,12,245,232]"
Real/real_573_aug_2.jpg,REAL,1,ONE_FACE,0.9458,"[36,10,246,279]"
Real/real_573_aug_3.jpg,REAL,1,ONE_FACE,0.9534,"[2,2,224,230]"
Real/real_573_aug_4.jpg,REAL,1,ONE_FACE,0.9296,"[21,12,267,285]"
Real/real_574_aug_0.jpg,REAL,1,ONE_FACE,0.7422,"[30,10,239,260]"
Real/real_574_aug_1.jpg,REAL,0,NO_FACE,,
Real/real_574_aug_2.jpg,REAL,1,ONE_FACE,0.9177,"[46,27,225,280]"
Real/real_574_aug_3.jpg,REAL,1,ONE_FACE,0.9234,"[41,13,212,258]"
Real/real_574_aug_4.jpg,REAL,1,ONE_FACE,0.7014,"[15,-1,251,251]"
Real/real_575_aug_0.jpg,REAL,1,ONE_FACE,0.8983,"[0,12,283,287]"
Real/real_575_aug_1.jpg,REAL,1,ONE_FACE,0.9434,"[32,16,261,285]"
Real/real_575_aug_2.jpg,REAL,1,ONE_FACE,0.9045,"[66,5,223,266]"
Real/real_575_aug_3.jpg,REAL,1,ONE_FACE,0.9503,"[6,1,225,290]"
Real/real_575_aug_4.jpg,REAL,1,ONE_FACE,0.9439,"[7,0,235,235]"
Real/real_576_aug_0.jpg,REAL,1,ONE_FACE,0.9565,"[71,3,239,314]"
Real/real_576_aug_1.jpg,REAL,1,ONE_FACE,0.9001,"[6,9,267,251]"
Real/real_576_aug_2.jpg,REAL,1,ONE_FACE,0.8705,"[5,22,265,250]"
Real/real_576_aug_3.jpg,REAL,1,ONE_FACE,0.9607,"[37,0,243,326]"
Real/real_576_aug_4.jpg,REAL,1,ONE_FACE,0.9473,"[55,18,252,325]"
Real/real_577_aug_0.jpg,REAL,0,NO_FACE,,
Real/real_577_aug_1.jpg,REAL,1,ONE_FACE,0.7523,"[1,-7,230,272]"
Real/real_577_aug_2.jpg,REAL,0,NO_FACE,,
Real/real_577_aug_3.jpg,REAL,1,ONE_FACE,0.8972,"[7,0,264,332]"
Real/real_577_aug_4.jpg,REAL,1,ONE_FACE,0.9237,"[2,17,214,310]"
Real/real_578_aug_0.jpg,REAL,1,ONE_FACE,0.7409,"[54,23,249,269]"
Real/real_578_aug_1.jpg,REAL,1,ONE_FACE,0.9543,"[27,2,233,303]"
Real/real_578_aug_2.jpg,REAL,1,ONE_FACE,0.8364,"[31,45,267,278]"
Real/real_578_aug_3.jpg,REAL,1,ONE_FACE,0.8308,"[24,-2,273,314]"
Real/real_578_aug_4.jpg,REAL,1,ONE_FACE,0.8602,"[11,16,240,246]"
Real/real_579_aug_0.jpg,REAL,1,ONE_FACE,0.8679,"[85,10,217,284]"
Real/real_579_aug_1.jpg,REAL,1,ONE_FACE,0.9386,"[12,4,209,256]"
Real/real_579_aug_2.jpg,REAL,1,ONE_FACE,0.9497,"[59,4,204,258]"
Real/real_579_aug_3.jpg,REAL,1,ONE_FACE,0.8486,"[3,0,244,237]"
Real/real_579_aug_4.jpg,REAL,1,ONE_FACE,0.8705,"[57,7,210,255]"
Real/real_57_aug_0.jpg,REAL,0,NO_FACE,,
Real/real_57_aug_1.jpg,REAL,0,NO_FACE,,
Real/real_57_aug_2.jpg,REAL,0,NO_FACE,,
Real/real_57_aug_3.jpg,REAL,1,ONE_FACE,0.6411,"[-9,12,272,262]"
Real/real_57_aug_4.jpg,REAL,1,ONE_FACE,0.7511,"[26,-5,275,285]"
Real/real_580_aug_0.jpg,REAL,1,ONE_FACE,0.9370,"[56,4,214,297]"
Real/real_580_aug_1.jpg,REAL,1,ONE_FACE,0.8457,"[34,37,214,251]"
Real/real_580_aug_2.jpg,REAL,1,ONE_FACE,0.9289,"[118,40,211,288]"
Real/real_580_aug_3.jpg,REAL,1,ONE_FACE,0.9267,"[71,16,212,298]"
Real/real_580_aug_4.jpg,REAL,1,ONE_FACE,0.8389,"[19,3,260,275]"
Real/real_581_aug_0.jpg,REAL,1,ONE_FACE,0.9577,"[48,7,244,317]"
Real/real_581_aug_1.jpg,REAL,1,ONE_FACE,0.9648,"[0,1,228,269]"
Real/real_581_aug_2.jpg,REAL,1,ONE_FACE,0.8869,"[40,33,264,279]"
Real/real_581_aug_3.jpg,REAL,1,ONE_FACE,0.9640,"[21,3,238,316]"
Real/real_581_aug_4.jpg,REAL,1,ONE_FACE,0.9637,"[34,-4,242,333]"
Real/real_582_aug_0.jpg,REAL,1,ONE_FACE,0.7803,"[14,27,253,260]"
Real/real_582_aug_1.jpg,REAL,1,ONE_FACE,0.9120,"[10,10,241,249]"
Real/real_582_aug_2.jpg,REAL,1,ONE_FACE,0.7774,"[-5,18,238,240]"
Real/real_582_aug_3.jpg,REAL,1,ONE_FACE,0.9023,"[40,26,246,259]"
Real/real_582_aug_4.jpg,REAL,1,ONE_FACE,0.9082,"[-7,3,223,276]"
Real/real_583_aug_0.jpg,REAL,1,ONE_FACE,0.8957,"[-1,-4,259,231]"
Real/real_583_aug_1.jpg,REAL,1,ONE_FACE,0.9337,"[39,0,227,254]"
Real/real_583_aug_2.jpg,REAL,1,ONE_FACE,0.9412,"[3,3,245,286]"
Real/real_583_aug_3.jpg,REAL,1,ONE_FACE,0.8953,"[-9,-5,283,251]"
Real/real_583_aug_4.jpg,REAL,1,ONE_FACE,0.8982,"[-6,6,263,267]"
Real/real_584_aug_0.jpg,REAL,1,ONE_FACE,0.8915,"[-7,4,292,296]"
Real/real_584_aug_1.jpg,REAL,1,ONE_FACE,0.9508,"[30,6,258,306]"
Real/real_584_aug_2.jpg,REAL,1,ONE_FACE,0.8891,"[-5,5,280,290]"
Real/real_584_aug_3.jpg,REAL,1,ONE_FACE,0.8789,"[4,-1,303,279]"
Real/real_584_aug_4.jpg,REAL,1,ONE_FACE,0.9047,"[18,-1,285,297]"
Real/real_585_aug_0.jpg,REAL,1,ONE_FACE,0.8989,"[15,15,242,270]"
Real/real_585_aug_1.jpg,REAL,1,ONE_FACE,0.9440,"[35,2,222,283]"
Real/real_585_aug_2.jpg,REAL,1,ONE_FACE,0.9509,"[14,21,218,300]"
Real/real_585_aug_3.jpg,REAL,1,ONE_FACE,0.8053,"[15,21,230,228]"
Real/real_585_aug_4.jpg,REAL,1,ONE_FACE,0.9409,"[44,11,216,291]"
Real/real_586_aug_0.jpg,REAL,1,ONE_FACE,0.9401,"[83,0,207,274]"
Real/real_586_aug_1.jpg,REAL,1,ONE_FACE,0.7798,"[77,17,217,232]"
Real/real_586_aug_2.jpg,REAL,1,ONE_FACE,0.9245,"[65,11,200,314]"
Real/real_586_aug_3.jpg,REAL,1,ONE_FACE,0.7575,"[113,1,224,323]"
Real/real_586_aug_4.jpg,REAL,1,ONE_FACE,0.9462,"[1,6,191,271]"
Real/real_587_aug_0.jpg,REAL,1,ONE_FACE,0.8477,"[18,8,271,272]"
Real/real_587_aug_1.jpg,REAL,1,ONE_FACE,0.9522,"[17,6,239,313]"
Real/real_587_aug_2.jpg,REAL,1,ONE_FACE,0.9517,"[46,7,232,316]"
Real/real_587_aug_3.jpg,REAL,1,ONE_FACE,0.8874,"[6,4,247,272]"
Real/real_587_aug_4.jpg,REAL,1,ONE_FACE,0.9026,"[-7,61,250,252]"
Real/real_588_aug_0.jpg,REAL,1,ONE_FACE,0.9546,"[12,0,236,273]"
Real/real_588_aug_1.jpg,REAL,1,ONE_FACE,0.9416,"[19,11,265,299]"
Real/real_588_aug_2.jpg,REAL,1,ONE_FACE,0.9528,"[28,10,242,303]"
Real/real_588_aug_3.jpg,REAL,1,ONE_FACE,0.8468,"[43,37,250,264]"
Real/real_588_aug_4.jpg,REAL,1,ONE_FACE,0.9455,"[36,2,215,270]"
Real/real_589_aug_0.jpg,REAL,1,ONE_FACE,0.8914,"[14,0,203,256]"
Real/real_589_aug_1.jpg,REAL,1,ONE_FACE,0.6793,"[55,41,206,250]"
Real/real_589_aug_2.jpg,REAL,1,ONE_FACE,0.9158,"[15,-3,161,222]"
Real/real_589_aug_3.jpg,REAL,1,ONE_FACE,0.8787,"[43,18,191,264]"
Real/real_589_aug_4.jpg,REAL,1,ONE_FACE,0.9127,"[13,-5,153,240]"
Real/real_58_aug_0.jpg,REAL,1,ONE_FACE,0.9344,"[48,6,227,242]"
Real/real_58_aug_1.jpg,REAL,1,ONE_FACE,0.7040,"[-7,-7,221,248]"
Real/real_58_aug_2.jpg,REAL,1,ONE_FACE,0.9149,"[46,17,227,262]"
Real/real_58_aug_3.jpg,REAL,1,ONE_FACE,0.9370,"[74,0,228,315]"
Real/real_58_aug_4.jpg,REAL,1,ONE_FACE,0.9328,"[87,-1,202,270]"
Real/real_59_aug_0.jpg,REAL,1,ONE_FACE,0.8544,"[8,4,295,292]"
Real/real_59_aug_1.jpg,REAL,1,ONE_FACE,0.9382,"[9,5,254,300]"
Real/real_59_aug_2.jpg,REAL,1,ONE_FACE,0.9227,"[2,3,246,263]"
Real/real_59_aug_3.jpg,REAL,1,ONE_FACE,0.8530,"[31,7,272,308]"
Real/real_59_aug_4.jpg,REAL,1,ONE_FACE,0.9326,"[1,1,252,282]"
Real/real_5_aug_0.jpg,REAL,1,ONE_FACE,0.9345,"[53,10,200,251]"
Real/real_5_aug_1.jpg,REAL,1,ONE_FACE,0.8899,"[33,0,201,213]"
Real/real_5_aug_2.jpg,REAL,1,ONE_FACE,0.9357,"[56,7,198,252]"
Real/real_5_aug_3.jpg,REAL,1,ONE_FACE,0.9056,"[71,50,212,244]"
Real/real_5_aug_4.jpg,REAL,1,ONE_FACE,0.9209,"[89,9,179,255]"
Real/real_60_aug_0.jpg,REAL,1,ONE_FACE,0.9134,"[0,1,203,261]"
Real/real_60_aug_1.jpg,REAL,1,ONE_FACE,0.8911,"[-8,0,247,264]"
Real/real_60_aug_2.jpg,REAL,1,ONE_FACE,0.9488,"[19,-1,260,279]"
Real/real_60_aug_3.jpg,REAL,1,ONE_FACE,0.9519,"[7,-1,249,280]"
Real/real_60_aug_4.jpg,REAL,1,ONE_FACE,0.6975,"[15,8,281,277]"
Real/real_61_aug_0.jpg,REAL,1,ONE_FACE,0.8793,"[6,9,211,206]"
Real/real_61_aug_1.jpg,REAL,1,ONE_FACE,0.9374,"[78,31,235,294]"
Real/real_61_aug_2.jpg,REAL,1,ONE_FACE,0.9459,"[-1,2,228,287]"
Real/real_61_aug_3.jpg,REAL,1,ONE_FACE,0.8558,"[-7,-4,278,227]"
Real/real_61_aug_4.jpg,REAL,1,ONE_FACE,0.9378,"[60,4,195,248]"
Real/real_62_aug_0.jpg,REAL,1,ONE_FACE,0.9369,"[101,41,214,277]"
Real/real_62_aug_1.jpg,REAL,1,ONE_FACE,0.9377,"[0,3,188,228]"
Real/real_62_aug_2.jpg,REAL,1,ONE_FACE,0.8686,"[0,49,278,286]"
Real/real_62_aug_3.jpg,REAL,0,NO_FACE,,
Real/real_62_aug_4.jpg,REAL,1,ONE_FACE,0.8566,"[54,17,235,280]"
Real/real_63_aug_0.jpg,REAL,1,ONE_FACE,0.8970,"[-8,1,250,265]"
Real/real_63_aug_1.jpg,REAL,1,ONE_FACE,0.9180,"[0,13,242,272]"
Real/real_63_aug_2.jpg,REAL,1,ONE_FACE,0.8730,"[-9,1,276,319]"
Real/real_63_aug_3.jpg,REAL,1,ONE_FACE,0.8695,"[1,14,243,247]"
Real/real_63_aug_4.jpg,REAL,1,ONE_FACE,0.7129,"[75,84,245,252]"
Real/real_64_aug_0.jpg,REAL,0,NO_FACE,,
Real/real_64_aug_1.jpg,REAL,1,ONE_FACE,0.9242,"[0,9,202,254]"
Real/real_64_aug_2.jpg,REAL,1,ONE_FACE,0.9150,"[13,10,255,271]"
Real/real_64_aug_3.jpg,REAL,1,ONE_FACE,0.9068,"[-2,10,191,228]"
Real/real_64_aug_4.jpg,REAL,1,ONE_FACE,0.6858,"[-15,13,218,251]"
Real/real_65_aug_0.jpg,REAL,1,ONE_FACE,0.9053,"[18,8,265,278]"
Real/real_65_aug_1.jpg,REAL,1,ONE_FACE,0.9047,"[5,30,255,259]"
Real/real_65_aug_2.jpg,REAL,1,ONE_FACE,0.9476,"[39,1,250,311]"
Real/real_65_aug_3.jpg,REAL,1,ONE_FACE,0.8328,"[0,13,287,250]"
Real/real_65_aug_4.jpg,REAL,1,ONE_FACE,0.8983,"[7,8,226,264]"
Real/real_66_aug_0.jpg,REAL,1,ONE_FACE,0.8673,"[-6,7,266,233]"
Real/real_66_aug_1.jpg,REAL,1,ONE_FACE,0.9138,"[13,7,265,272]"
Real/real_66_aug_2.jpg,REAL,1,ONE_FACE,0.9483,"[28,6,247,271]"
Real/real_66_aug_3.jpg,REAL,1,ONE_FACE,0.8935,"[17,4,271,300]"
Real/real_66_aug_4.jpg,REAL,1,ONE_FACE,0.8922,"[-3,3,296,306]"
Real/real_67_aug_0.jpg,REAL,0,NO_FACE,,
Real/real_67_aug_1.jpg,REAL,0,NO_FACE,,
Real/real_67_aug_2.jpg,REAL,1,ONE_FACE,0.6092,"[22,0,263,236]"
Real/real_67_aug_3.jpg,REAL,0,NO_FACE,,
Real/real_67_aug_4.jpg,REAL,1,ONE_FACE,0.9283,"[31,11,256,296]"
Real/real_68_aug_0.jpg,REAL,1,ONE_FACE,0.9376,"[27,12,257,315]"
Real/real_68_aug_1.jpg,REAL,1,ONE_FACE,0.8365,"[2,17,276,279]"
Real/real_68_aug_2.jpg,REAL,1,ONE_FACE,0.8919,"[33,67,264,279]"
Real/real_68_aug_3.jpg,REAL,1,ONE_FACE,0.9433,"[53,16,235,306]"
Real/real_68_aug_4.jpg,REAL,1,ONE_FACE,0.9471,"[13,7,260,287]"
Real/real_69_aug_0.jpg,REAL,1,ONE_FACE,0.9602,"[21,2,232,302]"
Real/real_69_aug_1.jpg,REAL,1,ONE_FACE,0.8781,"[42,6,226,310]"
Real/real_69_aug_2.jpg,REAL,1,ONE_FACE,0.9597,"[35,0,232,289]"
Real/real_69_aug_3.jpg,REAL,1,ONE_FACE,0.8734,"[27,17,226,250]"
Real/real_69_aug_4.jpg,REAL,1,ONE_FACE,0.9548,"[1,-3,196,303]"
Real/real_6_aug_0.jpg,REAL,0,NO_FACE,,
Real/real_6_aug_1.jpg,REAL,1,ONE_FACE,0.9322,"[7,0,252,334]"
Real/real_6_aug_2.jpg,REAL,1,ONE_FACE,0.9325,"[2,0,255,320]"
Real/real_6_aug_3.jpg,REAL,1,ONE_FACE,0.9275,"[41,5,243,302]"
Real/real_6_aug_4.jpg,REAL,1,ONE_FACE,0.7453,"[2,5,293,327]"
Real/real_70_aug_0.jpg,REAL,1,ONE_FACE,0.6187,"[17,8,271,225]"
Real/real_70_aug_1.jpg,REAL,0,NO_FACE,,
Real/real_70_aug_2.jpg,REAL,1,ONE_FACE,0.9228,"[20,15,260,296]"
Real/real_70_aug_3.jpg,REAL,1,ONE_FACE,0.9342,"[4,1,269,283]"
Real/real_70_aug_4.jpg,REAL,1,ONE_FACE,0.6649,"[5,-6,220,221]"
Real/real_71_aug_0.jpg,REAL,1,ONE_FACE,0.9378,"[65,29,229,268]"
Real/real_71_aug_1.jpg,REAL,1,ONE_FACE,0.6687,"[26,10,251,225]"
Real/real_71_aug_2.jpg,REAL,1,ONE_FACE,0.7695,"[24,18,236,220]"
Real/real_71_aug_3.jpg,REAL,1,ONE_FACE,0.9387,"[-9,0,232,257]"
Real/real_71_aug_4.jpg,REAL,0,NO_FACE,,
Real/real_72_aug_0.jpg,REAL,1,ONE_FACE,0.7803,"[0,-5,277,263]"
Real/real_72_aug_1.jpg,REAL,1,ONE_FACE,0.9175,"[27,21,245,275]"
Real/real_72_aug_2.jpg,REAL,1,ONE_FACE,0.9304,"[15,4,243,311]"
Real/real_72_aug_3.jpg,REAL,1,ONE_FACE,0.6669,"[14,-2,241,223]"
Real/real_72_aug_4.jpg,REAL,1,ONE_FACE,0.9277,"[46,1,248,259]"
Real/real_73_aug_0.jpg,REAL,1,ONE_FACE,0.8203,"[16,9,249,277]"
Real/real_73_aug_1.jpg,REAL,1,ONE_FACE,0.9452,"[45,7,238,280]"
Real/real_73_aug_2.jpg,REAL,1,ONE_FACE,0.6760,"[44,-17,284,372]"
Real/real_73_aug_3.jpg,REAL,1,ONE_FACE,0.8611,"[-15,-10,275,272]"
Real/real_73_aug_4.jpg,REAL,1,ONE_FACE,0.8334,"[-1,12,251,319]"
Real/real_74_aug_0.jpg,REAL,1,ONE_FACE,0.9578,"[9,-2,224,252]"
Real/real_74_aug_1.jpg,REAL,1,ONE_FACE,0.9467,"[22,7,236,259]"
Real/real_74_aug_2.jpg,REAL,1,ONE_FACE,0.9177,"[91,71,201,252]"
Real/real_74_aug_3.jpg,REAL,1,ONE_FACE,0.8734,"[64,58,265,287]"
Real/real_74_aug_4.jpg,REAL,1,ONE_FACE,0.9392,"[39,18,250,244]"
Real/real_75_aug_0.jpg,REAL,1,ONE_FACE,0.9325,"[7,1,234,251]"
Real/real_75_aug_1.jpg,REAL,1,ONE_FACE,0.7903,"[11,-1,274,291]"
Real/real_75_aug_2.jpg,REAL,0,NO_FACE,,
Real/real_75_aug_3.jpg,REAL,0,NO_FACE,,
Real/real_75_aug_4.jpg,REAL,1,ONE_FACE,0.9304,"[33,6,264,321]"
Real/real_76_aug_0.jpg,REAL,1,ONE_FACE,0.8075,"[19,4,260,266]"
Real/real_76_aug_1.jpg,REAL,1,ONE_FACE,0.7973,"[-10,6,305,320]"
Real/real_76_aug_2.jpg,REAL,1,ONE_FACE,0.8027,"[19,-7,291,312]"
Real/real_76_aug_3.jpg,REAL,1,ONE_FACE,0.9334,"[49,21,253,289]"
Real/real_76_aug_4.jpg,REAL,1,ONE_FACE,0.9403,"[16,9,243,277]"
Real/real_77_aug_0.jpg,REAL,1,ONE_FACE,0.9535,"[29,7,245,314]"
Real/real_77_aug_1.jpg,REAL,1,ONE_FACE,0.9454,"[-9,40,255,279]"
Real/real_77_aug_2.jpg,REAL,1,ONE_FACE,0.9202,"[9,14,258,251]"
Real/real_77_aug_3.jpg,REAL,1,ONE_FACE,0.9468,"[9,14,243,311]"
Real/real_77_aug_4.jpg,REAL,1,ONE_FACE,0.9069,"[-12,-1,240,229]"
Real/real_78_aug_0.jpg,REAL,1,ONE_FACE,0.7732,"[4,2,280,313]"
Real/real_78_aug_1.jpg,REAL,1,ONE_FACE,0.6132,"[23,10,254,255]"
Real/real_78_aug_2.jpg,REAL,1,ONE_FACE,0.6700,"[58,-12,261,342]"
Real/real_78_aug_3.jpg,REAL,1,ONE_FACE,0.9118,"[4,7,274,328]"
Real/real_78_aug_4.jpg,REAL,0,NO_FACE,,
Real/real_79_aug_0.jpg,REAL,1,ONE_FACE,0.8316,"[47,-7,245,282]"
Real/real_79_aug_1.jpg,REAL,1,ONE_FACE,0.9246,"[79,45,203,249]"
Real/real_79_aug_2.jpg,REAL,0,NO_FACE,,
Real/real_79_aug_3.jpg,REAL,1,ONE_FACE,0.9318,"[66,33,209,260]"
Real/real_79_aug_4.jpg,REAL,1,ONE_FACE,0.9389,"[34,14,219,265]"
Real/real_7_aug_0.jpg,REAL,1,ONE_FACE,0.6838,"[-5,18,238,250]"
Real/real_7_aug_1.jpg,REAL,1,ONE_FACE,0.9103,"[51,6,265,332]"
Real/real_7_aug_2.jpg,REAL,1,ONE_FACE,0.9225,"[40,0,246,294]"
Real/real_7_aug_3.jpg,REAL,1,ONE_FACE,0.6056,"[-6,1,254,312]"
Real/real_7_aug_4.jpg,REAL,1,ONE_FACE,0.7581,"[-11,1,243,285]"
Real/real_80_aug_0.jpg,REAL,1,ONE_FACE,0.8785,"[8,2,220,227]"
Real/real_80_aug_1.jpg,REAL,1,ONE_FACE,0.9279,"[58,7,239,305]"
Real/real_80_aug_2.jpg,REAL,1,ONE_FACE,0.9278,"[49,5,204,257]"
Real/real_80_aug_3.jpg,REAL,1,ONE_FACE,0.8528,"[72,-2,245,285]"
Real/real_80_aug_4.jpg,REAL,1,ONE_FACE,0.8123,"[132,23,212,282]"
Real/real_81_aug_0.jpg,REAL,1,ONE_FACE,0.9085,"[52,1,197,254]"
Real/real_81_aug_1.jpg,REAL,1,ONE_FACE,0.8265,"[27,42,249,275]"
Real/real_81_aug_2.jpg,REAL,1,ONE_FACE,0.9148,"[-16,23,241,295]"
Real/real_81_aug_3.jpg,REAL,1,ONE_FACE,0.8746,"[10,2,233,283]"
Real/real_81_aug_4.jpg,REAL,1,ONE_FACE,0.9431,"[35,11,255,316]"
Real/real_82_aug_0.jpg,REAL,1,ONE_FACE,0.9195,"[6,13,269,288]"
Real/real_82_aug_1.jpg,REAL,1,ONE_FACE,0.8089,"[-1,-4,256,296]"
Real/real_82_aug_2.jpg,REAL,1,ONE_FACE,0.8494,"[35,12,225,254]"
Real/real_82_aug_3.jpg,REAL,1,ONE_FACE,0.9447,"[2,1,235,304]"
Real/real_82_aug_4.jpg,REAL,1,ONE_FACE,0.8550,"[33,10,265,293]"
Real/real_83_aug_0.jpg,REAL,1,ONE_FACE,0.9371,"[32,32,240,252]"
Real/real_83_aug_1.jpg,REAL,1,ONE_FACE,0.8923,"[23,18,244,263]"
Real/real_83_aug_2.jpg,REAL,1,ONE_FACE,0.8842,"[0,10,240,255]"
Real/real_83_aug_3.jpg,REAL,1,ONE_FACE,0.9224,"[12,15,275,284]"
Real/real_83_aug_4.jpg,REAL,1,ONE_FACE,0.9468,"[32,0,253,302]"
Real/real_84_aug_0.jpg,REAL,1,ONE_FACE,0.9252,"[22,8,210,243]"
Real/real_84_aug_1.jpg,REAL,1,ONE_FACE,0.9205,"[63,52,220,263]"
Real/real_84_aug_2.jpg,REAL,1,ONE_FACE,0.8975,"[24,12,238,243]"
Real/real_84_aug_3.jpg,REAL,1,ONE_FACE,0.8975,"[-6,45,238,255]"
Real/real_84_aug_4.jpg,REAL,1,ONE_FACE,0.9212,"[30,11,231,287]"
Real/real_85_aug_0.jpg,REAL,1,ONE_FACE,0.9402,"[59,39,257,303]"
Real/real_85_aug_1.jpg,REAL,1,ONE_FACE,0.8616,"[40,4,257,229]"
Real/real_85_aug_2.jpg,REAL,1,ONE_FACE,0.9515,"[19,2,251,294]"
Real/real_85_aug_3.jpg,REAL,1,ONE_FACE,0.9024,"[43,-2,205,249]"
Real/real_85_aug_4.jpg,REAL,1,ONE_FACE,0.8914,"[-15,1,259,259]"
Real/real_86_aug_0.jpg,REAL,1,ONE_FACE,0.9387,"[26,5,251,283]"
Real/real_86_aug_1.jpg,REAL,1,ONE_FACE,0.8394,"[23,7,255,323]"
Real/real_86_aug_2.jpg,REAL,1,ONE_FACE,0.8866,"[4,7,232,273]"
Real/real_86_aug_3.jpg,REAL,1,ONE_FACE,0.8854,"[5,4,242,267]"
Real/real_86_aug_4.jpg,REAL,1,ONE_FACE,0.8971,"[76,9,228,289]"
Real/real_87_aug_0.jpg,REAL,1,ONE_FACE,0.8713,"[28,14,236,280]"
Real/real_87_aug_1.jpg,REAL,1,ONE_FACE,0.8976,"[1,-7,247,290]"
Real/real_87_aug_2.jpg,REAL,1,ONE_FACE,0.9470,"[0,3,210,264]"
Real/real_87_aug_3.jpg,REAL,1,ONE_FACE,0.8920,"[-1,11,241,242]"
Real/real_87_aug_4.jpg,REAL,1,ONE_FACE,0.8708,"[38,0,219,255]"
Real/real_88_aug_0.jpg,REAL,1,ONE_FACE,0.8197,"[59,-5,240,297]"
Real/real_88_aug_1.jpg,REAL,1,ONE_FACE,0.8583,"[37,10,245,285]"
Real/real_88_aug_2.jpg,REAL,1,ONE_FACE,0.9501,"[-4,0,214,272]"
Real/real_88_aug_3.jpg,REAL,1,ONE_FACE,0.8799,"[11,0,246,237]"
Real/real_88_aug_4.jpg,REAL,1,ONE_FACE,0.8819,"[89,30,245,318]"
Real/real_89_aug_0.jpg,REAL,1,ONE_FACE,0.8923,"[71,37,231,304]"
Real/real_89_aug_1.jpg,REAL,1,ONE_FACE,0.8600,"[52,8,252,309]"
Real/real_89_aug_2.jpg,REAL,1,ONE_FACE,0.8931,"[41,9,229,290]"
Real/real_89_aug_3.jpg,REAL,1,ONE_FACE,0.9394,"[37,5,243,326]"
Real/real_89_aug_4.jpg,REAL,1,ONE_FACE,0.9323,"[10,5,246,340]"
Real/real_8_aug_0.jpg,REAL,1,ONE_FACE,0.7797,"[13,0,290,303]"
Real/real_8_aug_1.jpg,REAL,1,ONE_FACE,0.7760,"[41,2,203,234]"
Real/real_8_aug_2.jpg,REAL,1,ONE_FACE,0.9405,"[24,-3,241,291]"
Real/real_8_aug_3.jpg,REAL,1,ONE_FACE,0.7906,"[25,12,269,305]"
Real/real_8_aug_4.jpg,REAL,1,ONE_FACE,0.6998,"[84,46,221,306]"
Real/real_90_aug_0.jpg,REAL,1,ONE_FACE,0.8212,"[89,-1,169,215]"
Real/real_90_aug_1.jpg,REAL,1,ONE_FACE,0.7758,"[42,24,174,203]"
Real/real_90_aug_2.jpg,REAL,0,NO_FACE,,
Real/real_90_aug_3.jpg,REAL,1,ONE_FACE,0.9142,"[0,33,178,281]"
Real/real_90_aug_4.jpg,REAL,1,ONE_FACE,0.9339,"[18,4,202,246]"
Real/real_91_aug_0.jpg,REAL,1,ONE_FACE,0.8610,"[9,11,218,280]"
Real/real_91_aug_1.jpg,REAL,1,ONE_FACE,0.7715,"[24,36,237,259]"
Real/real_91_aug_2.jpg,REAL,1,ONE_FACE,0.8710,"[45,7,239,291]"
Real/real_91_aug_3.jpg,REAL,1,ONE_FACE,0.8972,"[8,16,236,286]"
Real/real_91_aug_4.jpg,REAL,1,ONE_FACE,0.9343,"[64,5,247,273]"
Real/real_92_aug_0.jpg,REAL,1,ONE_FACE,0.9324,"[7,0,158,257]"
Real/real_92_aug_1.jpg,REAL,1,ONE_FACE,0.9524,"[70,3,220,268]"
Real/real_92_aug_2.jpg,REAL,1,ONE_FACE,0.7102,"[3,-2,254,295]"
Real/real_92_aug_3.jpg,REAL,1,ONE_FACE,0.8558,"[-1,2,240,275]"
Real/real_92_aug_4.jpg,REAL,1,ONE_FACE,0.9150,"[12,1,241,269]"
Real/real_93_aug_0.jpg,REAL,1,ONE_FACE,0.9035,"[5,7,256,303]"
Real/real_93_aug_1.jpg,REAL,1,ONE_FACE,0.9209,"[46,14,233,271]"
Real/real_93_aug_2.jpg,REAL,1,ONE_FACE,0.9515,"[0,1,212,246]"
Real/real_93_aug_3.jpg,REAL,1,ONE_FACE,0.9177,"[75,16,244,308]"
Real/real_93_aug_4.jpg,REAL,1,ONE_FACE,0.9458,"[69,41,222,280]"
Real/real_94_aug_0.jpg,REAL,1,ONE_FACE,0.9304,"[22,31,255,290]"
Real/real_94_aug_1.jpg,REAL,1,ONE_FACE,0.7123,"[35,-2,193,199]"
Real/real_94_aug_2.jpg,REAL,1,ONE_FACE,0.9228,"[0,1,219,281]"
Real/real_94_aug_3.jpg,REAL,1,ONE_FACE,0.9311,"[-2,4,231,289]"
Real/real_94_aug_4.jpg,REAL,1,ONE_FACE,0.6672,"[77,86,203,231]"
Real/real_95_aug_0.jpg,REAL,1,ONE_FACE,0.9093,"[12,26,274,269]"
Real/real_95_aug_1.jpg,REAL,1,ONE_FACE,0.9086,"[7,11,290,304]"
Real/real_95_aug_2.jpg,REAL,1,ONE_FACE,0.9486,"[31,8,243,298]"
Real/real_95_aug_3.jpg,REAL,1,ONE_FACE,0.9491,"[15,4,242,283]"
Real/real_95_aug_4.jpg,REAL,1,ONE_FACE,0.9477,"[62,0,203,285]"
Real/real_96_aug_0.jpg,REAL,1,ONE_FACE,0.8786,"[-5,14,226,252]"
Real/real_96_aug_1.jpg,REAL,1,ONE_FACE,0.9463,"[19,1,245,277]"
Real/real_96_aug_2.jpg,REAL,1,ONE_FACE,0.9469,"[70,50,219,274]"
Real/real_96_aug_3.jpg,REAL,1,ONE_FACE,0.8534,"[10,2,269,321]"
Real/real_96_aug_4.jpg,REAL,1,ONE_FACE,0.8853,"[33,4,240,227]"
Real/real_97_aug_0.jpg,REAL,1,ONE_FACE,0.8711,"[6,6,245,234]"
Real/real_97_aug_1.jpg,REAL,1,ONE_FACE,0.9377,"[66,4,229,305]"
Real/real_97_aug_2.jpg,REAL,1,ONE_FACE,0.9043,"[24,20,268,308]"
Real/real_97_aug_3.jpg,REAL,1,ONE_FACE,0.9398,"[6,0,226,257]"
Real/real_97_aug_4.jpg,REAL,1,ONE_FACE,0.9136,"[11,7,231,284]"
Real/real_98_aug_0.jpg,REAL,1,ONE_FACE,0.9387,"[1,0,234,299]"
Real/real_98_aug_1.jpg,REAL,1,ONE_FACE,0.7848,"[12,4,309,305]"
Real/real_98_aug_2.jpg,REAL,1,ONE_FACE,0.9319,"[28,3,230,260]"
Real/real_98_aug_3.jpg,REAL,1,ONE_FACE,0.8327,"[93,11,223,241]"
Real/real_98_aug_4.jpg,REAL,1,ONE_FACE,0.7790,"[-13,4,259,274]"
Real/real_99_aug_0.jpg,REAL,1,ONE_FACE,0.9053,"[32,11,266,297]"
Real/real_99_aug_1.jpg,REAL,1,ONE_FACE,0.9571,"[40,0,215,265]"
Real/real_99_aug_2.jpg,REAL,1,ONE_FACE,0.9519,"[23,1,236,319]"
Real/real_99_aug_3.jpg,REAL,1,ONE_FACE,0.9542,"[14,3,222,266]"
Real/real_99_aug_4.jpg,REAL,1,ONE_FACE,0.9590,"[20,4,243,278]"
Real/real_9_aug_0.jpg,REAL,1,ONE_FACE,0.9064,"[2,0,272,305]"
Real/real_9_aug_1.jpg,REAL,1,ONE_FACE,0.9432,"[-2,2,234,258]"
Real/real_9_aug_2.jpg,REAL,1,ONE_FACE,0.9084,"[21,23,257,302]"
Real/real_9_aug_3.jpg,REAL,1,ONE_FACE,0.9562,"[0,-1,232,259]"
Real/real_9_aug_4.jpg,REAL,1,ONE_FACE,0.9584,"[36,4,225,301]"
